version 2
JvmtiExport can_access_local_variables 0
JvmtiExport can_hotswap_or_post_breakpoint 0
JvmtiExport can_post_on_exceptions 0
# 182 ciObject found
instanceKlass org/springframework/web/client/RestTemplate
ciMethod org/springframework/web/client/RestTemplate exchange (Ljava/net/URI;Lorg/springframework/http/HttpMethod;Lorg/springframework/http/HttpEntity;Ljava/lang/Class;)Lorg/springframework/http/ResponseEntity; 768 0 384 0 -1
ciMethod org/springframework/web/client/RestTemplate httpEntityCallback (Ljava/lang/Object;Ljava/lang/reflect/Type;)Lorg/springframework/web/client/RequestCallback; 512 0 386 0 -1
ciMethod org/springframework/web/client/RestTemplate responseEntityExtractor (Ljava/lang/reflect/Type;)Lorg/springframework/web/client/ResponseExtractor; 772 0 386 0 -1
ciMethod org/springframework/web/client/RestTemplate$ResponseEntityResponseExtractor <init> (Lorg/springframework/web/client/RestTemplate;Ljava/lang/reflect/Type;)V 772 0 386 0 -1
ciMethodData org/springframework/web/client/RestTemplate httpEntityCallback (Ljava/lang/Object;Ljava/lang/reflect/Type;)Lorg/springframework/web/client/RequestCallback; 1 130 orig 80 0 0 0 0 0 0 0 0 0 0 0 0 16 2 0 0 0 0 0 0 0 0 0 0 0 0 0 0 0 0 0 0 0 0 0 0 0 0 0 0 0 0 0 0 0 0 0 0 0 0 0 0 0 0 0 0 0 0 0 0 0 0 0 0 0 0 0 0 0 0 0 0 0 0 0 0 0 0 0 0 data 10 0x70002 0x82 0x0 0x0 0x0 0x9 0x3 0x0 0x0 0x0 oops 0 methods 0
ciMethodData org/springframework/web/client/RestTemplate exchange (Ljava/net/URI;Lorg/springframework/http/HttpMethod;Lorg/springframework/http/HttpEntity;Ljava/lang/Class;)Lorg/springframework/http/ResponseEntity; 1 0 orig 80 0 0 0 0 0 0 0 0 0 0 0 0 16 2 0 0 0 0 0 0 0 0 0 0 0 0 0 0 0 0 0 0 0 0 0 0 0 0 0 0 0 0 0 0 0 0 0 0 0 0 0 0 0 0 0 0 0 0 0 0 0 0 0 0 0 0 0 0 0 0 0 0 0 0 0 0 0 0 0 0 data 50 0x40005 0x0 0x0 0x0 0x0 0x0 0x0 0xc0005 0x0 0x0 0x0 0x0 0x0 0x0 0x180005 0x0 0x0 0x0 0x0 0x0 0x0 0x1b0004 0x0 0x0 0x0 0x0 0x0 0x0 0x1e0002 0x0 0x210004 0x0 0x0 0x0 0x0 0x0 0x0 0x0 0x0 0x0 0x0 0x0 0x0 0x9 0x5 0x0 0x0 0x0 0x0 0x0 oops 0 methods 0
ciMethodData org/springframework/web/client/RestTemplate responseEntityExtractor (Ljava/lang/reflect/Type;)Lorg/springframework/web/client/ResponseExtractor; 1 0 orig 80 0 0 0 0 0 0 0 0 0 0 0 0 16 2 0 0 0 0 0 0 0 0 0 0 0 0 0 0 0 0 0 0 0 0 0 0 0 0 0 0 0 0 0 0 0 0 0 0 0 0 0 0 0 0 0 0 0 0 0 0 0 0 0 0 0 0 0 0 0 0 0 0 0 0 0 0 0 0 0 0 data 9 0x60002 0x0 0x0 0x0 0x0 0x9 0x2 0x0 0x0 oops 0 methods 0
ciInstanceKlass java/lang/Cloneable 1 0 7 100 1 100 1 1 1
# instanceKlass java/lang/invoke/LambdaForm$MH+0x00000210bfbf3400
# instanceKlass java/lang/invoke/LambdaForm$MH+0x00000210bfbf3000
# instanceKlass java/lang/invoke/LambdaForm$DMH+0x00000210bfbf2c00
# instanceKlass java/lang/invoke/LambdaForm$DMH+0x00000210bfbf2800
# instanceKlass java/lang/invoke/LambdaForm$MH+0x00000210bfbf2400
# instanceKlass java/lang/invoke/LambdaForm$DMH+0x00000210bfbf2000
instanceKlass  @bci com/zaxxer/hikari/pool/HikariPool closeConnection (Lcom/zaxxer/hikari/pool/PoolEntry;Ljava/lang/String;)V 23 <appendix> member <vmtarget> ; # com/zaxxer/hikari/pool/HikariPool$$Lambda+0x00000210bfbef990
instanceKlass com/fasterxml/jackson/dataformat/xml/util/XmlInfo
instanceKlass com/fasterxml/jackson/dataformat/xml/annotation/JacksonXmlCData
instanceKlass  @bci org/hibernate/action/internal/EntityUpdateAction postUpdate ()V 13 <appendix> argL0 ; # org/hibernate/action/internal/EntityUpdateAction$$Lambda+0x00000210bfbeef30
instanceKlass  @bci org/hibernate/action/internal/EntityUpdateAction postUpdate ()V 8 <appendix> member <vmtarget> ; # org/hibernate/action/internal/EntityUpdateAction$$Lambda+0x00000210bfbeed08
instanceKlass  @bci org/hibernate/engine/internal/AbstractEntityEntry postUpdate (Ljava/lang/Object;[Ljava/lang/Object;Ljava/lang/Object;)V 59 <appendix> argL0 ; # org/hibernate/engine/internal/AbstractEntityEntry$$Lambda+0x00000210bfbee8a0
instanceKlass  @bci org/hibernate/engine/internal/AbstractEntityEntry postUpdate (Ljava/lang/Object;[Ljava/lang/Object;Ljava/lang/Object;)V 50 <appendix> argL0 ; # org/hibernate/engine/internal/AbstractEntityEntry$$Lambda+0x00000210bfbee680
instanceKlass  @bci org/hibernate/persister/entity/mutation/UpdateCoordinatorStandard doStaticUpdate (Ljava/lang/Object;Ljava/lang/Object;Ljava/lang/Object;[Ljava/lang/Object;[Ljava/lang/Object;Lorg/hibernate/persister/entity/mutation/UpdateCoordinatorStandard$UpdateValuesAnalysisImpl;Lorg/hibernate/engine/spi/SharedSessionContractImplementor;)Lorg/hibernate/generator/values/GeneratedValues; 73 <appendix> member <vmtarget> ; # org/hibernate/persister/entity/mutation/UpdateCoordinatorStandard$$Lambda+0x00000210bfbee458
instanceKlass  @cpi org/hibernate/persister/entity/mutation/UpdateCoordinatorStandard 819 form vmentry <vmtarget> ; # java/lang/invoke/LambdaForm$DMH+0x00000210bfbf1c00
instanceKlass  @bci org/hibernate/persister/entity/mutation/UpdateCoordinatorStandard doStaticUpdate (Ljava/lang/Object;Ljava/lang/Object;Ljava/lang/Object;[Ljava/lang/Object;[Ljava/lang/Object;Lorg/hibernate/persister/entity/mutation/UpdateCoordinatorStandard$UpdateValuesAnalysisImpl;Lorg/hibernate/engine/spi/SharedSessionContractImplementor;)Lorg/hibernate/generator/values/GeneratedValues; 66 <appendix> member <vmtarget> ; # org/hibernate/persister/entity/mutation/UpdateCoordinatorStandard$$Lambda+0x00000210bfbee230
instanceKlass  @bci org/hibernate/persister/entity/mutation/EntityTableMapping$KeyMapping breakDownKeyJdbcValues (Ljava/lang/Object;Lorg/hibernate/persister/entity/mutation/EntityTableMapping$KeyValueConsumer;Lorg/hibernate/engine/spi/SharedSessionContractImplementor;)V 10 <appendix> argL0 ; # org/hibernate/persister/entity/mutation/EntityTableMapping$KeyMapping$$Lambda+0x00000210bfbee010
instanceKlass  @bci org/hibernate/persister/entity/mutation/AbstractMutationCoordinator breakDownKeyJdbcValues (Ljava/lang/Object;Ljava/lang/Object;Lorg/hibernate/engine/spi/SharedSessionContractImplementor;Lorg/hibernate/engine/jdbc/mutation/JdbcValueBindings;Lorg/hibernate/persister/entity/mutation/EntityTableMapping;)V 57 <appendix> member <vmtarget> ; # org/hibernate/persister/entity/mutation/AbstractMutationCoordinator$$Lambda+0x00000210bfbedde8
instanceKlass org/hibernate/persister/entity/mutation/EntityTableMapping$KeyValueConsumer
instanceKlass  @bci org/hibernate/persister/entity/mutation/UpdateCoordinatorStandard decomposeAttributeMapping (Lorg/hibernate/engine/spi/SharedSessionContractImplementor;Lorg/hibernate/engine/jdbc/mutation/JdbcValueBindings;Lorg/hibernate/persister/entity/mutation/EntityTableMapping;Lorg/hibernate/metamodel/mapping/AttributeMapping;Ljava/lang/Object;)V 6 <appendix> argL0 ; # org/hibernate/persister/entity/mutation/UpdateCoordinatorStandard$$Lambda+0x00000210bfbed9c8
instanceKlass  @cpi org/hibernate/persister/entity/mutation/UpdateCoordinatorStandard 843 form vmentry <vmtarget> ; # java/lang/invoke/LambdaForm$DMH+0x00000210bfbf1800
instanceKlass  @bci org/hibernate/persister/entity/mutation/UpdateCoordinatorStandard doStaticUpdate (Ljava/lang/Object;Ljava/lang/Object;Ljava/lang/Object;[Ljava/lang/Object;[Ljava/lang/Object;Lorg/hibernate/persister/entity/mutation/UpdateCoordinatorStandard$UpdateValuesAnalysisImpl;Lorg/hibernate/engine/spi/SharedSessionContractImplementor;)Lorg/hibernate/generator/values/GeneratedValues; 26 <appendix> argL0 ; # org/hibernate/persister/entity/mutation/UpdateCoordinatorStandard$$Lambda+0x00000210bfbed7a8
instanceKlass  @bci org/hibernate/persister/entity/mutation/UpdateCoordinatorStandard performUpdate (Ljava/lang/Object;Ljava/lang/Object;Ljava/lang/Object;[Ljava/lang/Object;Ljava/lang/Object;[Ljava/lang/Object;ZLorg/hibernate/engine/spi/SharedSessionContractImplementor;Lorg/hibernate/metamodel/mapping/EntityVersionMapping;[I[ZZ)Lorg/hibernate/generator/values/GeneratedValues; 30 <appendix> member <vmtarget> ; # org/hibernate/persister/entity/mutation/UpdateCoordinatorStandard$$Lambda+0x00000210bfbed580
instanceKlass  @cpi org/hibernate/persister/entity/mutation/UpdateCoordinatorStandard 689 form vmentry <vmtarget> ; # java/lang/invoke/LambdaForm$DMH+0x00000210bfbf1400
instanceKlass  @bci org/hibernate/persister/entity/mutation/UpdateCoordinatorStandard performUpdate (Ljava/lang/Object;Ljava/lang/Object;Ljava/lang/Object;[Ljava/lang/Object;Ljava/lang/Object;[Ljava/lang/Object;ZLorg/hibernate/engine/spi/SharedSessionContractImplementor;Lorg/hibernate/metamodel/mapping/EntityVersionMapping;[I[ZZ)Lorg/hibernate/generator/values/GeneratedValues; 21 <appendix> member <vmtarget> ; # org/hibernate/persister/entity/mutation/UpdateCoordinatorStandard$$Lambda+0x00000210bfbed358
instanceKlass  @cpi org/hibernate/persister/entity/mutation/UpdateCoordinatorStandard 687 form vmentry <vmtarget> ; # java/lang/invoke/LambdaForm$DMH+0x00000210bfbf1000
instanceKlass  @bci org/hibernate/persister/entity/mutation/UpdateCoordinatorStandard performUpdate (Ljava/lang/Object;Ljava/lang/Object;Ljava/lang/Object;[Ljava/lang/Object;Ljava/lang/Object;[Ljava/lang/Object;ZLorg/hibernate/engine/spi/SharedSessionContractImplementor;Lorg/hibernate/metamodel/mapping/EntityVersionMapping;[I[ZZ)Lorg/hibernate/generator/values/GeneratedValues; 9 <adapter> ; # java/lang/invoke/LambdaForm$MH+0x00000210bfbf0c00
# instanceKlass java/lang/invoke/LambdaForm$DMH+0x00000210bfbf0800
instanceKlass  @bci org/hibernate/persister/entity/mutation/UpdateCoordinatorStandard performUpdate (Ljava/lang/Object;Ljava/lang/Object;Ljava/lang/Object;[Ljava/lang/Object;Ljava/lang/Object;[Ljava/lang/Object;ZLorg/hibernate/engine/spi/SharedSessionContractImplementor;Lorg/hibernate/metamodel/mapping/EntityVersionMapping;[I[ZZ)Lorg/hibernate/generator/values/GeneratedValues; 9 <appendix> form vmentry <vmtarget> ; # java/lang/invoke/LambdaForm$DMH+0x00000210bfbf0400
instanceKlass  @bci org/hibernate/persister/entity/mutation/UpdateCoordinatorStandard performUpdate (Ljava/lang/Object;Ljava/lang/Object;Ljava/lang/Object;[Ljava/lang/Object;Ljava/lang/Object;[Ljava/lang/Object;ZLorg/hibernate/engine/spi/SharedSessionContractImplementor;Lorg/hibernate/metamodel/mapping/EntityVersionMapping;[I[ZZ)Lorg/hibernate/generator/values/GeneratedValues; 9 <appendix> member <vmtarget> ; # org/hibernate/persister/entity/mutation/UpdateCoordinatorStandard$$Lambda+0x00000210bfbed130
instanceKlass  @cpi org/hibernate/persister/entity/mutation/UpdateCoordinatorStandard 685 form vmentry <vmtarget> ; # java/lang/invoke/LambdaForm$DMH+0x00000210bfbf0000
instanceKlass org/hibernate/engine/spi/ExecutableList
instanceKlass org/hibernate/event/internal/DefaultMergeEventListener$1
instanceKlass org/hibernate/event/spi/MergeContext
instanceKlass  @bci org/hibernate/internal/SessionImpl fireMerge (Lorg/hibernate/event/spi/MergeEvent;)Ljava/lang/Object; 16 <appendix> argL0 ; # org/hibernate/internal/SessionImpl$$Lambda+0x00000210bfbec298
instanceKlass  @bci org/hibernate/event/internal/AbstractFlushingEventListener postFlush (Lorg/hibernate/engine/spi/SessionImplementor;)V 35 <appendix> member <vmtarget> ; # org/hibernate/event/internal/AbstractFlushingEventListener$$Lambda+0x00000210bfbebdf8
instanceKlass org/hibernate/engine/spi/Resolution
instanceKlass org/hibernate/engine/internal/NaturalIdResolutionsImpl
instanceKlass  @bci org/hibernate/event/internal/AbstractFlushingEventListener flushCollections (Lorg/hibernate/event/spi/EventSource;Lorg/hibernate/engine/spi/PersistenceContext;)I 146 <appendix> member <vmtarget> ; # org/hibernate/event/internal/AbstractFlushingEventListener$$Lambda+0x00000210bfbeb688
instanceKlass org/hibernate/engine/spi/CollectionEntry
instanceKlass  @bci org/hibernate/event/internal/DefaultFlushEntityEventListener isUpdateNecessary (Lorg/hibernate/event/spi/FlushEntityEvent;Z)Z 54 <appendix> argL0 ; # org/hibernate/event/internal/DefaultFlushEntityEventListener$$Lambda+0x00000210bfbeb258
instanceKlass  @bci org/hibernate/event/internal/DefaultFlushEntityEventListener isUpdateNecessary (Lorg/hibernate/event/spi/FlushEntityEvent;Z)Z 44 <appendix> argL0 ; # org/hibernate/event/internal/DefaultFlushEntityEventListener$$Lambda+0x00000210bfbeb038
instanceKlass org/hibernate/persister/entity/DirtyHelper
instanceKlass org/hibernate/event/internal/DefaultFlushEntityEventListener$1DirtyCheckContextImpl
instanceKlass org/hibernate/action/internal/DelayedPostInsertIdentifier
instanceKlass  @bci org/hibernate/event/internal/AbstractFlushingEventListener flushEntities (Lorg/hibernate/event/spi/FlushEvent;Lorg/hibernate/engine/spi/PersistenceContext;)I 143 <appendix> argL0 ; # org/hibernate/event/internal/AbstractFlushingEventListener$$Lambda+0x00000210bfbea7a0
instanceKlass org/hibernate/engine/internal/EntityEntryContext$EntityEntryCrossRefImpl
instanceKlass org/hibernate/engine/internal/EntityEntryContext$EntityEntryCrossRef
instanceKlass org/hibernate/engine/internal/StatefulPersistenceContext$1
instanceKlass org/hibernate/engine/internal/Versioning
instanceKlass  @bci org/hibernate/action/internal/EntityIdentityInsertAction postInsert ()V 42 <appendix> argL0 ; # org/hibernate/action/internal/EntityIdentityInsertAction$$Lambda+0x00000210bfbe8cc0
instanceKlass  @bci org/hibernate/action/internal/EntityIdentityInsertAction postInsert ()V 37 <appendix> member <vmtarget> ; # org/hibernate/action/internal/EntityIdentityInsertAction$$Lambda+0x00000210bfbe4dd0
instanceKlass org/hibernate/generator/values/internal/GeneratedValuesHelper$1
instanceKlass org/hibernate/query/results/ResultSetMappingSqlSelection
instanceKlass  @bci org/hibernate/query/results/ResultsHelper resolveSqlExpression (Lorg/hibernate/query/results/DomainResultCreationStateImpl;Lorg/hibernate/sql/ast/tree/from/TableReference;Lorg/hibernate/metamodel/mapping/SelectableMapping;I)Lorg/hibernate/sql/ast/tree/expression/Expression; 19 <appendix> member <vmtarget> ; # org/hibernate/query/results/ResultsHelper$$Lambda+0x00000210bfbe8000
instanceKlass  @bci org/hibernate/generator/values/GeneratedValueBasicResultBuilder buildResult (Lorg/hibernate/sql/results/jdbc/spi/JdbcValuesMetadata;ILjava/util/function/BiFunction;Lorg/hibernate/sql/results/graph/DomainResultCreationState;)Lorg/hibernate/sql/results/graph/basic/BasicResult; 20 <appendix> member <vmtarget> ; # org/hibernate/generator/values/GeneratedValueBasicResultBuilder$$Lambda+0x00000210bfbe4400
instanceKlass  @bci org/hibernate/generator/values/internal/GeneratedValuesMappingProducer resolve (Lorg/hibernate/sql/results/jdbc/spi/JdbcValuesMetadata;Lorg/hibernate/engine/spi/LoadQueryInfluencers;Lorg/hibernate/engine/spi/SessionFactoryImplementor;)Lorg/hibernate/sql/results/jdbc/spi/JdbcValuesMapping; 114 <appendix> member <vmtarget> ; # org/hibernate/generator/values/internal/GeneratedValuesMappingProducer$$Lambda+0x00000210bfbe4b98
instanceKlass org/hibernate/query/results/dynamic/DynamicFetchBuilderLegacy
instanceKlass org/hibernate/query/results/dynamic/DynamicFetchBuilderContainer
instanceKlass org/hibernate/query/NativeQuery$FetchReturn
instanceKlass org/hibernate/query/results/dynamic/DynamicFetchBuilder
instanceKlass org/hibernate/query/NativeQuery$ReturnProperty
instanceKlass org/hibernate/query/NativeQuery$ResultNode
instanceKlass org/hibernate/query/results/DomainResultCreationStateImpl$LegacyFetchResolverImpl
instanceKlass org/hibernate/query/results/FromClauseAccessImpl
instanceKlass  @bci org/hibernate/query/results/DomainResultCreationStateImpl <init> (Ljava/lang/String;Lorg/hibernate/sql/results/jdbc/spi/JdbcValuesMetadata;Ljava/util/Map;Ljava/util/function/Consumer;Lorg/hibernate/engine/spi/LoadQueryInfluencers;ZLorg/hibernate/engine/spi/SessionFactoryImplementor;)V 27 <appendix> argL0 ; # org/hibernate/query/results/DomainResultCreationStateImpl$$Lambda+0x00000210bfbe7c40
instanceKlass  @bci org/hibernate/generator/values/internal/GeneratedValuesMappingProducer resolve (Lorg/hibernate/sql/results/jdbc/spi/JdbcValuesMetadata;Lorg/hibernate/engine/spi/LoadQueryInfluencers;Lorg/hibernate/engine/spi/SessionFactoryImplementor;)Lorg/hibernate/sql/results/jdbc/spi/JdbcValuesMapping; 55 <appendix> member <vmtarget> ; # org/hibernate/generator/values/internal/GeneratedValuesMappingProducer$$Lambda+0x00000210bfbe7a08
instanceKlass org/hibernate/query/results/dynamic/LegacyFetchResolver
instanceKlass org/hibernate/query/results/FetchBuilder
instanceKlass org/hibernate/query/results/DomainResultCreationStateImpl
instanceKlass org/postgresql/jdbc/PgResultSetMetaData
instanceKlass org/postgresql/PGResultSetMetaData
instanceKlass org/hibernate/generator/values/internal/GeneratedValuesImpl
instanceKlass org/hibernate/engine/jdbc/internal/ResultSetReturnImpl
instanceKlass  @bci org/hibernate/engine/jdbc/mutation/internal/JdbcValueBindingsImpl beforeStatement (Lorg/hibernate/engine/jdbc/mutation/group/PreparedStatementDetails;)V 41 <appendix> member <vmtarget> ; # org/hibernate/engine/jdbc/mutation/internal/JdbcValueBindingsImpl$$Lambda+0x00000210bfbe3c48
instanceKlass org/hibernate/engine/jdbc/internal/MutationStatementPreparerImpl$StatementPreparationTemplate
instanceKlass org/hibernate/engine/jdbc/internal/MutationStatementPreparerImpl
instanceKlass  @bci org/hibernate/persister/entity/mutation/InsertCoordinatorStandard doStaticInserts (Ljava/lang/Object;[Ljava/lang/Object;Ljava/lang/Object;Lorg/hibernate/engine/spi/SharedSessionContractImplementor;)Lorg/hibernate/generator/values/GeneratedValues; 64 <appendix> argL0 ; # org/hibernate/persister/entity/mutation/InsertCoordinatorStandard$$Lambda+0x00000210bfbe3150
instanceKlass  @cpi org/hibernate/persister/entity/mutation/InsertCoordinatorStandard 373 form vmentry <vmtarget> ; # java/lang/invoke/LambdaForm$DMH+0x00000210bfbe4000
instanceKlass org/hibernate/engine/jdbc/mutation/OperationResultChecker
instanceKlass  @bci org/hibernate/engine/jdbc/mutation/spi/BindingGroup <init> (Ljava/lang/String;)V 14 <appendix> argL0 ; # org/hibernate/engine/jdbc/mutation/spi/BindingGroup$$Lambda+0x00000210bfbe2d10
instanceKlass org/hibernate/engine/jdbc/mutation/spi/Binding
instanceKlass org/hibernate/engine/jdbc/mutation/spi/BindingGroup
instanceKlass  @bci org/hibernate/persister/entity/mutation/InsertCoordinatorStandard decomposeAttribute (Ljava/lang/Object;Lorg/hibernate/engine/spi/SharedSessionContractImplementor;Lorg/hibernate/engine/jdbc/mutation/JdbcValueBindings;Lorg/hibernate/metamodel/mapping/AttributeMapping;)V 15 <appendix> member <vmtarget> ; # org/hibernate/persister/entity/mutation/InsertCoordinatorStandard$$Lambda+0x00000210bfbe2678
instanceKlass  @bci org/hibernate/engine/jdbc/mutation/internal/ModelMutationHelper standardPreparation (Lorg/hibernate/sql/model/PreparableMutationOperation;Lorg/hibernate/generator/values/GeneratedValuesMutationDelegate;Lorg/hibernate/engine/spi/SharedSessionContractImplementor;)Lorg/hibernate/engine/jdbc/mutation/group/PreparedStatementDetails; 8 <appendix> member <vmtarget> ; # org/hibernate/engine/jdbc/mutation/internal/ModelMutationHelper$$Lambda+0x00000210bfbe2450
instanceKlass org/hibernate/engine/jdbc/mutation/internal/PreparedStatementDetailsStandard
instanceKlass org/hibernate/engine/jdbc/mutation/group/PreparedStatementDetails
instanceKlass org/hibernate/engine/jdbc/mutation/internal/ModelMutationHelper
instanceKlass org/hibernate/engine/jdbc/mutation/internal/PreparedStatementGroupSingleTable
instanceKlass org/hibernate/engine/jdbc/mutation/internal/JdbcValueBindingsImpl
instanceKlass org/hibernate/persister/entity/mutation/EntityMutationTarget$1
instanceKlass org/hibernate/engine/jdbc/mutation/JdbcValueBindings
instanceKlass org/hibernate/engine/jdbc/mutation/internal/AbstractMutationExecutor
instanceKlass org/hibernate/engine/jdbc/mutation/internal/JdbcValueBindingsImpl$JdbcValueDescriptorAccess
instanceKlass org/hibernate/sql/model/SelfExecutingUpdateOperation
instanceKlass  @bci org/hibernate/persister/entity/mutation/AbstractMutationCoordinator resolveBatchKeyAccess (ZLorg/hibernate/engine/spi/SharedSessionContractImplementor;)Lorg/hibernate/engine/jdbc/mutation/spi/BatchKeyAccess; 70 <appendix> member <vmtarget> ; # org/hibernate/persister/entity/mutation/AbstractMutationCoordinator$$Lambda+0x00000210bfbe0678
instanceKlass  @bci org/hibernate/persister/entity/mutation/InsertCoordinatorStandard getTableInclusionChecker (Lorg/hibernate/persister/entity/mutation/InsertCoordinatorStandard$InsertValuesAnalysis;)Lorg/hibernate/engine/jdbc/mutation/TableInclusionChecker; 1 <appendix> member <vmtarget> ; # org/hibernate/persister/entity/mutation/InsertCoordinatorStandard$$Lambda+0x00000210bfbe0450
instanceKlass org/hibernate/engine/jdbc/mutation/TableInclusionChecker
instanceKlass  @bci org/hibernate/persister/entity/mutation/InsertCoordinatorStandard$InsertValuesAnalysis <init> (Lorg/hibernate/persister/entity/mutation/EntityMutationTarget;[Ljava/lang/Object;)V 18 <appendix> member <vmtarget> ; # org/hibernate/persister/entity/mutation/InsertCoordinatorStandard$InsertValuesAnalysis$$Lambda+0x00000210bfbe0218
instanceKlass org/hibernate/persister/entity/mutation/InsertCoordinatorStandard$InsertValuesAnalysis
instanceKlass org/hibernate/engine/internal/Nullability
instanceKlass org/hibernate/engine/internal/NonNullableTransientDependencies
instanceKlass org/hibernate/engine/internal/ForeignKeys$Nullifier
instanceKlass org/hibernate/type/TypeHelper
instanceKlass org/hibernate/engine/internal/Cascade
instanceKlass org/hibernate/id/CompositeNestedGeneratedValueGenerator
instanceKlass org/hibernate/id/IdentifierGeneratorAggregator
instanceKlass  @bci org/hibernate/event/internal/AbstractSaveEventListener performSave (Ljava/lang/Object;Ljava/lang/Object;Lorg/hibernate/persister/entity/EntityPersister;ZLjava/lang/Object;Lorg/hibernate/event/spi/EventSource;Z)Ljava/lang/Object; 20 <appendix> argL0 ; # org/hibernate/event/internal/AbstractSaveEventListener$$Lambda+0x00000210bfbdf498
instanceKlass  @bci org/hibernate/event/internal/AbstractSaveEventListener performSave (Ljava/lang/Object;Ljava/lang/Object;Lorg/hibernate/persister/entity/EntityPersister;ZLjava/lang/Object;Lorg/hibernate/event/spi/EventSource;Z)Ljava/lang/Object; 11 <appendix> argL0 ; # org/hibernate/event/internal/AbstractSaveEventListener$$Lambda+0x00000210bfbdf278
instanceKlass org/hibernate/engine/internal/ForeignKeys
instanceKlass org/hibernate/event/internal/DefaultPersistEventListener$1
instanceKlass org/hibernate/event/spi/PersistContext
instanceKlass  @bci org/hibernate/internal/SessionImpl firePersist (Lorg/hibernate/event/spi/PersistEvent;)V 18 <appendix> argL0 ; # org/hibernate/internal/SessionImpl$$Lambda+0x00000210bfbde238
# instanceKlass java/lang/invoke/LambdaForm$MH+0x00000210bfbdc800
instanceKlass org/hibernate/Hibernate
instanceKlass  @bci com/social/post_service/service/PostService createComment (Ljava/lang/Long;Ljava/lang/String;Ljava/lang/Long;Ljava/lang/Long;Ljava/lang/String;)Lcom/social/post_service/entity/Comment; 10 <appendix> argL0 ; # com/social/post_service/service/PostService$$Lambda+0x00000210bfbdb9c0
instanceKlass org/hibernate/loader/ast/internal/CacheEntityLoaderHelper$PersistenceContextEntry
instanceKlass org/hibernate/loader/ast/internal/CacheEntityLoaderHelper
instanceKlass  @bci org/hibernate/internal/SessionImpl fireLoadNoChecks (Lorg/hibernate/event/spi/LoadEvent;Lorg/hibernate/event/spi/LoadEventListener$LoadType;)V 13 <appendix> argL0 ; # org/hibernate/internal/SessionImpl$$Lambda+0x00000210bfbda840
instanceKlass org/hibernate/event/service/spi/EventActionWithParameter
instanceKlass org/hibernate/event/spi/LoadEventListener$LoadType
instanceKlass  @bci org/hibernate/loader/internal/IdentifierLoadAccessImpl load (Ljava/lang/Object;)Ljava/lang/Object; 3 <appendix> member <vmtarget> ; # org/hibernate/loader/internal/IdentifierLoadAccessImpl$$Lambda+0x00000210bfbd9f60
instanceKlass org/hibernate/loader/internal/IdentifierLoadAccessImpl
# instanceKlass java/lang/invoke/LambdaForm$DMH+0x00000210bfbdc400
instanceKlass  @bci org/springframework/data/jpa/repository/support/SimpleJpaRepository getHints ()Ljava/util/Map; 55 <appendix> member <vmtarget> ; # org/springframework/data/jpa/repository/support/SimpleJpaRepository$$Lambda+0x00000210bfbd95e8
instanceKlass  @bci org/springframework/data/jpa/repository/support/QueryHints from ([Lorg/springframework/data/jpa/repository/support/QueryHints;)Lorg/springframework/data/jpa/repository/support/QueryHints; 41 <appendix> member <vmtarget> ; # org/springframework/data/jpa/repository/support/QueryHints$$Lambda+0x00000210bfbd93b0
instanceKlass  @bci org/springframework/data/jpa/repository/support/DefaultQueryHints getFetchGraphs ()Lorg/springframework/data/jpa/repository/support/QueryHints; 22 <appendix> argL0 ; # org/springframework/data/jpa/repository/support/DefaultQueryHints$$Lambda+0x00000210bfbd9190
instanceKlass  @bci org/springframework/data/util/Optionals lambda$mapIfAllPresent$6 (Ljava/util/Optional;Ljava/util/function/BiFunction;Ljava/lang/Object;)Ljava/util/Optional; 3 <appendix> member <vmtarget> ; # org/springframework/data/util/Optionals$$Lambda+0x00000210bfbd8f48
instanceKlass  @bci org/springframework/data/util/Optionals mapIfAllPresent (Ljava/util/Optional;Ljava/util/Optional;Ljava/util/function/BiFunction;)Ljava/util/Optional; 21 <appendix> member <vmtarget> ; # org/springframework/data/util/Optionals$$Lambda+0x00000210bfbd8d00
instanceKlass  @bci org/springframework/data/jpa/repository/support/DefaultQueryHints getFetchGraphs ()Lorg/springframework/data/jpa/repository/support/QueryHints; 14 <appendix> member <vmtarget> ; # org/springframework/data/jpa/repository/support/DefaultQueryHints$$Lambda+0x00000210bfbd8ac8
instanceKlass  @bci org/springframework/data/jpa/repository/support/SimpleJpaRepository getHints ()Ljava/util/Map; 27 <appendix> member <vmtarget> ; # org/springframework/data/jpa/repository/support/SimpleJpaRepository$$Lambda+0x00000210bfbd8698
instanceKlass  @cpi org/springframework/data/jpa/repository/support/SimpleJpaRepository 1032 form vmentry <vmtarget> ; # java/lang/invoke/LambdaForm$DMH+0x00000210bfbdc000
instanceKlass org/springframework/data/jpa/repository/support/DefaultQueryHints
instanceKlass  @bci org/springframework/data/repository/core/support/RepositoryMethodInvoker$RepositoryFragmentMethodInvoker <init> (Lorg/springframework/data/repository/core/support/RepositoryMethodInvoker$RepositoryFragmentMethodInvoker$CoroutineAdapterInformation;Ljava/lang/reflect/Method;Ljava/lang/Object;Ljava/lang/reflect/Method;)V 6 <appendix> member <vmtarget> ; # org/springframework/data/repository/core/support/RepositoryMethodInvoker$RepositoryFragmentMethodInvoker$$Lambda+0x00000210bfbd8220
instanceKlass org/springframework/data/repository/core/support/RepositoryMethodInvoker$RepositoryFragmentMethodInvoker$CoroutineAdapterInformation
instanceKlass  @bci org/springframework/data/repository/core/support/RepositoryComposition$RepositoryFragments findImplementationFragment (Ljava/lang/reflect/Method;)Lorg/springframework/data/repository/core/support/RepositoryFragment; 31 <appendix> member <vmtarget> ; # org/springframework/data/repository/core/support/RepositoryComposition$RepositoryFragments$$Lambda+0x00000210bfbd2400
instanceKlass  @bci org/springframework/data/repository/core/support/RepositoryComposition$RepositoryFragments findImplementationFragment (Ljava/lang/reflect/Method;)Lorg/springframework/data/repository/core/support/RepositoryFragment; 15 <appendix> argL0 ; # org/springframework/data/repository/core/support/RepositoryComposition$RepositoryFragments$$Lambda+0x00000210bfbd2ca0
instanceKlass  @bci org/springframework/data/repository/core/support/RepositoryComposition$RepositoryFragments findImplementationFragment (Ljava/lang/reflect/Method;)Lorg/springframework/data/repository/core/support/RepositoryFragment; 5 <appendix> member <vmtarget> ; # org/springframework/data/repository/core/support/RepositoryComposition$RepositoryFragments$$Lambda+0x00000210bfbd2a48
instanceKlass  @bci org/springframework/data/repository/core/support/RepositoryComposition$RepositoryFragments invoke (Ljava/lang/Class;Lorg/springframework/data/repository/core/support/RepositoryInvocationMulticaster;Ljava/lang/reflect/Method;Ljava/lang/reflect/Method;[Ljava/lang/Object;)Ljava/lang/Object; 7 <appendix> member <vmtarget> ; # org/springframework/data/repository/core/support/RepositoryComposition$RepositoryFragments$$Lambda+0x00000210bfbd2800
instanceKlass org/springframework/jdbc/datasource/DataSourceUtils
instanceKlass  @bci org/springframework/beans/factory/annotation/BeanFactoryAnnotationUtils qualifiedBeanOfType (Lorg/springframework/beans/factory/ListableBeanFactory;Ljava/lang/Class;Ljava/lang/String;)Ljava/lang/Object; 40 <appendix> member <vmtarget> ; # org/springframework/beans/factory/annotation/BeanFactoryAnnotationUtils$$Lambda+0x00000210bfbd3900
instanceKlass  @bci org/springframework/data/jpa/repository/support/CrudMethodMetadataPostProcessor$DefaultCrudMethodMetadata <init> (Ljava/lang/reflect/Method;)V 33 <appendix> argL0 ; # org/springframework/data/jpa/repository/support/CrudMethodMetadataPostProcessor$DefaultCrudMethodMetadata$$Lambda+0x00000210bfbd36b0
instanceKlass jakarta/persistence/QueryHint
instanceKlass org/springframework/data/jpa/repository/support/MutableQueryHints
instanceKlass  @bci org/springframework/data/jpa/repository/support/CrudMethodMetadataPostProcessor$DefaultCrudMethodMetadata <init> (Ljava/lang/reflect/Method;)V 20 <appendix> argL0 ; # org/springframework/data/jpa/repository/support/CrudMethodMetadataPostProcessor$DefaultCrudMethodMetadata$$Lambda+0x00000210bfbd3000
instanceKlass org/springframework/data/jpa/repository/support/CrudMethodMetadataPostProcessor$DefaultCrudMethodMetadata
# instanceKlass java/lang/invoke/LambdaForm$MH+0x00000210bfbd2000
# instanceKlass java/lang/invoke/LambdaForm$MH+0x00000210bfbd1c00
# instanceKlass java/lang/invoke/LambdaForm$MH+0x00000210bfbd1800
# instanceKlass java/lang/invoke/LambdaForm$MH+0x00000210bfbd1400
# instanceKlass java/lang/invoke/LambdaForm$MH+0x00000210bfbd1000
# instanceKlass java/lang/invoke/LambdaForm$MH+0x00000210bfbd0c00
# instanceKlass java/lang/invoke/LambdaForm$MH+0x00000210bfbd0800
# instanceKlass java/lang/invoke/LambdaForm$MH+0x00000210bfbd0400
instanceKlass org/springframework/beans/PropertyAccessorFactory
instanceKlass org/springframework/validation/DefaultMessageCodesResolver
instanceKlass org/springframework/validation/annotation/ValidationAnnotationUtils
instanceKlass  @bci org/springframework/web/servlet/mvc/method/annotation/AbstractMessageConverterMethodArgumentResolver readWithMessageConverters (Lorg/springframework/http/HttpInputMessage;Lorg/springframework/core/MethodParameter;Ljava/lang/reflect/Type;)Ljava/lang/Object; 660 <appendix> member <vmtarget> ; # org/springframework/web/servlet/mvc/method/annotation/AbstractMessageConverterMethodArgumentResolver$$Lambda+0x00000210bfbd6a10
instanceKlass org/springframework/web/servlet/mvc/method/annotation/AbstractMessageConverterMethodArgumentResolver$1
instanceKlass org/springframework/web/servlet/mvc/method/annotation/AbstractMessageConverterMethodArgumentResolver$EmptyBodyCheckingHttpInputMessage
instanceKlass org/springframework/security/web/firewall/StrictHttpFirewall$StrictFirewalledRequest$2
instanceKlass org/apache/tomcat/util/http/NamesEnumerator
instanceKlass  @bci org/springframework/transaction/support/AbstractPlatformTransactionManager processCommit (Lorg/springframework/transaction/support/DefaultTransactionStatus;)V 285 <appendix> member <vmtarget> ; # org/springframework/transaction/support/AbstractPlatformTransactionManager$$Lambda+0x00000210bfbd5ec8
instanceKlass  @bci org/hibernate/engine/internal/EntityEntryContext downgradeLocks ()V 1 <appendix> argL0 ; # org/hibernate/engine/internal/EntityEntryContext$$Lambda+0x00000210bfbd5c98
instanceKlass  @bci org/hibernate/internal/SessionImpl doFlush ()V 46 <appendix> argL0 ; # org/hibernate/internal/SessionImpl$$Lambda+0x00000210bfbd57c8
instanceKlass  @bci org/springframework/transaction/support/AbstractPlatformTransactionManager processCommit (Lorg/springframework/transaction/support/DefaultTransactionStatus;)V 117 <appendix> member <vmtarget> ; # org/springframework/transaction/support/AbstractPlatformTransactionManager$$Lambda+0x00000210bfbd5590
instanceKlass  @bci com/social/post_service/service/CommentService getCommentsByPostId (Ljava/lang/Long;)Ljava/util/List; 18 <appendix> member <vmtarget> ; # com/social/post_service/service/CommentService$$Lambda+0x00000210bfbd5348
instanceKlass org/postgresql/core/ResultHandlerDelegate
instanceKlass  @bci org/hibernate/internal/SessionImpl autoFlushIfRequired (Ljava/util/Set;Z)Z 32 <appendix> argL0 ; # org/hibernate/internal/SessionImpl$$Lambda+0x00000210bfbd4bd0
instanceKlass  @bci org/hibernate/internal/SessionImpl autoPreFlush ()V 20 <appendix> argL0 ; # org/hibernate/internal/SessionImpl$$Lambda+0x00000210bfbd49a0
instanceKlass  @bci org/springframework/transaction/support/AbstractPlatformTransactionManager startTransaction (Lorg/springframework/transaction/TransactionDefinition;Ljava/lang/Object;ZZLorg/springframework/transaction/support/AbstractPlatformTransactionManager$SuspendedResourcesHolder;)Lorg/springframework/transaction/TransactionStatus; 92 <appendix> member <vmtarget> ; # org/springframework/transaction/support/AbstractPlatformTransactionManager$$Lambda+0x00000210bfbd4768
instanceKlass org/springframework/orm/jpa/vendor/HibernateJpaDialect$HibernateConnectionHandle
instanceKlass org/springframework/orm/jpa/vendor/HibernateJpaDialect$SessionTransactionData
instanceKlass org/hibernate/FlushMode$1
instanceKlass org/hibernate/engine/transaction/internal/TransactionImpl
instanceKlass org/springframework/transaction/support/ResourceTransactionDefinition
instanceKlass  @bci org/springframework/transaction/support/AbstractPlatformTransactionManager startTransaction (Lorg/springframework/transaction/TransactionDefinition;Ljava/lang/Object;ZZLorg/springframework/transaction/support/AbstractPlatformTransactionManager$SuspendedResourcesHolder;)Lorg/springframework/transaction/TransactionStatus; 37 <appendix> member <vmtarget> ; # org/springframework/transaction/support/AbstractPlatformTransactionManager$$Lambda+0x00000210bfbcf1d0
instanceKlass org/springframework/transaction/support/DelegatingTransactionDefinition
instanceKlass org/springframework/transaction/support/CallbackPreferringPlatformTransactionManager
# instanceKlass java/lang/invoke/LambdaForm$MH+0x00000210bfbd0000
instanceKlass com/fasterxml/jackson/core/util/InternalJacksonUtil
instanceKlass java/util/concurrent/ConcurrentSkipListMap$SubMap$SubMapIter
instanceKlass  @bci com/social/post_service/service/PostService getPostsByUserId (Ljava/lang/Long;Ljava/lang/Long;)Ljava/util/List; 19 <appendix> member <vmtarget> ; # com/social/post_service/service/PostService$$Lambda+0x00000210bfbce3b0
instanceKlass org/springframework/web/bind/support/BindParamNameResolver
instanceKlass  @bci org/springframework/web/servlet/mvc/method/annotation/ExtendedServletRequestDataBinder <init> (Ljava/lang/Object;Ljava/lang/String;)V 7 <appendix> argL0 ; # org/springframework/web/servlet/mvc/method/annotation/ExtendedServletRequestDataBinder$$Lambda+0x00000210bfbcdf40
instanceKlass org/springframework/context/support/DefaultMessageSourceResolvable
instanceKlass org/springframework/context/MessageSourceResolvable
instanceKlass org/springframework/validation/DefaultBindingErrorProcessor
instanceKlass org/springframework/web/bind/ServletRequestDataBinder$ServletRequestValueResolver
instanceKlass org/springframework/validation/DataBinder$ValueResolver
instanceKlass org/springframework/validation/BindingErrorProcessor
instanceKlass org/springframework/validation/AbstractErrors
instanceKlass org/apache/coyote/NonPipeliningProcessor
instanceKlass  @bci org/springframework/web/method/annotation/SessionAttributesHandler storeAttributes (Lorg/springframework/web/context/request/WebRequest;Ljava/util/Map;)V 3 <appendix> member <vmtarget> ; # org/springframework/web/method/annotation/SessionAttributesHandler$$Lambda+0x00000210bfbca6c0
instanceKlass org/apache/tomcat/util/buf/HexUtils
instanceKlass org/apache/coyote/http11/Constants
instanceKlass com/fasterxml/jackson/databind/introspect/AnnotationCollector$TwoAnnotations
instanceKlass java/util/stream/DoubleStream
instanceKlass java/util/stream/LongStream
instanceKlass org/apache/coyote/Constants
instanceKlass org/apache/tomcat/util/http/parser/MediaType
instanceKlass  @bci org/springframework/security/web/firewall/FirewalledResponse validateCrlf (Ljava/lang/String;Ljava/lang/String;)V 22 <appendix> member <vmtarget> ; # org/springframework/security/web/firewall/FirewalledResponse$$Lambda+0x00000210bfbc99e0
instanceKlass  @bci org/springframework/http/server/ServletServerHttpResponse writeHeaders ()V 12 <appendix> member <vmtarget> ; # org/springframework/http/server/ServletServerHttpResponse$$Lambda+0x00000210bfbc97a8
instanceKlass org/springframework/web/servlet/mvc/method/annotation/AbstractMessageConverterMethodProcessor$2
instanceKlass org/springframework/web/util/UriUtils
instanceKlass  @bci org/springframework/web/servlet/mvc/method/annotation/AbstractMessageConverterMethodProcessor writeWithMessageConverters (Ljava/lang/Object;Lorg/springframework/core/MethodParameter;Lorg/springframework/http/server/ServletServerHttpRequest;Lorg/springframework/http/server/ServletServerHttpResponse;)V 833 <appendix> member <vmtarget> ; # org/springframework/web/servlet/mvc/method/annotation/AbstractMessageConverterMethodProcessor$$Lambda+0x00000210bfbc9150
instanceKlass org/springframework/http/server/ServletServerHttpResponse
instanceKlass org/springframework/http/server/ServerHttpAsyncRequestControl
instanceKlass org/springframework/http/server/ServletServerHttpRequest
instanceKlass org/springframework/web/servlet/mvc/method/annotation/StreamingResponseBody
instanceKlass org/springframework/web/servlet/view/FragmentsRendering
instanceKlass org/springframework/web/method/support/AsyncHandlerMethodReturnValueHandler
instanceKlass org/hibernate/sql/results/internal/RowTransformerJpaTupleImpl
instanceKlass org/hibernate/sql/ast/tree/expression/SqlTuple
instanceKlass org/hibernate/sql/ast/tree/predicate/Junction
instanceKlass  @bci org/hibernate/query/sqm/sql/BaseSqmToSqlAstConverter visitComparisonPredicate (Lorg/hibernate/query/sqm/tree/predicate/SqmComparisonPredicate;)Lorg/hibernate/sql/ast/tree/predicate/ComparisonPredicate; 79 <appendix> member <vmtarget> ; # org/hibernate/query/sqm/sql/BaseSqmToSqlAstConverter$$Lambda+0x00000210bfbc5a28
instanceKlass  @bci org/hibernate/query/sqm/sql/BaseSqmToSqlAstConverter visitComparisonPredicate (Lorg/hibernate/query/sqm/tree/predicate/SqmComparisonPredicate;)Lorg/hibernate/sql/ast/tree/predicate/ComparisonPredicate; 20 <appendix> member <vmtarget> ; # org/hibernate/query/sqm/sql/BaseSqmToSqlAstConverter$$Lambda+0x00000210bfbc5800
instanceKlass org/hibernate/sql/results/graph/basic/BasicResult
instanceKlass  @bci org/hibernate/query/sqm/sql/BaseSqmToSqlAstConverter prepareForSelection (Lorg/hibernate/query/sqm/tree/domain/SqmPath;)V 48 <appendix> argL0 ; # org/hibernate/query/sqm/sql/BaseSqmToSqlAstConverter$$Lambda+0x00000210bfbc5078
instanceKlass org/hibernate/query/spi/QueryParameterBindingValidator
instanceKlass  @bci com/social/post_service/service/PostService getFeed (Ljava/lang/Long;)Ljava/util/List; 38 <appendix> member <vmtarget> ; # com/social/post_service/service/PostService$$Lambda+0x00000210bfbc49a8
instanceKlass org/springframework/data/repository/core/support/QueryExecutionResultHandler$ReturnTypeDescriptor
instanceKlass org/springframework/data/repository/core/support/RepositoryMethodInvoker$RepositoryMethodInvocationCaptor$1
instanceKlass org/springframework/data/repository/core/support/RepositoryMethodInvocationListener$RepositoryMethodInvocation
instanceKlass  @bci java/util/function/UnaryOperator identity ()Ljava/util/function/UnaryOperator; 0 <appendix> argL0 ; # java/util/function/UnaryOperator$$Lambda+0x00000210bfa686d8
instanceKlass org/springframework/data/jpa/repository/query/AbstractJpaQuery$TupleConverter
instanceKlass org/hibernate/engine/jdbc/internal/JdbcCoordinatorImpl$1
instanceKlass  @bci org/hibernate/engine/internal/StatefulPersistenceContext initializeNonLazyCollections ()V 1 <appendix> argL0 ; # org/hibernate/engine/internal/StatefulPersistenceContext$$Lambda+0x00000210bfbc3ca0
instanceKlass  @bci org/hibernate/resource/jdbc/internal/ResourceRegistryStandardImpl closeAll (Ljava/util/HashMap;)V 6 <appendix> argL0 ; # org/hibernate/resource/jdbc/internal/ResourceRegistryStandardImpl$$Lambda+0x00000210bfbc3a70
instanceKlass  @bci org/hibernate/engine/internal/StatefulPersistenceContext processLoadedEntityHolder (Lorg/hibernate/engine/spi/EntityHolder;Lorg/hibernate/event/service/spi/EventListenerGroup;Lorg/hibernate/event/spi/PostLoadEvent;Lorg/hibernate/sql/exec/spi/Callback;Ljava/util/function/Consumer;)V 79 <appendix> argL0 ; # org/hibernate/engine/internal/StatefulPersistenceContext$$Lambda+0x00000210bfbc3840
instanceKlass org/hibernate/sql/exec/internal/CallbackImpl
instanceKlass  @bci org/hibernate/sql/results/jdbc/internal/JdbcValuesSourceProcessingStateStandardImpl finishUp (Z)V 17 <appendix> member <vmtarget> ; # org/hibernate/sql/results/jdbc/internal/JdbcValuesSourceProcessingStateStandardImpl$$Lambda+0x00000210bfbc33a8
instanceKlass  @bci org/hibernate/persister/entity/AbstractEntityPersister afterInitialize (Ljava/lang/Object;Lorg/hibernate/engine/spi/SharedSessionContractImplementor;)V 80 <appendix> argL0 ; # org/hibernate/persister/entity/AbstractEntityPersister$$Lambda+0x00000210bfbc3188
instanceKlass org/hibernate/engine/internal/ManagedTypeHelper$ManagedEntityConsumer
instanceKlass  @bci org/hibernate/persister/entity/AbstractEntityPersister afterInitialize (Ljava/lang/Object;Lorg/hibernate/engine/spi/SharedSessionContractImplementor;)V 71 <appendix> argL0 ; # org/hibernate/persister/entity/AbstractEntityPersister$$Lambda+0x00000210bfbc2d68
instanceKlass org/hibernate/engine/internal/ManagedTypeHelper$SelfDirtinessTrackerConsumer
instanceKlass org/hibernate/property/access/internal/PropertyAccessStrategyBackRefImpl$1
instanceKlass org/hibernate/property/access/internal/PropertyAccessStrategyBackRefImpl
instanceKlass org/hibernate/bytecode/enhance/spi/LazyPropertyInitializer$1
instanceKlass org/hibernate/engine/internal/EntityEntryContext$ManagedEntityImpl
instanceKlass org/hibernate/engine/internal/AbstractEntityEntry$EnumState
instanceKlass org/hibernate/engine/spi/EntityEntryExtraState
instanceKlass org/hibernate/engine/internal/AbstractEntityEntry
instanceKlass  @bci org/hibernate/sql/results/graph/entity/internal/EntityInitializerImpl preLoad (Lorg/hibernate/sql/results/graph/entity/internal/EntityInitializerImpl$EntityInitializerData;[Ljava/lang/Object;)V 108 <appendix> argL0 ; # org/hibernate/sql/results/graph/entity/internal/EntityInitializerImpl$$Lambda+0x00000210bfbc0a78
instanceKlass org/postgresql/jdbc/TimestampUtils$ParsedTimestamp
instanceKlass  @bci org/hibernate/persister/entity/AbstractEntityPersister linkToSession (Ljava/lang/Object;Lorg/hibernate/engine/spi/SharedSessionContractImplementor;)V 6 <appendix> member <vmtarget> ; # org/hibernate/persister/entity/AbstractEntityPersister$$Lambda+0x00000210bfbc0640
instanceKlass org/hibernate/engine/internal/ManagedTypeHelper$PersistentAttributeInterceptableAction
instanceKlass org/hibernate/engine/internal/StatefulPersistenceContext$EntityHolderImpl
instanceKlass org/hibernate/engine/spi/EntityKey
instanceKlass org/hibernate/type/descriptor/JdbcExtractingLogging
instanceKlass org/hibernate/sql/results/spi/LoadContexts
instanceKlass  @bci org/hibernate/sql/results/graph/internal/AbstractInitializer startLoading (Lorg/hibernate/sql/results/jdbc/spi/RowProcessingState;)V 18 <appendix> argL0 ; # org/hibernate/sql/results/graph/internal/AbstractInitializer$$Lambda+0x00000210bfbbf198
instanceKlass org/hibernate/sql/results/internal/RowTransformerStandardImpl
instanceKlass org/hibernate/sql/results/internal/RowTransformerArrayImpl
instanceKlass org/hibernate/sql/results/LoadingLogger
instanceKlass org/hibernate/sql/results/internal/StandardRowReader
instanceKlass  @bci org/hibernate/sql/results/jdbc/internal/JdbcValuesMappingResolutionImpl getResultInitializers ([Lorg/hibernate/sql/results/graph/DomainResultAssembler;)[Lorg/hibernate/sql/results/graph/Initializer; 32 <appendix> argL0 ; # org/hibernate/sql/results/jdbc/internal/JdbcValuesMappingResolutionImpl$$Lambda+0x00000210bfbbc508
instanceKlass org/hibernate/sql/results/internal/InitializersList
instanceKlass org/hibernate/sql/results/jdbc/internal/JdbcValuesMappingResolutionImpl
instanceKlass org/hibernate/sql/results/internal/NavigablePathMapToInitializer$InitializerHolder
instanceKlass org/hibernate/sql/results/graph/collection/CollectionInitializer
instanceKlass org/hibernate/sql/results/ResultsLogger
instanceKlass  @bci org/hibernate/sql/results/graph/entity/internal/EntityInitializerImpl <init> (Lorg/hibernate/sql/results/graph/entity/EntityResultGraphNode;Ljava/lang/String;Lorg/hibernate/sql/results/graph/Fetch;Lorg/hibernate/sql/results/graph/Fetch;Lorg/hibernate/sql/results/graph/DomainResult;Lorg/hibernate/sql/results/graph/DomainResult;Lorg/hibernate/annotations/NotFoundAction;ZLorg/hibernate/sql/results/graph/InitializerParent;ZLorg/hibernate/sql/results/graph/AssemblerCreationState;)V 1761 <appendix> argL0 ; # org/hibernate/sql/results/graph/entity/internal/EntityInitializerImpl$$Lambda+0x00000210bfbb9cd8
instanceKlass  @bci org/hibernate/sql/results/graph/entity/internal/EntityInitializerImpl <init> (Lorg/hibernate/sql/results/graph/entity/EntityResultGraphNode;Ljava/lang/String;Lorg/hibernate/sql/results/graph/Fetch;Lorg/hibernate/sql/results/graph/Fetch;Lorg/hibernate/sql/results/graph/DomainResult;Lorg/hibernate/sql/results/graph/DomainResult;Lorg/hibernate/annotations/NotFoundAction;ZLorg/hibernate/sql/results/graph/InitializerParent;ZLorg/hibernate/sql/results/graph/AssemblerCreationState;)V 1751 <appendix> argL0 ; # org/hibernate/sql/results/graph/entity/internal/EntityInitializerImpl$$Lambda+0x00000210bfbb9a98
instanceKlass  @bci org/hibernate/sql/results/graph/entity/internal/EntityInitializerImpl <init> (Lorg/hibernate/sql/results/graph/entity/EntityResultGraphNode;Ljava/lang/String;Lorg/hibernate/sql/results/graph/Fetch;Lorg/hibernate/sql/results/graph/Fetch;Lorg/hibernate/sql/results/graph/DomainResult;Lorg/hibernate/sql/results/graph/DomainResult;Lorg/hibernate/annotations/NotFoundAction;ZLorg/hibernate/sql/results/graph/InitializerParent;ZLorg/hibernate/sql/results/graph/AssemblerCreationState;)V 1729 <appendix> argL0 ; # org/hibernate/sql/results/graph/entity/internal/EntityInitializerImpl$$Lambda+0x00000210bfbb9878
instanceKlass  @bci org/hibernate/sql/results/graph/entity/internal/EntityInitializerImpl <init> (Lorg/hibernate/sql/results/graph/entity/EntityResultGraphNode;Ljava/lang/String;Lorg/hibernate/sql/results/graph/Fetch;Lorg/hibernate/sql/results/graph/Fetch;Lorg/hibernate/sql/results/graph/DomainResult;Lorg/hibernate/sql/results/graph/DomainResult;Lorg/hibernate/annotations/NotFoundAction;ZLorg/hibernate/sql/results/graph/InitializerParent;ZLorg/hibernate/sql/results/graph/AssemblerCreationState;)V 1719 <appendix> argL0 ; # org/hibernate/sql/results/graph/entity/internal/EntityInitializerImpl$$Lambda+0x00000210bfbb9440
instanceKlass org/hibernate/internal/util/ImmutableBitSet
instanceKlass org/hibernate/sql/results/graph/Initializer$1
instanceKlass org/hibernate/sql/results/graph/InitializerData
instanceKlass org/hibernate/sql/results/graph/internal/AbstractInitializer
instanceKlass org/hibernate/sql/results/graph/entity/EntityInitializer
instanceKlass org/hibernate/sql/results/graph/InitializerParent
instanceKlass org/hibernate/sql/results/graph/entity/internal/EntityAssembler
instanceKlass org/hibernate/sql/results/internal/InitializersList$Builder
instanceKlass org/hibernate/sql/results/internal/NavigablePathMapToInitializer
instanceKlass org/hibernate/sql/results/jdbc/internal/StandardJdbcValuesMapping$AssemblerCreationStateImpl
instanceKlass org/hibernate/sql/results/spi/RowReader
instanceKlass org/hibernate/sql/results/internal/ResultsHelper
instanceKlass org/hibernate/sql/results/jdbc/internal/JdbcValuesSourceProcessingStateStandardImpl
instanceKlass org/hibernate/sql/exec/internal/JdbcSelectExecutorStandardImpl$1
instanceKlass org/hibernate/type/descriptor/JdbcBindingLogging
instanceKlass org/hibernate/engine/jdbc/spi/JdbcWrapper
instanceKlass org/hibernate/engine/jdbc/internal/StatementPreparerImpl$StatementPreparationTemplate
instanceKlass org/hibernate/engine/jdbc/internal/StatementPreparerImpl
instanceKlass org/hibernate/sql/results/caching/QueryCachePutManager
instanceKlass org/hibernate/sql/results/jdbc/internal/AbstractJdbcValues
instanceKlass org/hibernate/sql/exec/SqlExecLogger
instanceKlass  @bci org/hibernate/sql/exec/internal/JdbcExecHelper resolveCacheMode (Lorg/hibernate/query/spi/QueryOptions;Lorg/hibernate/engine/spi/SharedSessionContractImplementor;)Lorg/hibernate/CacheMode; 29 <appendix> argL0 ; # org/hibernate/sql/exec/internal/JdbcExecHelper$$Lambda+0x00000210bfbb5718
instanceKlass  @bci org/hibernate/sql/exec/internal/JdbcExecHelper resolveCacheMode (Lorg/hibernate/query/spi/QueryOptions;Lorg/hibernate/engine/spi/SharedSessionContractImplementor;)Lorg/hibernate/CacheMode; 21 <appendix> member <vmtarget> ; # org/hibernate/sql/exec/internal/JdbcExecHelper$$Lambda+0x00000210bfbb54f0
instanceKlass  @bci org/hibernate/sql/exec/internal/JdbcExecHelper resolveCacheMode (Lorg/hibernate/query/spi/QueryOptions;Lorg/hibernate/engine/spi/SharedSessionContractImplementor;)Lorg/hibernate/CacheMode; 7 <appendix> member <vmtarget> ; # org/hibernate/sql/exec/internal/JdbcExecHelper$$Lambda+0x00000210bfbb52c8
instanceKlass org/hibernate/sql/exec/internal/JdbcExecHelper
instanceKlass org/hibernate/dialect/pagination/AbstractLimitHandler
instanceKlass org/hibernate/sql/results/jdbc/internal/AbstractResultSetAccess
instanceKlass org/hibernate/sql/exec/internal/StandardStatementCreator
instanceKlass org/hibernate/sql/exec/spi/JdbcSelectExecutor$StatementCreator
instanceKlass org/hibernate/sql/results/spi/ListResultsConsumer$1
instanceKlass org/hibernate/sql/results/spi/ListResultsConsumer$Results
instanceKlass org/hibernate/sql/results/jdbc/spi/JdbcValuesSourceProcessingState
instanceKlass org/hibernate/sql/results/jdbc/spi/RowProcessingState
instanceKlass org/hibernate/sql/results/spi/ListResultsConsumer
instanceKlass org/hibernate/sql/results/internal/RowTransformerSingularReturnImpl
instanceKlass org/hibernate/query/spi/DelegatingQueryOptions
instanceKlass org/hibernate/sql/exec/internal/JdbcSelectExecutorStandardImpl
instanceKlass org/hibernate/engine/spi/SubselectFetch$StandardRegistrationHandler
instanceKlass org/hibernate/engine/spi/SubselectFetch$1
instanceKlass org/hibernate/engine/spi/SubselectFetch$RegistrationHandler
instanceKlass org/hibernate/engine/spi/SubselectFetch
instanceKlass org/hibernate/engine/spi/BatchFetchQueue
instanceKlass  @bci org/hibernate/sql/ast/spi/AbstractSqlAstTranslator inOverOrWithinGroupClause ()Z 4 <appendix> argL0 ; # org/hibernate/sql/ast/spi/AbstractSqlAstTranslator$$Lambda+0x00000210bfbad1b8
instanceKlass org/hibernate/metamodel/mapping/DiscriminatedAssociationModelPart
instanceKlass org/hibernate/query/internal/BindingTypeHelper
instanceKlass org/hibernate/sql/exec/internal/JdbcParameterBindingImpl
instanceKlass  @bci org/hibernate/sql/exec/spi/JdbcParameterBindings registerParametersForEachJdbcValue (Ljava/lang/Object;ILorg/hibernate/metamodel/mapping/Bindable;Lorg/hibernate/sql/exec/spi/JdbcParametersList;Lorg/hibernate/engine/spi/SharedSessionContractImplementor;)I 56 <appendix> member <vmtarget> ; # org/hibernate/sql/exec/spi/JdbcParameterBindings$$Lambda+0x00000210bfbac920
instanceKlass  @cpi org/hibernate/sql/exec/spi/JdbcParameterBindings 82 form vmentry <vmtarget> ; # java/lang/invoke/LambdaForm$DMH+0x00000210bfbb0000
instanceKlass org/hibernate/sql/exec/spi/JdbcParameterBindings$1
instanceKlass org/hibernate/sql/exec/internal/JdbcParameterBindingsImpl
instanceKlass org/hibernate/query/sqm/internal/ConcreteSqmSelectQueryPlan$2
instanceKlass  @bci org/hibernate/query/sqm/internal/ConcreteSqmSelectQueryPlan buildCacheableSqmInterpretation (Lorg/hibernate/query/sqm/tree/select/SqmSelectStatement;Lorg/hibernate/query/sqm/internal/DomainParameterXref;Lorg/hibernate/query/spi/DomainQueryExecutionContext;)Lorg/hibernate/query/sqm/internal/ConcreteSqmSelectQueryPlan$CacheableSqmInterpretation; 162 <appendix> member <vmtarget> ; # org/hibernate/query/sqm/internal/ConcreteSqmSelectQueryPlan$$Lambda+0x00000210bfbabfa8
instanceKlass  @bci org/hibernate/query/sqm/internal/SqmUtil generateJdbcParamsXref (Lorg/hibernate/query/sqm/internal/DomainParameterXref;Lorg/hibernate/query/sqm/spi/JdbcParameterBySqmParameterAccess;)Ljava/util/Map; 96 <appendix> member <vmtarget> ; # org/hibernate/query/sqm/internal/SqmUtil$$Lambda+0x00000210bfbabd60
instanceKlass  @bci org/hibernate/query/sqm/internal/ConcreteSqmSelectQueryPlan buildCacheableSqmInterpretation (Lorg/hibernate/query/sqm/tree/select/SqmSelectStatement;Lorg/hibernate/query/sqm/internal/DomainParameterXref;Lorg/hibernate/query/spi/DomainQueryExecutionContext;)Lorg/hibernate/query/sqm/internal/ConcreteSqmSelectQueryPlan$CacheableSqmInterpretation; 120 <appendix> member <vmtarget> ; # org/hibernate/query/sqm/internal/ConcreteSqmSelectQueryPlan$$Lambda+0x00000210bfbabb38
instanceKlass org/hibernate/query/sqm/sql/StandardSqmTranslation
instanceKlass  @bci org/hibernate/query/sqm/sql/BaseSqmToSqlAstConverter visitOrderByOffsetAndFetch (Lorg/hibernate/query/sqm/tree/select/SqmQueryPart;Lorg/hibernate/sql/ast/tree/select/QueryPart;)V 160 <appendix> member <vmtarget> ; # org/hibernate/query/sqm/sql/BaseSqmToSqlAstConverter$$Lambda+0x00000210bfbab6a0
instanceKlass org/hibernate/sql/ast/tree/select/SortSpecification
instanceKlass  @bci org/hibernate/query/sqm/sql/BaseSqmToSqlAstConverter visitOrderByOffsetAndFetch (Lorg/hibernate/query/sqm/tree/select/SqmQueryPart;Lorg/hibernate/sql/ast/tree/select/QueryPart;)V 23 <appendix> argL0 ; # org/hibernate/query/sqm/sql/BaseSqmToSqlAstConverter$$Lambda+0x00000210bfbab230
instanceKlass  @bci org/hibernate/query/sqm/sql/BaseSqmToSqlAstConverter consumeSqmParameter (Lorg/hibernate/query/sqm/tree/expression/SqmParameter;Lorg/hibernate/metamodel/mapping/MappingModelExpressible;Ljava/util/function/BiConsumer;)Lorg/hibernate/sql/ast/tree/expression/Expression; 39 <appendix> argL0 ; # org/hibernate/query/sqm/sql/BaseSqmToSqlAstConverter$$Lambda+0x00000210bfbaaca8
instanceKlass  @bci org/hibernate/query/sqm/sql/BaseSqmToSqlAstConverter resolveSqmParameter (Lorg/hibernate/query/sqm/tree/expression/SqmParameter;Lorg/hibernate/metamodel/mapping/MappingModelExpressible;Ljava/util/function/BiConsumer;)V 87 <appendix> member <vmtarget> ; # org/hibernate/query/sqm/sql/BaseSqmToSqlAstConverter$$Lambda+0x00000210bfbaaa60
instanceKlass  @bci org/hibernate/query/sqm/sql/BaseSqmToSqlAstConverter consumeSqmParameter (Lorg/hibernate/query/sqm/tree/expression/SqmParameter;Lorg/hibernate/metamodel/mapping/MappingModelExpressible;Ljava/util/function/BiConsumer;)Lorg/hibernate/sql/ast/tree/expression/Expression; 15 <appendix> member <vmtarget> ; # org/hibernate/query/sqm/sql/BaseSqmToSqlAstConverter$$Lambda+0x00000210bfbaa828
instanceKlass  @bci org/hibernate/query/sqm/sql/BaseSqmToSqlAstConverter consumeSingleSqmParameter (Lorg/hibernate/query/sqm/tree/expression/SqmParameter;)Lorg/hibernate/sql/ast/tree/expression/Expression; 7 <appendix> argL0 ; # org/hibernate/query/sqm/sql/BaseSqmToSqlAstConverter$$Lambda+0x00000210bfbaa5f8
instanceKlass  @bci org/hibernate/query/sqm/sql/BaseSqmToSqlAstConverter determineValueMapping (Lorg/hibernate/query/sqm/tree/expression/SqmExpression;Lorg/hibernate/query/sqm/sql/FromClauseIndex;)Lorg/hibernate/metamodel/mapping/MappingModelExpressible; 44 <appendix> member <vmtarget> ; # org/hibernate/query/sqm/sql/BaseSqmToSqlAstConverter$$Lambda+0x00000210bfbaa3b0
instanceKlass  @bci org/hibernate/query/sqm/sql/BaseSqmToSqlAstConverter processInSingleParameter (Lorg/hibernate/query/sqm/tree/predicate/SqmInListPredicate;Lorg/hibernate/query/sqm/tree/expression/SqmParameter;Lorg/hibernate/query/spi/QueryParameterImplementor;Lorg/hibernate/query/spi/QueryParameterBinding;)Lorg/hibernate/sql/ast/tree/predicate/InListPredicate; 97 <appendix> member <vmtarget> ; # org/hibernate/query/sqm/sql/BaseSqmToSqlAstConverter$$Lambda+0x00000210bfbaa188
instanceKlass  @bci org/hibernate/query/sqm/sql/BaseSqmToSqlAstConverter prepareReusablePath (Lorg/hibernate/query/sqm/tree/domain/SqmPath;Lorg/hibernate/query/sqm/sql/FromClauseIndex;Ljava/util/function/Supplier;Z)Ljava/lang/Object; 0 <appendix> argL0 ; # org/hibernate/query/sqm/sql/BaseSqmToSqlAstConverter$$Lambda+0x00000210bfba6a20
instanceKlass  @bci org/hibernate/query/sqm/sql/BaseSqmToSqlAstConverter visitBasicValuedPath (Lorg/hibernate/query/sqm/tree/domain/SqmBasicValuedSimplePath;)Lorg/hibernate/sql/ast/tree/expression/Expression; 4 <appendix> member <vmtarget> ; # org/hibernate/query/sqm/sql/BaseSqmToSqlAstConverter$$Lambda+0x00000210bfba67f8
instanceKlass org/hibernate/sql/ast/tree/predicate/AbstractPredicate
instanceKlass  @bci org/hibernate/query/sqm/sql/BaseSqmToSqlAstConverter visitWhereClause (Lorg/hibernate/query/sqm/tree/predicate/SqmPredicate;)Lorg/hibernate/sql/ast/tree/predicate/Predicate; 16 <appendix> argL0 ; # org/hibernate/query/sqm/sql/BaseSqmToSqlAstConverter$$Lambda+0x00000210bfba5c28
instanceKlass org/hibernate/sql/results/graph/instantiation/internal/DynamicInstantiation
instanceKlass  @bci org/hibernate/query/sqm/sql/BaseSqmToSqlAstConverter visitSelection (ILorg/hibernate/query/sqm/tree/select/SqmSelection;)Ljava/lang/Void; 363 <appendix> member <vmtarget> ; # org/hibernate/query/sqm/sql/BaseSqmToSqlAstConverter$$Lambda+0x00000210bfba5788
instanceKlass org/hibernate/query/sqm/sql/internal/AbstractSqmPathInterpretation
instanceKlass org/hibernate/query/derived/AnonymousTupleEntityValuedModelPart
instanceKlass org/hibernate/persister/entity/EntityNameUse
instanceKlass  @bci org/hibernate/query/sqm/sql/BaseSqmToSqlAstConverter consumeExplicitJoins (Lorg/hibernate/query/sqm/tree/from/SqmFrom;Lorg/hibernate/sql/ast/tree/from/TableGroup;)V 27 <appendix> member <vmtarget> ; # org/hibernate/query/sqm/sql/BaseSqmToSqlAstConverter$$Lambda+0x00000210bfba12a8
instanceKlass  @bci org/hibernate/query/sqm/sql/BaseSqmToSqlAstConverter consumeFromClauseRoot (Lorg/hibernate/query/sqm/tree/from/SqmRoot;)V 319 <appendix> member <vmtarget> ; # org/hibernate/query/sqm/sql/BaseSqmToSqlAstConverter$$Lambda+0x00000210bfba1070
instanceKlass  @bci org/hibernate/query/sqm/sql/BaseSqmToSqlAstConverter consumeFromClauseRoot (Lorg/hibernate/query/sqm/tree/from/SqmRoot;)V 298 <appendix> member <vmtarget> ; # org/hibernate/query/sqm/sql/BaseSqmToSqlAstConverter$$Lambda+0x00000210bfba0e48
instanceKlass  @bci org/hibernate/query/sqm/sql/BaseSqmToSqlAstConverter visitFromClause (Lorg/hibernate/query/sqm/tree/from/SqmFromClause;)Ljava/lang/Void; 24 <appendix> member <vmtarget> ; # org/hibernate/query/sqm/sql/BaseSqmToSqlAstConverter$$Lambda+0x00000210bfba0c10
instanceKlass  @bci org/hibernate/query/sqm/sql/BaseSqmToSqlAstConverter visitFromClause (Lorg/hibernate/query/sqm/tree/from/SqmFromClause;)Ljava/lang/Void; 14 <appendix> member <vmtarget> ; # org/hibernate/query/sqm/sql/BaseSqmToSqlAstConverter$$Lambda+0x00000210bfba09d8
instanceKlass org/hibernate/query/sqm/sql/BaseSqmToSqlAstConverter$SqmAliasedNodePositionTracker
instanceKlass  @bci org/hibernate/query/sqm/sql/BaseSqmToSqlAstConverter visitQuerySpec (Lorg/hibernate/query/sqm/tree/select/SqmQuerySpec;)Lorg/hibernate/sql/ast/tree/select/QuerySpec; 175 <appendix> member <vmtarget> ; # org/hibernate/query/sqm/sql/BaseSqmToSqlAstConverter$$Lambda+0x00000210bfb9f8a8
instanceKlass  @bci org/hibernate/query/sqm/sql/BaseSqmToSqlAstConverter visitQuerySpec (Lorg/hibernate/query/sqm/tree/select/SqmQuerySpec;)Lorg/hibernate/sql/ast/tree/select/QuerySpec; 161 <appendix> member <vmtarget> ; # org/hibernate/query/sqm/sql/BaseSqmToSqlAstConverter$$Lambda+0x00000210bfb9f660
instanceKlass org/hibernate/query/sqm/sql/BaseSqmToSqlAstConverter$CteContainerImpl
instanceKlass  @bci org/hibernate/query/sqm/sql/BaseSqmToSqlAstConverter <init> (Lorg/hibernate/sql/ast/spi/SqlAstCreationContext;Lorg/hibernate/query/sqm/tree/SqmStatement;Lorg/hibernate/query/spi/QueryOptions;Lorg/hibernate/engine/spi/LoadQueryInfluencers;Lorg/hibernate/query/sqm/internal/DomainParameterXref;Lorg/hibernate/query/spi/QueryParameterBindings;Z)V 170 <appendix> argL0 ; # org/hibernate/query/sqm/sql/BaseSqmToSqlAstConverter$$Lambda+0x00000210bfb9f1c0
instanceKlass org/hibernate/metamodel/model/domain/DiscriminatorSqmPath
instanceKlass org/hibernate/query/sqm/sql/SqmTranslation
instanceKlass  @bci org/hibernate/query/sqm/internal/ConcreteSqmSelectQueryPlan <init> (Lorg/hibernate/query/sqm/tree/select/SqmSelectStatement;Ljava/lang/String;Lorg/hibernate/query/sqm/internal/DomainParameterXref;Ljava/lang/Class;Lorg/hibernate/sql/results/internal/TupleMetadata;Lorg/hibernate/query/spi/QueryOptions;)V 83 <appendix> member <vmtarget> ; # org/hibernate/query/sqm/internal/ConcreteSqmSelectQueryPlan$$Lambda+0x00000210bfb98698
instanceKlass org/hibernate/query/spi/ScrollableResultsImplementor
instanceKlass  @bci org/hibernate/query/sqm/internal/ConcreteSqmSelectQueryPlan <init> (Lorg/hibernate/query/sqm/tree/select/SqmSelectStatement;Ljava/lang/String;Lorg/hibernate/query/sqm/internal/DomainParameterXref;Ljava/lang/Class;Lorg/hibernate/sql/results/internal/TupleMetadata;Lorg/hibernate/query/spi/QueryOptions;)V 68 <appendix> member <vmtarget> ; # org/hibernate/query/sqm/internal/ConcreteSqmSelectQueryPlan$$Lambda+0x00000210bfb98228
instanceKlass  @bci org/hibernate/query/sqm/internal/ConcreteSqmSelectQueryPlan <init> (Lorg/hibernate/query/sqm/tree/select/SqmSelectStatement;Ljava/lang/String;Lorg/hibernate/query/sqm/internal/DomainParameterXref;Ljava/lang/Class;Lorg/hibernate/sql/results/internal/TupleMetadata;Lorg/hibernate/query/spi/QueryOptions;)V 50 <appendix> member <vmtarget> ; # org/hibernate/query/sqm/internal/ConcreteSqmSelectQueryPlan$$Lambda+0x00000210bfb98000
instanceKlass org/hibernate/query/sqm/internal/ConcreteSqmSelectQueryPlan$CacheableSqmInterpretation
instanceKlass org/hibernate/query/sqm/internal/ConcreteSqmSelectQueryPlan$SqmInterpreter
instanceKlass org/hibernate/sql/results/internal/TupleMetadata
instanceKlass org/hibernate/sql/exec/internal/BaseExecutionContext
instanceKlass org/hibernate/query/sqm/spi/SqmParameterMappingModelResolutionAccess
instanceKlass org/hibernate/query/sqm/internal/ConcreteSqmSelectQueryPlan
instanceKlass org/hibernate/query/sqm/tree/domain/SqmPolymorphicRootDescriptor
instanceKlass  @bci org/hibernate/query/hql/internal/QuerySplitter findUnmappedPolymorphicReference (Lorg/hibernate/query/sqm/tree/select/SqmQueryPart;)Lorg/hibernate/query/sqm/tree/from/SqmRoot; 19 <appendix> argL0 ; # org/hibernate/query/hql/internal/QuerySplitter$$Lambda+0x00000210bfb92de8
instanceKlass org/hibernate/query/sqm/tree/SqmDeleteOrUpdateStatement
instanceKlass org/hibernate/query/hql/internal/QuerySplitter
instanceKlass org/hibernate/query/sqm/internal/SqmInterpretationsKey
instanceKlass org/hibernate/query/sqm/internal/AppliedGraphs
instanceKlass  @bci org/springframework/data/jpa/repository/query/JpaQueryMethod lambda$0 (Ljava/lang/reflect/Method;)Ljakarta/persistence/LockModeType; 13 <appendix> argL0 ; # org/springframework/data/jpa/repository/query/JpaQueryMethod$$Lambda+0x00000210bfb92368
instanceKlass org/springframework/data/jpa/repository/Lock
instanceKlass org/springframework/data/jpa/repository/EntityGraph
instanceKlass org/springframework/data/jpa/repository/Meta
instanceKlass org/springframework/data/domain/Limit$Unlimited
instanceKlass org/hibernate/query/sqm/tree/expression/NullSqmExpressible
instanceKlass  @bci org/springframework/data/jpa/repository/query/QueryParameterSetter$NamedOrIndexedQueryParameterSetter setParameter (Lorg/springframework/data/jpa/repository/query/QueryParameterSetter$BindableQuery;Lorg/springframework/data/jpa/repository/query/JpaParametersParameterAccessor;Lorg/springframework/data/jpa/repository/query/QueryParameterSetter$ErrorHandling;)V 188 <appendix> member <vmtarget> ; # org/springframework/data/jpa/repository/query/QueryParameterSetter$NamedOrIndexedQueryParameterSetter$$Lambda+0x00000210bfb91658
instanceKlass org/springframework/data/jpa/repository/query/QueryParameterSetter$QueryMetadata
instanceKlass  @bci org/hibernate/internal/SessionImpl applyQuerySettingsAndHints (Lorg/hibernate/query/Query;)V 15 <appendix> argL0 ; # org/hibernate/internal/SessionImpl$$Lambda+0x00000210bfb90698
instanceKlass  @bci org/hibernate/internal/SessionImpl applyQuerySettingsAndHints (Lorg/hibernate/query/Query;)V 10 <appendix> member <vmtarget> ; # org/hibernate/internal/SessionImpl$$Lambda+0x00000210bfb90450
instanceKlass org/hibernate/jpa/internal/LegacySpecHelper
instanceKlass  @bci org/hibernate/internal/SessionImpl applyLockOptionsHint (Lorg/hibernate/query/SelectionQuery;)V 35 <appendix> member <vmtarget> ; # org/hibernate/internal/SessionImpl$$Lambda+0x00000210bfb90000
instanceKlass org/hibernate/query/internal/QueryParameterBindingImpl
instanceKlass org/hibernate/query/spi/QueryParameterBinding
instanceKlass org/hibernate/query/spi/QueryParameterBindings$2
instanceKlass org/hibernate/query/spi/QueryParameterBindings$1
instanceKlass org/hibernate/cache/MutableCacheKeyBuilder
instanceKlass org/hibernate/cache/spi/QueryKey$ParameterBindingsMemento
instanceKlass org/hibernate/query/internal/QueryParameterBindingsImpl
instanceKlass org/hibernate/query/spi/QueryParameterBindings
instanceKlass org/hibernate/query/internal/ParameterMetadataImpl
instanceKlass  @bci org/hibernate/query/sqm/internal/DomainParameterXref from (Lorg/hibernate/query/sqm/tree/SqmStatement;)Lorg/hibernate/query/sqm/internal/DomainParameterXref; 219 <appendix> argL0 ; # org/hibernate/query/sqm/internal/DomainParameterXref$$Lambda+0x00000210bfb77588
instanceKlass  @bci org/hibernate/query/sqm/internal/DomainParameterXref from (Lorg/hibernate/query/sqm/tree/SqmStatement;)Lorg/hibernate/query/sqm/internal/DomainParameterXref; 123 <appendix> member <vmtarget> ; # org/hibernate/query/sqm/internal/DomainParameterXref$$Lambda+0x00000210bfb77340
instanceKlass org/hibernate/query/sqm/internal/SqmUtil$ParameterResolutionsImpl
instanceKlass  @bci org/hibernate/query/sqm/spi/BaseSemanticQueryWalker visitGroupByClause (Ljava/util/List;)Ljava/lang/Object; 6 <appendix> member <vmtarget> ; # org/hibernate/query/sqm/spi/BaseSemanticQueryWalker$$Lambda+0x00000210bfb76ec8
instanceKlass  @bci org/hibernate/query/sqm/internal/SqmUtil$CriteriaParameterCollector process (Lorg/hibernate/query/sqm/tree/expression/SqmParameter;)V 58 <appendix> argL0 ; # org/hibernate/query/sqm/internal/SqmUtil$CriteriaParameterCollector$$Lambda+0x00000210bfb6fc10
instanceKlass org/hibernate/query/sqm/tree/expression/SqmExpressionHelper
instanceKlass  @bci org/hibernate/query/sqm/spi/BaseSemanticQueryWalker visitSelectClause (Lorg/hibernate/query/sqm/tree/select/SqmSelectClause;)Ljava/lang/Object; 11 <appendix> member <vmtarget> ; # org/hibernate/query/sqm/spi/BaseSemanticQueryWalker$$Lambda+0x00000210bfb6f7d0
instanceKlass  @bci org/hibernate/query/sqm/spi/BaseSemanticQueryWalker consumeExplicitJoins (Lorg/hibernate/query/sqm/tree/from/SqmFrom;)V 2 <appendix> member <vmtarget> ; # org/hibernate/query/sqm/spi/BaseSemanticQueryWalker$$Lambda+0x00000210bfb87c18
instanceKlass  @bci org/hibernate/query/sqm/spi/BaseSemanticQueryWalker visitFromClause (Lorg/hibernate/query/sqm/tree/from/SqmFromClause;)Ljava/lang/Object; 2 <appendix> member <vmtarget> ; # org/hibernate/query/sqm/spi/BaseSemanticQueryWalker$$Lambda+0x00000210bfb7fc28
instanceKlass org/hibernate/query/sqm/spi/BaseSemanticQueryWalker
instanceKlass  @bci org/hibernate/query/sqm/internal/SqmUtil resolveParameters (Lorg/hibernate/query/sqm/tree/SqmStatement;)Lorg/hibernate/query/sqm/tree/SqmStatement$ParameterResolutions; 27 <appendix> member <vmtarget> ; # org/hibernate/query/sqm/internal/SqmUtil$$Lambda+0x00000210bfb6f598
instanceKlass org/hibernate/query/sqm/internal/SqmUtil$CriteriaParameterCollector
instanceKlass org/hibernate/query/sqm/internal/SqmUtil
instanceKlass org/hibernate/query/sqm/tree/SqmStatement$ParameterResolutions$1
instanceKlass org/hibernate/query/sqm/tree/SqmStatement$ParameterResolutions
instanceKlass org/hibernate/query/sqm/internal/DomainParameterXref
instanceKlass org/hibernate/query/sqm/internal/SimpleSqmCopyContext
instanceKlass org/hibernate/query/sqm/tree/SqmCopyContext
instanceKlass org/hibernate/query/internal/QueryOptionsImpl
instanceKlass org/hibernate/query/spi/QueryInterpretationCache$Key
instanceKlass org/hibernate/query/sqm/tree/insert/SqmInsertStatement
instanceKlass org/hibernate/query/spi/NonSelectQueryPlan
instanceKlass org/hibernate/query/ResultListTransformer
instanceKlass org/hibernate/ScrollableResults
instanceKlass org/hibernate/query/spi/MutableQueryOptions
instanceKlass org/hibernate/query/spi/AbstractCommonQueryContract
instanceKlass org/hibernate/query/spi/DomainQueryExecutionContext
instanceKlass org/hibernate/query/sqm/internal/SqmInterpretationsKey$InterpretationsKeySource
instanceKlass org/hibernate/query/sqm/internal/SqmInterpretationsKey$CacheabilityInfluencers
instanceKlass org/hibernate/query/hql/spi/SqmQueryImplementor
instanceKlass org/hibernate/query/spi/SqmQuery
instanceKlass org/hibernate/query/criteria/spi/HibernateCriteriaBuilderDelegate
instanceKlass org/springframework/data/repository/core/support/RepositoryMethodInvocationListener$RepositoryMethodInvocationResult
instanceKlass org/springframework/data/repository/core/support/RepositoryMethodInvoker$RepositoryMethodInvocationCaptor
instanceKlass  @bci org/springframework/data/repository/core/support/RepositoryMethodInvoker$RepositoryQueryMethodInvoker <init> (Ljava/lang/reflect/Method;Lorg/springframework/data/repository/query/RepositoryQuery;)V 8 <appendix> member <vmtarget> ; # org/springframework/data/repository/core/support/RepositoryMethodInvoker$RepositoryQueryMethodInvoker$$Lambda+0x00000210bfb5b168
instanceKlass org/springframework/data/repository/core/support/RepositoryMethodInvoker$Invokable
instanceKlass  @bci org/springframework/data/repository/core/support/QueryExecutorMethodInterceptor invoke (Lorg/aopalliance/intercept/MethodInvocation;)Ljava/lang/Object; 12 <appendix> argL0 ; # org/springframework/data/repository/core/support/QueryExecutorMethodInterceptor$$Lambda+0x00000210bfb5ab10
instanceKlass  @bci org/springframework/transaction/interceptor/TransactionInterceptor invoke (Lorg/aopalliance/intercept/MethodInvocation;)Ljava/lang/Object; 37 <appendix> member <vmtarget> ; # org/springframework/transaction/interceptor/TransactionInterceptor$$Lambda+0x00000210bfb5a8e8
instanceKlass reactor/core/publisher/Operators$ScalarSubscription
instanceKlass org/springframework/cloud/openfeign/support/SpringDecoder$FeignResponseAdapter
instanceKlass  @bci org/springframework/cloud/openfeign/support/SpringDecoder decode (Lfeign/Response;Ljava/lang/reflect/Type;)Ljava/lang/Object; 42 <appendix> member <vmtarget> ; # org/springframework/cloud/openfeign/support/SpringDecoder$$Lambda+0x00000210bfb5fcc0
instanceKlass feign/TypedResponse
instanceKlass  @bci org/springframework/cloud/openfeign/loadbalancer/LoadBalancerUtils executeWithLoadBalancerLifecycleProcessing (Lfeign/Client;Lfeign/Request$Options;Lfeign/Request;Lorg/springframework/cloud/client/loadbalancer/Request;Lorg/springframework/cloud/client/loadbalancer/Response;Ljava/util/Set;Z)Lfeign/Response; 37 <appendix> member <vmtarget> ; # org/springframework/cloud/openfeign/loadbalancer/LoadBalancerUtils$$Lambda+0x00000210bfb5f878
instanceKlass  @bci feign/Util caseInsensitiveCopyOf (Ljava/util/Map;)Ljava/util/Map; 124 <appendix> argL0 ; # feign/Util$$Lambda+0x00000210bfb5f648
instanceKlass feign/Response$InputStreamBody
instanceKlass feign/Response$Body
instanceKlass feign/Response$Builder
instanceKlass sun/net/www/HeaderParser
instanceKlass  @bci org/springframework/cloud/openfeign/loadbalancer/LoadBalancerUtils executeWithLoadBalancerLifecycleProcessing (Lfeign/Client;Lfeign/Request$Options;Lfeign/Request;Lorg/springframework/cloud/client/loadbalancer/Request;Lorg/springframework/cloud/client/loadbalancer/Response;Ljava/util/Set;Z)Lfeign/Response; 5 <appendix> member <vmtarget> ; # org/springframework/cloud/openfeign/loadbalancer/LoadBalancerUtils$$Lambda+0x00000210bfb5ed80
instanceKlass org/springframework/cloud/client/loadbalancer/LoadBalancerUriTools
instanceKlass reactor/core/Disposables$AlwaysDisposable
instanceKlass reactor/core/Disposable$Swap
instanceKlass reactor/core/Disposable$Composite
instanceKlass reactor/core/Disposables
instanceKlass  @bci reactor/core/scheduler/SchedulerTask <clinit> ()V 19 <appendix> argL0 ; # reactor/core/scheduler/SchedulerTask$$Lambda+0x00000210bfb5e128
instanceKlass  @bci reactor/core/scheduler/SchedulerTask <clinit> ()V 4 <appendix> argL0 ; # reactor/core/scheduler/SchedulerTask$$Lambda+0x00000210bfb5df08
instanceKlass reactor/core/scheduler/SchedulerTask
instanceKlass reactor/core/publisher/MonoDelay$MonoDelayRunnable
instanceKlass reactor/core/publisher/FluxOnErrorReturn$ReturnSubscriber
instanceKlass com/stoyanr/evictor/scheduler/AbstractQueueEvictionScheduler$EvictionRunnable
instanceKlass com/stoyanr/evictor/map/EvictibleEntry
instanceKlass reactor/core/publisher/FluxIterable$IterableSubscription
instanceKlass reactor/core/Fuseable$SynchronousSubscription
instanceKlass reactor/core/publisher/FluxPeek$PeekSubscriber
instanceKlass reactor/core/publisher/MonoIgnoreElements$IgnoreElementsSubscriber
instanceKlass reactor/core/publisher/MonoIgnoreThen$ThenIgnoreMain
instanceKlass  @bci org/springframework/cloud/loadbalancer/core/CachingServiceInstanceListSupplier lambda$new$2 (Lorg/springframework/cache/CacheManager;Ljava/lang/String;Ljava/util/List;)Lreactor/core/publisher/Mono; 9 <appendix> member <vmtarget> ; # org/springframework/cloud/loadbalancer/core/CachingServiceInstanceListSupplier$$Lambda+0x00000210bfb57138
instanceKlass reactor/core/publisher/Operators$CancelledSubscription
instanceKlass org/springframework/cloud/netflix/eureka/EurekaServiceInstance
instanceKlass  @bci com/netflix/discovery/shared/Applications getInstancesByVirtualHostName (Ljava/lang/String;)Ljava/util/List; 38 <appendix> argL0 ; # com/netflix/discovery/shared/Applications$$Lambda+0x00000210bfb56330
instanceKlass  @bci com/netflix/discovery/shared/Applications getInstancesByVirtualHostName (Ljava/lang/String;)Ljava/util/List; 30 <appendix> argL0 ; # com/netflix/discovery/shared/Applications$$Lambda+0x00000210bfb560f0
instanceKlass  @bci com/netflix/discovery/shared/Applications getInstancesByVirtualHostName (Ljava/lang/String;)Ljava/util/List; 22 <appendix> argL0 ; # com/netflix/discovery/shared/Applications$$Lambda+0x00000210bfb55eb0
# instanceKlass java/lang/invoke/LambdaForm$MH+0x00000210bfb58c00
# instanceKlass java/lang/invoke/LambdaForm$MH+0x00000210bfb58800
# instanceKlass java/lang/invoke/LambdaForm$MH+0x00000210bfb58400
# instanceKlass java/lang/invoke/LambdaForm$DMH+0x00000210bfb58000
instanceKlass reactor/core/publisher/DrainUtils
instanceKlass reactor/core/publisher/FluxTimeout$TimeoutTimeoutSubscriber
instanceKlass reactor/core/publisher/MonoCallable$MonoCallableSubscription
instanceKlass  @bci org/springframework/cloud/loadbalancer/core/DiscoveryClientServiceInstanceListSupplier lambda$new$1 (Lorg/springframework/cloud/client/discovery/DiscoveryClient;)Lorg/reactivestreams/Publisher; 2 <appendix> member <vmtarget> ; # org/springframework/cloud/loadbalancer/core/DiscoveryClientServiceInstanceListSupplier$$Lambda+0x00000210bfb550a0
instanceKlass reactor/core/publisher/SerializedSubscriber
instanceKlass reactor/core/publisher/FluxTimeout$IndexedCancellable
instanceKlass reactor/core/publisher/FluxLimitRequest$FluxLimitRequestSubscriber
instanceKlass reactor/core/publisher/ImmutableSignal
instanceKlass reactor/core/publisher/Signal
instanceKlass reactor/core/publisher/Operators$BaseFluxToMonoOperator
instanceKlass reactor/core/publisher/MonoFlatMap$FlatMapInner
instanceKlass reactor/core/publisher/MonoFlatMap$FlatMapMain
instanceKlass reactor/core/publisher/Operators$EmptySubscription
instanceKlass reactor/core/publisher/Operators$MultiSubscriptionSubscriber
instanceKlass java/util/concurrent/atomic/AtomicLongFieldUpdater$CASUpdater$1
instanceKlass java/util/concurrent/atomic/AtomicLongFieldUpdater
instanceKlass reactor/core/publisher/FluxFlattenIterable$FlattenIterableSubscriber
instanceKlass reactor/core/publisher/FluxDematerialize$DematerializeSubscriber
instanceKlass  @bci reactor/util/concurrent/Queues <clinit> ()V 76 <appendix> argL0 ; # reactor/util/concurrent/Queues$$Lambda+0x00000210bfb4f4f0
instanceKlass  @bci reactor/util/concurrent/Queues <clinit> ()V 68 <appendix> argL0 ; # reactor/util/concurrent/Queues$$Lambda+0x00000210bfb4f2d0
instanceKlass  @bci reactor/util/concurrent/Queues <clinit> ()V 60 <appendix> argL0 ; # reactor/util/concurrent/Queues$$Lambda+0x00000210bfb4f0b0
instanceKlass  @bci reactor/util/concurrent/Queues <clinit> ()V 52 <appendix> argL0 ; # reactor/util/concurrent/Queues$$Lambda+0x00000210bfb4ee90
instanceKlass  @bci reactor/util/concurrent/Queues <clinit> ()V 44 <appendix> argL0 ; # reactor/util/concurrent/Queues$$Lambda+0x00000210bfb4ec70
instanceKlass  @bci reactor/util/concurrent/Queues <clinit> ()V 36 <appendix> argL0 ; # reactor/util/concurrent/Queues$$Lambda+0x00000210bfb4ea50
instanceKlass reactor/util/concurrent/Queues
instanceKlass  @bci reactor/cache/CacheFlux lambda$null$4 (Ljava/util/function/Function;Ljava/lang/Object;Ljava/util/function/Supplier;Ljava/util/function/BiFunction;)Lorg/reactivestreams/Publisher; 22 <appendix> member <vmtarget> ; # reactor/cache/CacheFlux$$Lambda+0x00000210bfb4e600
instanceKlass reactor/core/publisher/MonoNext$NextSubscriber
instanceKlass reactor/core/publisher/FluxMap$MapSubscriber
instanceKlass reactor/core/publisher/InnerOperator
instanceKlass reactor/core/publisher/InnerProducer
instanceKlass reactor/core/Fuseable$QueueSubscription
instanceKlass reactor/core/publisher/InnerConsumer
instanceKlass reactor/util/context/Context0
instanceKlass reactor/util/context/CoreContext
instanceKlass reactor/util/context/Context
instanceKlass  @bci org/springframework/cloud/loadbalancer/core/RoundRobinLoadBalancer choose (Lorg/springframework/cloud/client/loadbalancer/Request;)Lreactor/core/publisher/Mono; 23 <appendix> member <vmtarget> ; # org/springframework/cloud/loadbalancer/core/RoundRobinLoadBalancer$$Lambda+0x00000210bfb4c440
instanceKlass  @bci org/springframework/cloud/loadbalancer/core/RoundRobinLoadBalancer lambda$new$0 (Lorg/springframework/beans/factory/ObjectProvider;)Lorg/springframework/cloud/loadbalancer/core/ServiceInstanceListSupplier; 1 <appendix> argL0 ; # org/springframework/cloud/loadbalancer/core/RoundRobinLoadBalancer$$Lambda+0x00000210bfb4c220
instanceKlass org/springframework/cloud/loadbalancer/core/NoopServiceInstanceListSupplier
instanceKlass  @bci org/springframework/cloud/openfeign/loadbalancer/FeignBlockingLoadBalancerClient execute (Lfeign/Request;Lfeign/Request$Options;)Lfeign/Response; 89 <appendix> member <vmtarget> ; # org/springframework/cloud/openfeign/loadbalancer/FeignBlockingLoadBalancerClient$$Lambda+0x00000210bfb4bd80
instanceKlass  @bci org/springframework/cloud/client/loadbalancer/LoadBalancerLifecycleValidator getSupportedLifecycleProcessors (Ljava/util/Map;Ljava/lang/Class;Ljava/lang/Class;Ljava/lang/Class;)Ljava/util/Set; 26 <appendix> member <vmtarget> ; # org/springframework/cloud/client/loadbalancer/LoadBalancerLifecycleValidator$$Lambda+0x00000210bfb4bb28
instanceKlass org/springframework/cloud/client/loadbalancer/LoadBalancerLifecycleValidator
instanceKlass org/springframework/cloud/client/loadbalancer/ResponseData
instanceKlass  @bci org/springframework/cloud/loadbalancer/core/RoundRobinLoadBalancer <init> (Lorg/springframework/beans/factory/ObjectProvider;Ljava/lang/String;I)V 11 <appendix> member <vmtarget> ; # org/springframework/cloud/loadbalancer/core/RoundRobinLoadBalancer$$Lambda+0x00000210bfb4b4c8
instanceKlass org/springframework/cloud/context/named/ClientFactoryObjectProvider
instanceKlass org/springframework/cloud/loadbalancer/core/RoundRobinLoadBalancer
instanceKlass org/springframework/cloud/loadbalancer/core/ReactorServiceInstanceLoadBalancer
instanceKlass  @bci reactor/cache/CacheFlux lambda$null$5 (Ljava/util/function/Function;Ljava/lang/Object;Ljava/util/function/Supplier;Ljava/util/function/BiFunction;)Lreactor/core/publisher/Flux; 4 <appendix> member <vmtarget> ; # reactor/cache/CacheFlux$$Lambda+0x00000210bfb4aaa8
instanceKlass  @bci org/springframework/cloud/loadbalancer/core/CachingServiceInstanceListSupplier <init> (Lorg/springframework/cloud/loadbalancer/core/ServiceInstanceListSupplier;Lorg/springframework/cache/CacheManager;)V 40 <appendix> member <vmtarget> ; # org/springframework/cloud/loadbalancer/core/CachingServiceInstanceListSupplier$$Lambda+0x00000210bfb4a870
instanceKlass  @bci reactor/cache/CacheFlux lambda$lookup$6 (Ljava/util/function/Function;Ljava/lang/Object;Ljava/util/function/Supplier;)Lreactor/cache/CacheFlux$FluxCacheBuilderCacheWriter; 3 <appendix> member <vmtarget> ; # reactor/cache/CacheFlux$$Lambda+0x00000210bfb4a648
instanceKlass  @bci reactor/cache/CacheFlux$FluxCacheBuilderCacheMiss onCacheMissResume (Lreactor/core/publisher/Flux;)Lreactor/cache/CacheFlux$FluxCacheBuilderCacheWriter; 2 <appendix> member <vmtarget> ; # reactor/cache/CacheFlux$FluxCacheBuilderCacheMiss$$Lambda+0x00000210bfb4a420
instanceKlass  @bci reactor/cache/CacheFlux lookup (Ljava/util/function/Function;Ljava/lang/Object;)Lreactor/cache/CacheFlux$FluxCacheBuilderCacheMiss; 2 <appendix> member <vmtarget> ; # reactor/cache/CacheFlux$$Lambda+0x00000210bfb4a1e8
instanceKlass reactor/cache/CacheFlux$FluxCacheBuilderCacheWriter
instanceKlass reactor/cache/CacheFlux$FluxCacheBuilderCacheMiss
instanceKlass reactor/cache/CacheFlux
instanceKlass  @bci org/springframework/cloud/loadbalancer/core/CachingServiceInstanceListSupplier <init> (Lorg/springframework/cloud/loadbalancer/core/ServiceInstanceListSupplier;Lorg/springframework/cache/CacheManager;)V 7 <appendix> member <vmtarget> ; # org/springframework/cloud/loadbalancer/core/CachingServiceInstanceListSupplier$$Lambda+0x00000210bfb49998
instanceKlass  @bci org/springframework/cloud/loadbalancer/core/DiscoveryClientServiceInstanceListSupplier <init> (Lorg/springframework/cloud/client/discovery/DiscoveryClient;Lorg/springframework/core/env/Environment;)V 62 <appendix> member <vmtarget> ; # org/springframework/cloud/loadbalancer/core/DiscoveryClientServiceInstanceListSupplier$$Lambda+0x00000210bfb49750
instanceKlass reactor/core/Scannable$Attr
instanceKlass reactor/core/publisher/ContextPropagationSupport
instanceKlass reactor/core/publisher/Operators$1
instanceKlass reactor/core/Fuseable$ConditionalSubscriber
instanceKlass reactor/core/publisher/Operators
instanceKlass  @bci reactor/core/publisher/Flux timeout (Ljava/time/Duration;Lorg/reactivestreams/Publisher;Lreactor/core/scheduler/Scheduler;)Lreactor/core/publisher/Flux; 16 <appendix> member <vmtarget> ; # reactor/core/publisher/Flux$$Lambda+0x00000210bfb487d0
instanceKlass  @bci reactor/core/scheduler/BoundedElasticScheduler init ()V 81 <appendix> member <vmtarget> ; # reactor/core/scheduler/BoundedElasticScheduler$$Lambda+0x00000210bfb485a8
instanceKlass  @bci reactor/core/scheduler/Schedulers newBoundedElastic (IILjava/lang/String;IZ)Lreactor/core/scheduler/Scheduler; 13 <appendix> argL0 ; # reactor/core/scheduler/Schedulers$$Lambda+0x00000210bfb48378
instanceKlass  @bci reactor/core/publisher/Mono <clinit> ()V 0 <appendix> argL0 ; # reactor/core/publisher/Mono$$Lambda+0x00000210bfb41d50
instanceKlass  @bci reactor/core/scheduler/BoundedElasticScheduler$BoundedServices <clinit> ()V 138 <appendix> argL0 ; # reactor/core/scheduler/BoundedElasticScheduler$BoundedServices$$Lambda+0x00000210bfb41b30
instanceKlass reactor/core/scheduler/BoundedElasticScheduler$BoundedServices$BusyStates
instanceKlass reactor/core/scheduler/BoundedElasticScheduler$BoundedState
instanceKlass reactor/core/scheduler/SchedulerState
instanceKlass reactor/core/scheduler/Scheduler$Worker
instanceKlass reactor/core/scheduler/BoundedElasticScheduler
instanceKlass reactor/core/scheduler/SchedulerState$DisposeAwaiter
instanceKlass reactor/core/scheduler/NonBlocking
instanceKlass reactor/core/scheduler/ReactorThreadFactory
instanceKlass reactor/core/scheduler/Schedulers$CachedScheduler
instanceKlass reactor/core/scheduler/Schedulers$1
instanceKlass  @bci reactor/core/scheduler/Schedulers <clinit> ()V 198 <appendix> argL0 ; # reactor/core/scheduler/Schedulers$$Lambda+0x00000210bfb42000
instanceKlass  @bci reactor/core/scheduler/Schedulers <clinit> ()V 190 <appendix> argL0 ; # reactor/core/scheduler/Schedulers$$Lambda+0x00000210bfb47dd8
instanceKlass reactor/core/scheduler/BoundedElasticSchedulerSupplier
instanceKlass  @bci reactor/core/scheduler/Schedulers <clinit> ()V 136 <appendix> argL0 ; # reactor/core/scheduler/Schedulers$$Lambda+0x00000210bfb47958
instanceKlass  @bci reactor/core/scheduler/Schedulers <clinit> ()V 112 <appendix> argL0 ; # reactor/core/scheduler/Schedulers$$Lambda+0x00000210bfb47718
instanceKlass  @bci reactor/core/scheduler/Schedulers <clinit> ()V 77 <appendix> argL0 ; # reactor/core/scheduler/Schedulers$$Lambda+0x00000210bfb474d8
instanceKlass  @bci reactor/core/scheduler/Schedulers <clinit> ()V 51 <appendix> argL0 ; # reactor/core/scheduler/Schedulers$$Lambda+0x00000210bfb472b8
instanceKlass  @bci reactor/core/scheduler/Schedulers <clinit> ()V 43 <appendix> argL0 ; # reactor/core/scheduler/Schedulers$$Lambda+0x00000210bfb47078
instanceKlass  @bci reactor/core/scheduler/Schedulers <clinit> ()V 17 <appendix> argL0 ; # reactor/core/scheduler/Schedulers$$Lambda+0x00000210bfb46e58
instanceKlass  @bci reactor/core/scheduler/Schedulers <clinit> ()V 9 <appendix> argL0 ; # reactor/core/scheduler/Schedulers$$Lambda+0x00000210bfb46c18
instanceKlass reactor/core/scheduler/Schedulers$Factory
instanceKlass reactor/core/scheduler/Scheduler
instanceKlass reactor/core/scheduler/Schedulers
instanceKlass  @bci org/springframework/cloud/loadbalancer/core/DiscoveryClientServiceInstanceListSupplier <init> (Lorg/springframework/cloud/client/discovery/DiscoveryClient;Lorg/springframework/core/env/Environment;)V 47 <appendix> member <vmtarget> ; # org/springframework/cloud/loadbalancer/core/DiscoveryClientServiceInstanceListSupplier$$Lambda+0x00000210bfb463e8
instanceKlass reactor/util/Loggers$Slf4JLogger
instanceKlass reactor/util/Logger
instanceKlass reactor/util/Loggers$Slf4JLoggerFactory
instanceKlass reactor/util/Loggers
instanceKlass reactor/core/publisher/OnNextFailureStrategy
instanceKlass  @bci org/springframework/cloud/loadbalancer/core/DiscoveryClientServiceInstanceListSupplier <init> (Lorg/springframework/cloud/client/discovery/DiscoveryClient;Lorg/springframework/core/env/Environment;)V 34 <appendix> member <vmtarget> ; # org/springframework/cloud/loadbalancer/core/DiscoveryClientServiceInstanceListSupplier$$Lambda+0x00000210bfb45350
instanceKlass org/springframework/cloud/loadbalancer/core/DiscoveryClientServiceInstanceListSupplier
instanceKlass  @bci org/springframework/cloud/loadbalancer/core/ServiceInstanceListSupplierBuilder withCaching ()Lorg/springframework/cloud/loadbalancer/core/ServiceInstanceListSupplierBuilder; 0 <appendix> argL0 ; # org/springframework/cloud/loadbalancer/core/ServiceInstanceListSupplierBuilder$$Lambda+0x00000210bfb44e98
instanceKlass org/springframework/cloud/loadbalancer/core/ServiceInstanceListSupplierBuilder$DelegateCreator
instanceKlass  @bci org/springframework/cloud/loadbalancer/core/ServiceInstanceListSupplierBuilder withBlockingDiscoveryClient ()Lorg/springframework/cloud/loadbalancer/core/ServiceInstanceListSupplierBuilder; 29 <appendix> argL0 ; # org/springframework/cloud/loadbalancer/core/ServiceInstanceListSupplierBuilder$$Lambda+0x00000210bfb44a40
instanceKlass org/springframework/cloud/loadbalancer/core/ServiceInstanceListSupplierBuilder$Creator
instanceKlass org/springframework/cloud/loadbalancer/core/ServiceInstanceListSupplierBuilder
# instanceKlass java/lang/invoke/LambdaForm$MH+0x00000210bfb40c00
# instanceKlass java/lang/invoke/LambdaForm$MH+0x00000210bfb40800
# instanceKlass java/lang/invoke/LambdaForm$MH+0x00000210bfb40400
instanceKlass org/springframework/cloud/loadbalancer/support/LoadBalancerEnvironmentPropertyUtils
instanceKlass org/springframework/cloud/loadbalancer/core/ReactorLoadBalancer
instanceKlass reactor/util/retry/Retry
instanceKlass org/springframework/cloud/loadbalancer/annotation/LoadBalancerClientConfiguration$ReactiveSupportConfiguration
instanceKlass org/springframework/cloud/loadbalancer/annotation/LoadBalancerClientConfiguration$BlockingSupportConfiguration
instanceKlass org/springframework/cloud/loadbalancer/annotation/LoadBalancerClientConfiguration$BlockingRetryConfiguration
instanceKlass org/springframework/cloud/loadbalancer/annotation/LoadBalancerClientConfiguration$ReactiveRetryConfiguration
instanceKlass org/springframework/cloud/loadbalancer/annotation/LoadBalancerClientConfiguration$AvoidPreviousInstanceEnabledCondition
instanceKlass org/springframework/cloud/loadbalancer/annotation/LoadBalancerClientConfiguration$DefaultConfigurationCondition
instanceKlass org/springframework/cloud/loadbalancer/annotation/LoadBalancerClientConfiguration$ZonePreferenceConfigurationCondition
instanceKlass org/springframework/cloud/loadbalancer/annotation/LoadBalancerClientConfiguration$HealthCheckConfigurationCondition
instanceKlass org/springframework/cloud/loadbalancer/annotation/LoadBalancerClientConfiguration$RequestBasedStickySessionConfigurationCondition
instanceKlass org/springframework/cloud/loadbalancer/annotation/LoadBalancerClientConfiguration$SameInstancePreferenceConfigurationCondition
instanceKlass org/springframework/cloud/loadbalancer/annotation/LoadBalancerClientConfiguration$WeightedConfigurationCondition
instanceKlass org/springframework/cloud/loadbalancer/annotation/LoadBalancerClientConfiguration$SubsetConfigurationCondition
instanceKlass org/springframework/cloud/client/loadbalancer/RequestData
instanceKlass  @bci org/springframework/cloud/openfeign/loadbalancer/LoadBalancerUtils buildRequestData (Lfeign/Request;)Lorg/springframework/cloud/client/loadbalancer/RequestData; 13 <appendix> member <vmtarget> ; # org/springframework/cloud/openfeign/loadbalancer/LoadBalancerUtils$$Lambda+0x00000210bfb3d5f8
instanceKlass org/springframework/cloud/openfeign/loadbalancer/LoadBalancerUtils
instanceKlass org/springframework/cloud/client/loadbalancer/HintRequestContext
instanceKlass  @bci feign/template/HeaderTemplate getValues ()Ljava/util/Collection; 9 <appendix> argL0 ; # feign/template/HeaderTemplate$$Lambda+0x00000210bfb3c650
instanceKlass  @bci feign/RequestTemplate appendHeader (Ljava/lang/String;Ljava/lang/Iterable;Z)Lfeign/RequestTemplate; 85 <appendix> member <vmtarget> ; # feign/RequestTemplate$$Lambda+0x00000210bfb3c418
instanceKlass  @cpi feign/RequestTemplate 563 form vmentry <vmtarget> ; # java/lang/invoke/LambdaForm$DMH+0x00000210bfb40000
instanceKlass  @bci feign/SynchronousMethodHandler findOptions ([Ljava/lang/Object;)Lfeign/Request$Options; 61 <appendix> member <vmtarget> ; # feign/SynchronousMethodHandler$$Lambda+0x00000210bfb3c1d0
instanceKlass  @bci feign/SynchronousMethodHandler findOptions ([Ljava/lang/Object;)Lfeign/Request$Options; 44 <appendix> member <vmtarget> ; # feign/SynchronousMethodHandler$$Lambda+0x00000210bfb3bf78
instanceKlass  @bci feign/RequestTemplate extractQueryTemplates (Ljava/lang/String;Z)V 68 <appendix> member <vmtarget> ; # feign/RequestTemplate$$Lambda+0x00000210bfb3bd40
instanceKlass  @bci java/util/stream/Collectors lambda$groupingBy$53 (Ljava/util/function/Function;Ljava/util/function/Supplier;Ljava/util/function/BiConsumer;Ljava/util/Map;Ljava/lang/Object;)V 20 <appendix> member <vmtarget> ; # java/util/stream/Collectors$$Lambda+0x00000210bfa66fe8
instanceKlass  @bci java/util/stream/Collectors mapMerger (Ljava/util/function/BinaryOperator;)Ljava/util/function/BinaryOperator; 1 <appendix> member <vmtarget> ; # java/util/stream/Collectors$$Lambda+0x00000210bfa66d98
instanceKlass  @bci java/util/stream/Collectors groupingBy (Ljava/util/function/Function;Ljava/util/function/Supplier;Ljava/util/stream/Collector;)Ljava/util/stream/Collector; 19 <appendix> member <vmtarget> ; # java/util/stream/Collectors$$Lambda+0x00000210bfa66b60
instanceKlass  @bci java/util/stream/Collectors mapping (Ljava/util/function/Function;Ljava/util/stream/Collector;)Ljava/util/stream/Collector; 19 <appendix> member <vmtarget> ; # java/util/stream/Collectors$$Lambda+0x00000210bfa66928
instanceKlass  @bci feign/RequestTemplate extractQueryTemplates (Ljava/lang/String;Z)V 30 <appendix> argL0 ; # feign/RequestTemplate$$Lambda+0x00000210bfb3bb00
instanceKlass  @bci feign/RequestTemplate extractQueryTemplates (Ljava/lang/String;Z)V 25 <appendix> argL0 ; # feign/RequestTemplate$$Lambda+0x00000210bfb3b8e0
instanceKlass  @bci feign/RequestTemplate extractQueryTemplates (Ljava/lang/String;Z)V 20 <appendix> argL0 ; # feign/RequestTemplate$$Lambda+0x00000210bfb3b6a0
instanceKlass  @bci feign/RequestTemplate extractQueryTemplates (Ljava/lang/String;Z)V 10 <appendix> member <vmtarget> ; # feign/RequestTemplate$$Lambda+0x00000210bfb3b458
instanceKlass  @bci feign/template/QueryTemplate getValues ()Ljava/util/List; 9 <appendix> argL0 ; # feign/template/QueryTemplate$$Lambda+0x00000210bfb3b218
instanceKlass org/springframework/web/bind/annotation/RequestAttribute
instanceKlass org/springframework/web/bind/annotation/SessionAttribute
instanceKlass jakarta/servlet/http/Part
instanceKlass org/springframework/web/multipart/support/MultipartResolutionDelegate
instanceKlass org/springframework/web/bind/annotation/ModelAttribute
instanceKlass  @bci org/springframework/ui/ModelMap mergeAttributes (Ljava/util/Map;)Lorg/springframework/ui/ModelMap; 6 <appendix> member <vmtarget> ; # org/springframework/ui/ModelMap$$Lambda+0x00000210bfb3a170
instanceKlass org/springframework/web/servlet/support/RequestContextUtils
instanceKlass org/springframework/web/bind/support/SimpleSessionStatus
instanceKlass org/springframework/web/bind/support/SessionStatus
instanceKlass  @bci org/springframework/web/servlet/mvc/method/annotation/RequestMappingHandlerAdapter getModelFactory (Lorg/springframework/web/method/HandlerMethod;Lorg/springframework/web/bind/support/WebDataBinderFactory;)Lorg/springframework/web/method/annotation/ModelFactory; 76 <appendix> member <vmtarget> ; # org/springframework/web/servlet/mvc/method/annotation/RequestMappingHandlerAdapter$$Lambda+0x00000210bfb38960
instanceKlass org/springframework/web/bind/annotation/SessionAttributes
instanceKlass  @bci org/springframework/web/servlet/mvc/method/annotation/RequestMappingHandlerAdapter getSessionAttributesHandler (Lorg/springframework/web/method/HandlerMethod;)Lorg/springframework/web/method/annotation/SessionAttributesHandler; 9 <appendix> member <vmtarget> ; # org/springframework/web/servlet/mvc/method/annotation/RequestMappingHandlerAdapter$$Lambda+0x00000210bfb38518
instanceKlass org/springframework/validation/DataBinder$NameResolver
instanceKlass  @bci org/springframework/web/servlet/mvc/method/annotation/RequestMappingHandlerAdapter getDataBinderFactory (Lorg/springframework/web/method/HandlerMethod;)Lorg/springframework/web/bind/support/WebDataBinderFactory; 60 <appendix> member <vmtarget> ; # org/springframework/web/servlet/mvc/method/annotation/RequestMappingHandlerAdapter$$Lambda+0x00000210bfb37138
instanceKlass org/springframework/web/bind/annotation/InitBinder
instanceKlass  @bci org/springframework/core/MethodIntrospector selectMethods (Ljava/lang/Class;Lorg/springframework/util/ReflectionUtils$MethodFilter;)Ljava/util/Set; 2 <appendix> member <vmtarget> ; # org/springframework/core/MethodIntrospector$$Lambda+0x00000210bfb36d10
instanceKlass  @bci org/springframework/web/context/request/async/WebAsyncManager setAsyncWebRequest (Lorg/springframework/web/context/request/async/AsyncWebRequest;)V 16 <appendix> member <vmtarget> ; # org/springframework/web/context/request/async/WebAsyncManager$$Lambda+0x00000210bfb36ae8
instanceKlass org/springframework/orm/jpa/support/AsyncRequestInterceptor
instanceKlass org/springframework/transaction/support/ResourceHolderSupport
instanceKlass org/springframework/transaction/support/ResourceHolder
instanceKlass org/springframework/security/web/firewall/StrictHttpFirewall$StrictFirewalledRequest$1
instanceKlass org/springframework/web/util/WebUtils
instanceKlass org/springframework/core/log/LogFormatUtils
instanceKlass  @bci org/springframework/web/servlet/DispatcherServlet logRequest (Ljakarta/servlet/http/HttpServletRequest;)V 6 <appendix> member <vmtarget> ; # org/springframework/web/servlet/DispatcherServlet$$Lambda+0x00000210bfb33738
instanceKlass org/springframework/web/servlet/FrameworkServlet$RequestBindingInterceptor
instanceKlass  @bci org/springframework/web/servlet/DispatcherServlet buildLocaleContext (Ljakarta/servlet/http/HttpServletRequest;)Lorg/springframework/context/i18n/LocaleContext; 27 <appendix> member <vmtarget> ; # org/springframework/web/servlet/DispatcherServlet$$Lambda+0x00000210bfb33290
instanceKlass org/springframework/web/servlet/LocaleContextResolver
instanceKlass  @bci org/springframework/security/web/access/intercept/AuthorizationFilter doFilter (Ljakarta/servlet/ServletRequest;Ljakarta/servlet/ServletResponse;Ljakarta/servlet/FilterChain;)V 101 <appendix> member <vmtarget> ; # org/springframework/security/web/access/intercept/AuthorizationFilter$$Lambda+0x00000210bfb32e68
instanceKlass  @bci org/springframework/web/servlet/handler/PathPatternMatchableHandlerMapping match (Ljakarta/servlet/http/HttpServletRequest;Ljava/lang/String;)Lorg/springframework/web/servlet/handler/RequestMatchResult; 7 <appendix> member <vmtarget> ; # org/springframework/web/servlet/handler/PathPatternMatchableHandlerMapping$$Lambda+0x00000210bfb32c20
instanceKlass  @bci org/springframework/security/web/access/intercept/AuthorizationFilter doFilter (Ljakarta/servlet/ServletRequest;Ljakarta/servlet/ServletResponse;Ljakarta/servlet/FilterChain;)V 82 <appendix> member <vmtarget> ; # org/springframework/security/web/access/intercept/AuthorizationFilter$$Lambda+0x00000210bfb329f8
instanceKlass  @bci org/springframework/security/web/authentication/AnonymousAuthenticationFilter defaultWithAnonymous (Ljakarta/servlet/http/HttpServletRequest;Ljava/util/function/Supplier;)Ljava/util/function/Supplier; 3 <appendix> member <vmtarget> ; # org/springframework/security/web/authentication/AnonymousAuthenticationFilter$$Lambda+0x00000210bfb327d0
instanceKlass  @bci org/springframework/security/core/context/ThreadLocalSecurityContextHolderStrategy setContext (Lorg/springframework/security/core/context/SecurityContext;)V 10 <appendix> member <vmtarget> ; # org/springframework/security/core/context/ThreadLocalSecurityContextHolderStrategy$$Lambda+0x00000210bfb31548
instanceKlass org/springframework/security/oauth2/core/OAuth2TokenValidatorResult
instanceKlass  @bci org/springframework/security/oauth2/jwt/NimbusJwtDecoder createJwt (Ljava/lang/String;Lcom/nimbusds/jwt/JWT;)Lorg/springframework/security/oauth2/jwt/Jwt; 64 <appendix> member <vmtarget> ; # org/springframework/security/oauth2/jwt/NimbusJwtDecoder$$Lambda+0x00000210bfb31100
instanceKlass  @bci org/springframework/security/oauth2/jwt/NimbusJwtDecoder createJwt (Ljava/lang/String;Lcom/nimbusds/jwt/JWT;)Lorg/springframework/security/oauth2/jwt/Jwt; 54 <appendix> member <vmtarget> ; # org/springframework/security/oauth2/jwt/NimbusJwtDecoder$$Lambda+0x00000210bfb30ec8
instanceKlass org/springframework/security/oauth2/jwt/Jwt$Builder
instanceKlass  @bci org/springframework/security/oauth2/jwt/MappedJwtClaimSetConverter convertInstant (Ljava/lang/Object;)Ljava/time/Instant; 35 <appendix> member <vmtarget> ; # org/springframework/security/oauth2/jwt/MappedJwtClaimSetConverter$$Lambda+0x00000210bfb30a90
instanceKlass  @bci org/springframework/security/oauth2/jwt/MappedJwtClaimSetConverter convert (Ljava/util/Map;)Ljava/util/Map; 105 <appendix> member <vmtarget> ; # org/springframework/security/oauth2/jwt/MappedJwtClaimSetConverter$$Lambda+0x00000210bfb30858
instanceKlass com/nimbusds/jose/crypto/impl/RSASSA
instanceKlass com/nimbusds/jose/crypto/impl/CriticalHeaderParamsDeferral
instanceKlass java/security/KeyPair
instanceKlass com/nimbusds/jose/jwk/KeyConverter
instanceKlass com/nimbusds/jose/jwk/source/JWKSetWithTimestamp
instanceKlass com/nimbusds/jose/util/X509CertUtils
instanceKlass com/nimbusds/jose/jwk/KeyUseAndOpsConsistency
instanceKlass com/nimbusds/jose/util/X509CertChainUtils
instanceKlass com/nimbusds/jose/jwk/JWKMetadata
instanceKlass com/nimbusds/jose/jwk/CurveBasedJWK
instanceKlass com/nimbusds/jose/jwk/AsymmetricJWK
instanceKlass com/nimbusds/jose/jwk/SecretJWK
instanceKlass com/nimbusds/jose/jwk/JWK
instanceKlass com/nimbusds/jose/jwk/JWKSet
instanceKlass com/nimbusds/jose/util/Resource
instanceKlass sun/net/www/http/KeepAliveEntry
instanceKlass sun/net/www/http/KeepAliveCache$1
instanceKlass org/springframework/http/client/SimpleClientHttpResponse
instanceKlass sun/net/www/http/KeepAliveStreamCleaner$2
instanceKlass sun/net/www/http/KeepAliveStreamCleaner$1
instanceKlass sun/net/www/http/Hurryable
instanceKlass sun/net/www/protocol/http/AuthCacheValue
instanceKlass sun/net/www/http/HttpCapture$1
instanceKlass sun/net/www/http/HttpCapture
instanceKlass sun/net/www/http/KeepAliveKey
instanceKlass sun/net/NetworkClient$1
instanceKlass sun/net/NetworkClient
instanceKlass sun/net/www/protocol/http/HttpURLConnection$7
instanceKlass  @bci org/springframework/http/client/SimpleClientHttpRequest addHeaders (Ljava/net/HttpURLConnection;Lorg/springframework/http/HttpHeaders;)V 45 <appendix> member <vmtarget> ; # org/springframework/http/client/SimpleClientHttpRequest$$Lambda+0x00000210bfb2cca8
instanceKlass  @bci org/springframework/web/client/RestTemplate$HttpEntityRequestCallback doWithRequest (Lorg/springframework/http/client/ClientHttpRequest;)V 44 <appendix> member <vmtarget> ; # org/springframework/web/client/RestTemplate$HttpEntityRequestCallback$$Lambda+0x00000210bfb2ca70
instanceKlass java/net/ResponseCache
instanceKlass sun/net/www/protocol/http/HttpURLConnection$3
instanceKlass java/net/CookieHandler
instanceKlass sun/net/www/protocol/http/HttpURLConnection$2
instanceKlass sun/net/util/ProxyUtil
instanceKlass  @bci sun/net/www/protocol/http/AuthCacheImpl getAuthCacheFor (Ljava/net/Authenticator;)Lsun/net/www/protocol/http/AuthCacheImpl; 4 <appendix> argL0 ; # sun/net/www/protocol/http/AuthCacheImpl$$Lambda+0x00000210bfa61020
instanceKlass java/net/Authenticator
instanceKlass sun/net/www/protocol/http/AuthCacheImpl
instanceKlass sun/net/www/protocol/http/AuthCache
instanceKlass  @bci sun/net/www/protocol/http/HttpURLConnection getNetProperty (Ljava/lang/String;)Ljava/lang/String; 1 <appendix> member <vmtarget> ; # sun/net/www/protocol/http/HttpURLConnection$$Lambda+0x00000210bfa60770
instanceKlass org/springframework/http/RequestEntity$BodyBuilder
instanceKlass org/springframework/http/RequestEntity$HeadersBuilder
instanceKlass com/nimbusds/jose/jwk/JWKSelector
instanceKlass com/nimbusds/jose/jwk/KeyUse
instanceKlass com/nimbusds/jose/jwk/KeyType
instanceKlass com/nimbusds/jose/jwk/JWKMatcher$Builder
instanceKlass com/nimbusds/jose/util/ArrayUtils
instanceKlass com/nimbusds/jose/jwk/JWKMatcher
instanceKlass com/nimbusds/jwt/util/DateUtils
instanceKlass com/nimbusds/jose/shaded/gson/internal/LinkedTreeMap$LinkedTreeMapIterator
instanceKlass com/nimbusds/jose/JWSHeader$Builder
instanceKlass com/nimbusds/jose/Payload
instanceKlass com/nimbusds/jose/CompletableJWSObjectSigning
instanceKlass com/nimbusds/jose/JOSEObject
instanceKlass com/nimbusds/jose/Header
instanceKlass com/nimbusds/jose/shaded/gson/internal/Primitives
instanceKlass com/nimbusds/jose/shaded/gson/internal/bind/ObjectTypeAdapter$2
instanceKlass com/nimbusds/jose/shaded/gson/internal/LinkedTreeMap$Node
instanceKlass com/nimbusds/jose/shaded/gson/internal/LinkedTreeMap$1
instanceKlass  @bci com/nimbusds/jose/shaded/gson/internal/ConstructorConstructor newMapConstructor (Ljava/lang/reflect/Type;Ljava/lang/Class;)Lcom/nimbusds/jose/shaded/gson/internal/ObjectConstructor; 17 <appendix> argL0 ; # com/nimbusds/jose/shaded/gson/internal/ConstructorConstructor$$Lambda+0x00000210bfb25310
instanceKlass com/nimbusds/jose/shaded/gson/internal/ObjectConstructor
instanceKlass com/nimbusds/jose/shaded/gson/internal/ReflectionAccessFilterHelper
instanceKlass com/nimbusds/jose/shaded/gson/internal/reflect/ReflectionHelper$RecordHelper
instanceKlass com/nimbusds/jose/shaded/gson/internal/reflect/ReflectionHelper
instanceKlass com/nimbusds/jose/shaded/gson/internal/JsonReaderInternalAccess
instanceKlass com/nimbusds/jose/shaded/gson/internal/GsonPreconditions
instanceKlass com/nimbusds/jose/shaded/gson/internal/GsonTypes$ParameterizedTypeImpl
instanceKlass com/nimbusds/jose/shaded/gson/internal/GsonTypes
instanceKlass com/nimbusds/jose/shaded/gson/reflect/TypeToken
instanceKlass com/nimbusds/jose/shaded/gson/internal/bind/ReflectiveTypeAdapterFactory$BoundField
instanceKlass com/nimbusds/jose/shaded/gson/internal/bind/ReflectiveTypeAdapterFactory
instanceKlass com/nimbusds/jose/shaded/gson/internal/bind/JsonAdapterAnnotationTypeAdapterFactory$DummyTypeAdapterFactory
instanceKlass com/nimbusds/jose/shaded/gson/internal/bind/JsonAdapterAnnotationTypeAdapterFactory
instanceKlass com/nimbusds/jose/shaded/gson/internal/bind/MapTypeAdapterFactory
instanceKlass com/nimbusds/jose/shaded/gson/internal/bind/CollectionTypeAdapterFactory
instanceKlass com/nimbusds/jose/shaded/gson/internal/bind/ArrayTypeAdapter$1
instanceKlass com/nimbusds/jose/shaded/gson/internal/bind/DefaultDateTypeAdapter$1
instanceKlass com/nimbusds/jose/shaded/gson/internal/bind/NumberTypeAdapter$1
instanceKlass com/nimbusds/jose/shaded/gson/internal/bind/ObjectTypeAdapter$1
instanceKlass com/nimbusds/jose/shaded/gson/internal/bind/EnumTypeAdapter$1
instanceKlass com/nimbusds/jose/shaded/gson/internal/bind/TypeAdapters$31
instanceKlass com/nimbusds/jose/shaded/gson/internal/bind/TypeAdapters$32
instanceKlass com/nimbusds/jose/shaded/gson/internal/bind/TypeAdapters$30
instanceKlass com/nimbusds/jose/shaded/gson/internal/bind/TypeAdapters$29
instanceKlass com/nimbusds/jose/shaded/gson/internal/bind/TypeAdapters
instanceKlass com/nimbusds/jose/shaded/gson/internal/ConstructorConstructor
instanceKlass com/nimbusds/jose/shaded/gson/internal/sql/SqlTimestampTypeAdapter$1
instanceKlass com/nimbusds/jose/shaded/gson/internal/sql/SqlTimeTypeAdapter$1
instanceKlass com/nimbusds/jose/shaded/gson/internal/sql/SqlDateTypeAdapter$1
instanceKlass com/nimbusds/jose/shaded/gson/internal/bind/DefaultDateTypeAdapter$DateType
instanceKlass com/nimbusds/jose/shaded/gson/internal/sql/SqlTypesSupport
instanceKlass com/nimbusds/jose/shaded/gson/FormattingStyle
instanceKlass com/nimbusds/jose/shaded/gson/stream/JsonReader
instanceKlass com/nimbusds/jose/shaded/gson/stream/JsonWriter
instanceKlass com/nimbusds/jose/shaded/gson/Gson
instanceKlass com/nimbusds/jose/shaded/gson/JsonElement
instanceKlass com/nimbusds/jose/shaded/gson/TypeAdapter
instanceKlass com/nimbusds/jose/shaded/gson/internal/Excluder
instanceKlass com/nimbusds/jose/shaded/gson/TypeAdapterFactory
instanceKlass com/nimbusds/jose/shaded/gson/FieldNamingStrategy
instanceKlass com/nimbusds/jose/shaded/gson/GsonBuilder
instanceKlass com/nimbusds/jose/shaded/gson/ToNumberStrategy
instanceKlass com/nimbusds/jose/util/JSONObjectUtils
instanceKlass com/nimbusds/jose/util/StandardCharset
instanceKlass com/nimbusds/jose/util/Base64Codec
instanceKlass com/nimbusds/jose/util/Base64
instanceKlass com/nimbusds/jwt/JWTParser
instanceKlass org/springframework/security/web/authentication/WebAuthenticationDetails
instanceKlass  @bci org/springframework/security/core/context/ThreadLocalSecurityContextHolderStrategy setDeferredContext (Ljava/util/function/Supplier;)V 7 <appendix> member <vmtarget> ; # org/springframework/security/core/context/ThreadLocalSecurityContextHolderStrategy$$Lambda+0x00000210bfb0f140
instanceKlass org/springframework/security/web/context/SupplierDeferredSecurityContext
instanceKlass  @bci org/springframework/security/web/context/RequestAttributeSecurityContextRepository loadDeferredContext (Ljakarta/servlet/http/HttpServletRequest;)Lorg/springframework/security/core/context/DeferredSecurityContext; 2 <appendix> member <vmtarget> ; # org/springframework/security/web/context/RequestAttributeSecurityContextRepository$$Lambda+0x00000210bfb0ecd8
instanceKlass org/springframework/security/web/context/request/async/SecurityContextCallableProcessingInterceptor
instanceKlass org/springframework/web/context/request/async/TimeoutDeferredResultProcessingInterceptor
instanceKlass org/springframework/web/context/request/async/TimeoutCallableProcessingInterceptor
instanceKlass org/springframework/web/context/request/async/AsyncWebRequest
instanceKlass org/springframework/web/context/request/async/WebAsyncUtils
instanceKlass org/springframework/security/web/FilterChainProxy$VirtualFilterChain
instanceKlass  @bci org/springframework/security/web/FilterChainProxy doFilterInternal (Ljakarta/servlet/ServletRequest;Ljakarta/servlet/ServletResponse;Ljakarta/servlet/FilterChain;)V 139 <appendix> member <vmtarget> ; # org/springframework/security/web/FilterChainProxy$$Lambda+0x00000210bfb0d178
instanceKlass org/springframework/web/servlet/handler/HandlerMappingIntrospector$LookupPathMatchableHandlerMapping
instanceKlass  @bci org/springframework/web/servlet/mvc/method/RequestMappingInfoHandlerMapping extractMatchDetails (Lorg/springframework/web/servlet/mvc/condition/PathPatternsRequestCondition;Ljava/lang/String;Ljakarta/servlet/http/HttpServletRequest;)V 102 <appendix> member <vmtarget> ; # org/springframework/web/servlet/mvc/method/RequestMappingInfoHandlerMapping$$Lambda+0x00000210bfb0c7b0
instanceKlass  @bci org/springframework/http/server/observation/DefaultServerRequestObservationConvention <clinit> ()V 116 <appendix> argL0 ; # org/springframework/http/server/observation/DefaultServerRequestObservationConvention$$Lambda+0x00000210bfb0c570
instanceKlass org/springframework/http/server/observation/DefaultServerRequestObservationConvention
instanceKlass org/springframework/http/server/observation/ServerRequestObservationConvention
instanceKlass  @bci org/springframework/web/servlet/mvc/method/RequestMappingInfoHandlerMapping extractMatchDetails (Lorg/springframework/web/servlet/mvc/condition/PathPatternsRequestCondition;Ljava/lang/String;Ljakarta/servlet/http/HttpServletRequest;)V 53 <appendix> member <vmtarget> ; # org/springframework/web/servlet/mvc/method/RequestMappingInfoHandlerMapping$$Lambda+0x00000210bfb09f28
instanceKlass org/springframework/web/util/pattern/PathPattern$PathMatchInfo
instanceKlass org/springframework/web/servlet/handler/AbstractHandlerMethodMapping$Match
instanceKlass  @bci org/springframework/web/util/ServletRequestPathUtils getParsedRequestPath (Ljakarta/servlet/ServletRequest;)Lorg/springframework/http/server/RequestPath; 14 <appendix> argL0 ; # org/springframework/web/util/ServletRequestPathUtils$$Lambda+0x00000210bfb098c8
instanceKlass org/springframework/web/cors/CorsUtils
instanceKlass org/springframework/http/server/DefaultRequestPath
instanceKlass org/apache/catalina/core/ApplicationMapping$MappingImpl
instanceKlass org/apache/catalina/core/ApplicationMapping$1
instanceKlass org/springframework/web/util/ServletRequestPathUtils$ServletRequestPath
instanceKlass org/springframework/web/util/ServletRequestPathUtils
instanceKlass  @bci org/springframework/web/servlet/handler/HandlerMappingIntrospector setCache (Ljakarta/servlet/http/HttpServletRequest;)Lorg/springframework/web/servlet/handler/HandlerMappingIntrospector$CachedResult; 40 <appendix> member <vmtarget> ; # org/springframework/web/servlet/handler/HandlerMappingIntrospector$$Lambda+0x00000210bfb088e0
instanceKlass org/springframework/web/filter/CompositeFilter$VirtualFilterChain
instanceKlass org/springframework/context/i18n/SimpleLocaleContext
instanceKlass org/springframework/context/i18n/LocaleContextHolder
instanceKlass  @bci org/apache/catalina/connector/Request parseLocalesHeader (Ljava/lang/String;Ljava/util/TreeMap;)V 62 <appendix> argL0 ; # org/apache/catalina/connector/Request$$Lambda+0x00000210bfb07d28
instanceKlass org/apache/tomcat/util/http/parser/AcceptLanguage
instanceKlass org/apache/tomcat/util/http/ValuesEnumerator
instanceKlass org/apache/catalina/util/TLSUtil
instanceKlass org/apache/catalina/connector/ResponseFacade
instanceKlass org/apache/catalina/core/ApplicationFilterFactory$1
instanceKlass org/apache/catalina/util/FilterUtil
instanceKlass org/apache/catalina/core/ApplicationFilterChain
instanceKlass org/apache/catalina/core/ApplicationFilterFactory
instanceKlass org/apache/coyote/AbstractProcessor$1
instanceKlass jakarta/security/auth/message/config/AuthConfigProvider
instanceKlass  @bci jakarta/security/auth/message/config/AuthConfigFactory getFactory ()Ljakarta/security/auth/message/config/AuthConfigFactory; 32 <appendix> member <vmtarget> ; # jakarta/security/auth/message/config/AuthConfigFactory$$Lambda+0x00000210bfb04f28
instanceKlass  @bci jakarta/security/auth/message/config/AuthConfigFactory getFactoryClassName ()Ljava/lang/String; 0 <appendix> argL0 ; # jakarta/security/auth/message/config/AuthConfigFactory$$Lambda+0x00000210bfb04d08
instanceKlass jakarta/security/auth/message/config/AuthConfigFactory
instanceKlass org/apache/catalina/connector/RequestFacade
instanceKlass org/apache/catalina/util/SessionConfig
instanceKlass org/apache/tomcat/util/buf/UEncoder
instanceKlass org/apache/tomcat/util/collections/ConcurrentCache
instanceKlass org/apache/tomcat/util/http/parser/MediaTypeCache
instanceKlass org/apache/catalina/connector/Response
instanceKlass org/apache/catalina/core/ApplicationMapping
instanceKlass org/apache/catalina/mapper/MappingData
instanceKlass org/apache/catalina/util/ParameterMap
instanceKlass org/apache/tomcat/util/buf/ByteChunk$ByteInputChannel
instanceKlass org/apache/catalina/connector/Request$8
instanceKlass org/apache/catalina/connector/Request$7
instanceKlass org/apache/catalina/connector/Request$6
instanceKlass org/apache/catalina/connector/Request$5
instanceKlass org/apache/catalina/connector/Request$4
instanceKlass org/apache/catalina/connector/Request$3
instanceKlass org/apache/catalina/connector/Request$2
instanceKlass org/apache/catalina/connector/Request$1
instanceKlass org/apache/catalina/connector/Request$SpecialAttributeAdapter
instanceKlass jakarta/servlet/AsyncContext
instanceKlass org/apache/tomcat/util/http/fileupload/RequestContext
instanceKlass org/apache/tomcat/util/http/fileupload/FileItemFactory
instanceKlass jakarta/servlet/http/PushBuilder
instanceKlass jakarta/servlet/http/HttpServletMapping
instanceKlass org/apache/catalina/connector/Request
instanceKlass org/apache/tomcat/util/http/parser/Host
instanceKlass org/apache/tomcat/util/buf/Ascii
instanceKlass org/apache/tomcat/util/http/Method
instanceKlass  @bci org/apache/coyote/AbstractProtocol$ConnectionHandler register (Lorg/apache/coyote/Processor;)V 68 <adapter> ; # java/lang/invoke/LambdaForm$MH+0x00000210bfaff800
# instanceKlass java/lang/invoke/LambdaForm$DMH+0x00000210bfaff400
instanceKlass  @bci org/apache/coyote/AbstractProtocol$ConnectionHandler register (Lorg/apache/coyote/Processor;)V 68 <appendix> form vmentry <vmtarget> ; # java/lang/invoke/LambdaForm$MH+0x00000210bfaff000
# instanceKlass java/lang/invoke/LambdaForm$MH+0x00000210bfafec00
instanceKlass  @bci org/apache/coyote/AbstractProtocol$ConnectionHandler register (Lorg/apache/coyote/Processor;)V 68 <appendix> form names 10 function resolvedHandle form vmentry <vmtarget> ; # java/lang/invoke/LambdaForm$DMH+0x00000210bfafe800
instanceKlass  @bci org/apache/coyote/AbstractProtocol$ConnectionHandler register (Lorg/apache/coyote/Processor;)V 68 <appendix> argL3 form vmentry <vmtarget> ; # java/lang/invoke/LambdaForm$MH+0x00000210bfafe400
# instanceKlass java/lang/invoke/LambdaForm$MH+0x00000210bfafe000
# instanceKlass java/lang/invoke/LambdaForm$MH+0x00000210bfafdc00
# instanceKlass java/lang/invoke/LambdaForm$MH+0x00000210bfafd800
# instanceKlass java/lang/invoke/LambdaForm$MH+0x00000210bfafd400
instanceKlass  @bci org/apache/coyote/AbstractProtocol$ConnectionHandler register (Lorg/apache/coyote/Processor;)V 68 <appendix> form names 14 function resolvedHandle form vmentry <vmtarget> ; # java/lang/invoke/LambdaForm$DMH+0x00000210bfafd000
instanceKlass  @bci org/apache/coyote/AbstractProtocol$ConnectionHandler register (Lorg/apache/coyote/Processor;)V 68 <appendix> argL1 form vmentry <vmtarget> ; # java/lang/invoke/LambdaForm$MH+0x00000210bfafcc00
# instanceKlass java/lang/invoke/LambdaForm$MH+0x00000210bfafc800
# instanceKlass java/lang/invoke/LambdaForm$MH+0x00000210bfafc400
# instanceKlass java/lang/invoke/LambdaForm$MH+0x00000210bfafc000
instanceKlass org/apache/coyote/http11/filters/GzipOutputFilter
instanceKlass org/apache/coyote/http11/filters/BufferedInputFilter
instanceKlass org/apache/coyote/http11/filters/VoidOutputFilter
instanceKlass org/apache/coyote/http11/filters/VoidInputFilter
instanceKlass org/apache/coyote/http11/filters/ChunkedOutputFilter
instanceKlass org/apache/tomcat/util/http/parser/HttpHeaderParser$HeaderParseData
instanceKlass org/apache/tomcat/util/http/parser/HttpHeaderParser
instanceKlass org/apache/coyote/http11/filters/ChunkedInputFilter
instanceKlass org/apache/tomcat/util/http/parser/HttpHeaderParser$HeaderDataSource
instanceKlass org/apache/coyote/http11/filters/IdentityOutputFilter
instanceKlass org/apache/coyote/http11/filters/IdentityInputFilter
instanceKlass org/apache/coyote/http11/Http11OutputBuffer$SocketOutputBuffer
instanceKlass org/apache/coyote/http11/Http11OutputBuffer
instanceKlass org/apache/coyote/http11/Http11InputBuffer$SocketInputBuffer
instanceKlass org/apache/coyote/http11/Http11InputBuffer$HeaderParseData
instanceKlass org/apache/coyote/http11/Http11InputBuffer
instanceKlass org/apache/coyote/AsyncStateMachine
instanceKlass org/apache/coyote/RequestInfo
instanceKlass org/apache/tomcat/util/log/UserDataHelper
instanceKlass org/apache/tomcat/util/http/Parameters
instanceKlass org/apache/tomcat/util/http/ServerCookie
instanceKlass org/apache/tomcat/util/http/ServerCookies
instanceKlass org/apache/tomcat/util/http/MimeHeaderField
instanceKlass org/apache/tomcat/util/http/MimeHeaders
instanceKlass org/apache/tomcat/util/buf/AbstractChunk
instanceKlass org/apache/tomcat/util/buf/MessageBytes$MessageBytesFactory
instanceKlass org/apache/tomcat/util/buf/MessageBytes
instanceKlass jakarta/servlet/http/HttpUpgradeHandler
instanceKlass org/apache/coyote/http11/OutputFilter
instanceKlass org/apache/coyote/http11/HttpOutputBuffer
instanceKlass org/apache/coyote/OutputBuffer
instanceKlass org/apache/tomcat/util/net/ApplicationBufferHandler
instanceKlass org/apache/coyote/http11/InputFilter
instanceKlass org/apache/coyote/InputBuffer
instanceKlass org/apache/coyote/AbstractProcessorLight
instanceKlass org/apache/coyote/ActionHook
instanceKlass java/lang/invoke/ConstantBootstraps
instanceKlass java/nio/channels/SelectionKey
instanceKlass org/apache/tomcat/util/net/NioEndpoint$PollerEvent
instanceKlass sun/nio/ch/SocketChannelImpl$DefaultOptionsHolder
instanceKlass java/util/concurrent/Semaphore
instanceKlass java/util/concurrent/BlockingDeque
instanceKlass org/apache/tomcat/util/net/WriteBuffer
instanceKlass  @bci org/apache/tomcat/util/net/SocketWrapperBase <clinit> ()V 43 <appendix> argL0 ; # org/apache/tomcat/util/net/SocketWrapperBase$$Lambda+0x00000210bfaeb3b0
instanceKlass  @bci org/apache/tomcat/util/net/SocketWrapperBase <clinit> ()V 35 <appendix> argL0 ; # org/apache/tomcat/util/net/SocketWrapperBase$$Lambda+0x00000210bfaeb190
instanceKlass  @bci org/apache/tomcat/util/net/SocketWrapperBase <clinit> ()V 27 <appendix> argL0 ; # org/apache/tomcat/util/net/SocketWrapperBase$$Lambda+0x00000210bfaeaf70
instanceKlass  @cpi org/apache/tomcat/util/net/SocketWrapperBase 746 form vmentry <vmtarget> ; # java/lang/invoke/LambdaForm$DMH+0x00000210bfae9000
# instanceKlass java/lang/invoke/LambdaForm$DMH+0x00000210bfae8c00
instanceKlass org/apache/tomcat/util/net/SocketWrapperBase$CompletionCheck
instanceKlass org/apache/tomcat/util/net/SocketWrapperBase$OperationState
instanceKlass org/apache/tomcat/util/net/SendfileDataBase
instanceKlass jakarta/servlet/ServletConnection
instanceKlass org/apache/tomcat/util/net/SocketBufferHandler
instanceKlass  @bci com/netflix/discovery/shared/Applications populateInstanceCountMap (Ljava/util/Map;)V 71 <appendix> argL0 ; # com/netflix/discovery/shared/Applications$$Lambda+0x00000210bfaef0e8
instanceKlass org/apache/hc/core5/http/io/entity/NullEntity
instanceKlass  @bci org/springframework/web/util/HierarchicalUriComponents getQuery ()Ljava/lang/String; 25 <appendix> member <vmtarget> ; # org/springframework/web/util/HierarchicalUriComponents$$Lambda+0x00000210bfaee6f0
instanceKlass  @bci org/springframework/web/util/HierarchicalUriComponents lambda$expandQueryParams$6 (Lorg/springframework/web/util/UriComponents$UriTemplateVariables;Lorg/springframework/util/MultiValueMap;Ljava/lang/String;Ljava/util/List;)V 16 <appendix> member <vmtarget> ; # org/springframework/web/util/HierarchicalUriComponents$$Lambda+0x00000210bfaee4a8
instanceKlass com/netflix/discovery/shared/transport/decorator/EurekaHttpClientDecorator$3
instanceKlass com/netflix/discovery/shared/transport/decorator/EurekaHttpClientDecorator$7
instanceKlass java/util/concurrent/ConcurrentLinkedQueue$Itr
instanceKlass org/apache/tomcat/PeriodicEventListener
instanceKlass  @bci org/apache/catalina/webresources/Cache backgroundProcess ()V 4 <appendix> argL0 ; # org/apache/catalina/webresources/Cache$$Lambda+0x00000210bfaedc08
instanceKlass  @bci org/springframework/cloud/loadbalancer/support/LoadBalancerEagerContextInitializer onApplicationEvent (Lorg/springframework/boot/context/event/ApplicationReadyEvent;)V 13 <appendix> member <vmtarget> ; # org/springframework/cloud/loadbalancer/support/LoadBalancerEagerContextInitializer$$Lambda+0x00000210bfaed7d8
instanceKlass  @bci org/springframework/boot/SpringApplicationRunListeners ready (Lorg/springframework/context/ConfigurableApplicationContext;Ljava/time/Duration;)V 5 <appendix> member <vmtarget> ; # org/springframework/boot/SpringApplicationRunListeners$$Lambda+0x00000210bfaed5a0
instanceKlass  @bci org/springframework/boot/SpringApplication callRunners (Lorg/springframework/context/ConfigurableApplicationContext;Lorg/springframework/boot/ApplicationArguments;)V 125 <appendix> member <vmtarget> ; # org/springframework/boot/SpringApplication$$Lambda+0x00000210bfaed368
instanceKlass java/util/IdentityHashMap$IdentityHashMapSpliterator
instanceKlass org/springframework/boot/SpringApplication$FactoryAwareOrderSourceProvider
instanceKlass org/springframework/boot/Runner
instanceKlass  @bci org/springframework/boot/SpringApplicationRunListeners started (Lorg/springframework/context/ConfigurableApplicationContext;Ljava/time/Duration;)V 5 <appendix> member <vmtarget> ; # org/springframework/boot/SpringApplicationRunListeners$$Lambda+0x00000210bfaec910
instanceKlass jdk/internal/math/MathUtils
instanceKlass jdk/internal/math/DoubleToDecimal
instanceKlass  @bci org/springframework/web/servlet/resource/ResourceUrlProvider lambda$detectResourceHandlers$1 (Lorg/springframework/web/servlet/handler/AbstractUrlHandlerMapping;)V 5 <appendix> member <vmtarget> ; # org/springframework/web/servlet/resource/ResourceUrlProvider$$Lambda+0x00000210bfaec6d8
instanceKlass  @bci org/springframework/web/servlet/resource/ResourceUrlProvider detectResourceHandlers (Lorg/springframework/context/ApplicationContext;)V 48 <appendix> member <vmtarget> ; # org/springframework/web/servlet/resource/ResourceUrlProvider$$Lambda+0x00000210bfaec4a0
instanceKlass  @bci org/springframework/web/servlet/resource/ResourceUrlProvider detectResourceHandlers (Lorg/springframework/context/ApplicationContext;)V 37 <appendix> member <vmtarget> ; # org/springframework/web/servlet/resource/ResourceUrlProvider$$Lambda+0x00000210bfaec258
instanceKlass  @bci org/springframework/web/servlet/resource/ResourceUrlProvider detectResourceHandlers (Lorg/springframework/context/ApplicationContext;)V 20 <appendix> member <vmtarget> ; # org/springframework/web/servlet/resource/ResourceUrlProvider$$Lambda+0x00000210bfaec000
instanceKlass org/springframework/http/client/HttpComponentsClientHttpRequest$BodyEntity
instanceKlass org/springframework/http/client/InterceptingClientHttpRequest$InterceptingRequestExecution$1
instanceKlass com/fasterxml/jackson/databind/ser/std/StdKeySerializers
instanceKlass  @bci org/springframework/boot/autoconfigure/condition/ConditionEvaluationReport addNoMatchOutcomeToAncestors (Ljava/lang/String;)V 13 <appendix> member <vmtarget> ; # org/springframework/boot/autoconfigure/condition/ConditionEvaluationReport$$Lambda+0x00000210bfae5b60
instanceKlass  @bci org/springframework/boot/autoconfigure/condition/ConditionEvaluationReport getConditionAndOutcomesBySource ()Ljava/util/Map; 12 <appendix> member <vmtarget> ; # org/springframework/boot/autoconfigure/condition/ConditionEvaluationReport$$Lambda+0x00000210bfae5928
# instanceKlass java/lang/invoke/LambdaForm$MH+0x00000210bfae8800
# instanceKlass java/lang/invoke/LambdaForm$MH+0x00000210bfae8400
# instanceKlass java/lang/invoke/LambdaForm$BMH+0x00000210bfae8000
instanceKlass com/fasterxml/jackson/core/JsonGenerator$1
instanceKlass com/fasterxml/jackson/databind/jsontype/TypeSerializer$1
instanceKlass com/fasterxml/jackson/core/type/WritableTypeId
instanceKlass com/fasterxml/jackson/databind/ser/impl/PropertySerializerMap$SerializerAndMapResult
instanceKlass com/fasterxml/jackson/core/io/NumberOutput
instanceKlass java/util/AbstractMap$SimpleEntry
instanceKlass com/fasterxml/jackson/databind/ObjectWriter$Prefetch
instanceKlass com/fasterxml/jackson/databind/ObjectWriter$GeneratorSettings
instanceKlass com/fasterxml/jackson/core/util/MinimalPrettyPrinter
instanceKlass org/springframework/util/TypeUtils
instanceKlass  @bci org/springframework/http/converter/json/AbstractJackson2HttpMessageConverter writeInternal (Ljava/lang/Object;Ljava/lang/reflect/Type;Lorg/springframework/http/HttpOutputMessage;)V 71 <appendix> member <vmtarget> ; # org/springframework/http/converter/json/AbstractJackson2HttpMessageConverter$$Lambda+0x00000210bfae2ce8
instanceKlass org/springframework/http/converter/json/MappingJacksonValue
instanceKlass  @bci org/springframework/web/client/RestTemplate$HttpEntityRequestCallback doWithRequest (Lorg/springframework/http/client/ClientHttpRequest;)V 208 <appendix> member <vmtarget> ; # org/springframework/web/client/RestTemplate$HttpEntityRequestCallback$$Lambda+0x00000210bfae2870
instanceKlass com/fasterxml/jackson/databind/util/EnumValues
instanceKlass com/fasterxml/jackson/databind/ser/std/NumberSerializers$1
instanceKlass  @bci org/springframework/boot/web/embedded/tomcat/TomcatWebServer getContextPath ()Ljava/lang/String; 70 <appendix> argL0 ; # org/springframework/boot/web/embedded/tomcat/TomcatWebServer$$Lambda+0x00000210bfae1828
instanceKlass  @bci org/springframework/boot/web/embedded/tomcat/TomcatWebServer getContextPath ()Ljava/lang/String; 60 <appendix> argL0 ; # org/springframework/boot/web/embedded/tomcat/TomcatWebServer$$Lambda+0x00000210bfae15e8
instanceKlass  @bci org/springframework/boot/web/embedded/tomcat/TomcatWebServer getContextPath ()Ljava/lang/String; 50 <appendix> member <vmtarget> ; # org/springframework/boot/web/embedded/tomcat/TomcatWebServer$$Lambda+0x00000210bfae1390
instanceKlass  @bci org/springframework/boot/web/embedded/tomcat/TomcatWebServer getContextPath ()Ljava/lang/String; 39 <appendix> member <vmtarget> ; # org/springframework/boot/web/embedded/tomcat/TomcatWebServer$$Lambda+0x00000210bfae1148
instanceKlass  @bci org/springframework/boot/web/embedded/tomcat/TomcatWebServer getContextPath ()Ljava/lang/String; 22 <appendix> member <vmtarget> ; # org/springframework/boot/web/embedded/tomcat/TomcatWebServer$$Lambda+0x00000210bfae0ef0
instanceKlass com/fasterxml/jackson/annotation/JsonFilter
instanceKlass  @bci org/springframework/boot/web/embedded/tomcat/TomcatEmbeddedContext lambda$deferredLoadOnStartup$0 ()V 9 <appendix> member <vmtarget> ; # org/springframework/boot/web/embedded/tomcat/TomcatEmbeddedContext$$Lambda+0x00000210bfae0ab8
instanceKlass com/fasterxml/jackson/databind/annotation/JsonAppend
instanceKlass  @bci org/springframework/boot/web/embedded/tomcat/TomcatEmbeddedContext getLoadOnStartupWrappers ([Lorg/apache/catalina/Container;)Ljava/util/stream/Stream; 95 <appendix> argL0 ; # org/springframework/boot/web/embedded/tomcat/TomcatEmbeddedContext$$Lambda+0x00000210bfae0678
instanceKlass java/util/TreeMap$TreeMapSpliterator
instanceKlass  @bci org/apache/coyote/AbstractProtocol startAsyncTimeout ()V 77 <appendix> member <vmtarget> ; # org/apache/coyote/AbstractProtocol$$Lambda+0x00000210bfae0450
instanceKlass  @bci org/springframework/boot/web/embedded/tomcat/TomcatEmbeddedContext deferredLoadOnStartup ()V 11 <appendix> member <vmtarget> ; # org/springframework/boot/web/embedded/tomcat/TomcatEmbeddedContext$$Lambda+0x00000210bfae0228
instanceKlass  @bci org/apache/coyote/AbstractProtocol start ()V 58 <appendix> member <vmtarget> ; # org/apache/coyote/AbstractProtocol$$Lambda+0x00000210bfae0000
instanceKlass com/fasterxml/jackson/databind/ser/impl/PropertySerializerMap
instanceKlass org/apache/tomcat/util/net/Acceptor
instanceKlass java/nio/channels/spi/AbstractSelector$1
instanceKlass com/fasterxml/jackson/databind/ser/PropertyBuilder$1
instanceKlass com/fasterxml/jackson/annotation/JsonTypeId
instanceKlass com/fasterxml/jackson/databind/introspect/POJOPropertyBuilder$3
instanceKlass com/fasterxml/jackson/annotation/JsonInclude
instanceKlass com/fasterxml/jackson/databind/ser/PropertyBuilder
instanceKlass java/nio/BufferMismatch
instanceKlass java/nio/channels/spi/AbstractInterruptibleChannel$1
instanceKlass sun/nio/ch/Interruptible
instanceKlass com/fasterxml/jackson/databind/ser/BeanSerializerBuilder
instanceKlass com/fasterxml/jackson/databind/util/internal/PrivateMaxEntriesMap$EntryIterator
instanceKlass  @bci com/fasterxml/jackson/databind/ser/impl/ReadOnlyClassToSerializerMap <init> (Lcom/fasterxml/jackson/databind/util/LookupCache;)V 38 <appendix> member <vmtarget> ; # com/fasterxml/jackson/databind/ser/impl/ReadOnlyClassToSerializerMap$$Lambda+0x00000210bfadd008
instanceKlass  @bci sun/nio/ch/UnixDomainSocketsUtil getTempDir ()Ljava/lang/String; 0 <appendix> argL0 ; # sun/nio/ch/UnixDomainSocketsUtil$$Lambda+0x00000210bfa5a8c0
instanceKlass com/fasterxml/jackson/databind/util/TypeKey
instanceKlass sun/nio/ch/UnixDomainSocketsUtil
instanceKlass sun/nio/ch/UnixDomainSockets
instanceKlass sun/nio/ch/PipeImpl$Initializer$LoopbackConnector
instanceKlass com/fasterxml/jackson/databind/ser/impl/ReadOnlyClassToSerializerMap$Bucket
instanceKlass sun/nio/ch/PipeImpl$Initializer
instanceKlass java/nio/channels/Pipe
instanceKlass com/fasterxml/jackson/databind/ser/impl/ReadOnlyClassToSerializerMap
instanceKlass sun/nio/ch/WEPoll
instanceKlass sun/nio/ch/Util$2
instanceKlass java/nio/channels/Selector
instanceKlass org/apache/tomcat/util/collections/SynchronizedQueue
instanceKlass com/fasterxml/jackson/databind/deser/std/DateDeserializers
instanceKlass org/apache/tomcat/util/net/NioEndpoint$Poller
instanceKlass  @bci org/springframework/web/util/HierarchicalUriComponents expandQueryParams (Lorg/springframework/web/util/UriComponents$UriTemplateVariables;)Lorg/springframework/util/MultiValueMap; 37 <appendix> member <vmtarget> ; # org/springframework/web/util/HierarchicalUriComponents$$Lambda+0x00000210bfada950
instanceKlass org/springframework/web/util/HierarchicalUriComponents$QueryUriTemplateVariables
instanceKlass org/springframework/web/util/UriComponents$VarArgsTemplateVariables
instanceKlass org/apache/tomcat/util/threads/ThreadPoolExecutor$RejectPolicy
instanceKlass org/apache/tomcat/util/threads/ThreadPoolExecutor$RejectedExecutionHandler
instanceKlass org/apache/tomcat/util/threads/RetryableQueue
instanceKlass  @bci sun/nio/ch/ServerSocketAdaptor create (Lsun/nio/ch/ServerSocketChannelImpl;)Ljava/net/ServerSocket; 1 <appendix> member <vmtarget> ; # sun/nio/ch/ServerSocketAdaptor$$Lambda+0x00000210bfa580c8
instanceKlass  @bci sun/nio/ch/DefaultSelectorProvider <clinit> ()V 0 <appendix> argL0 ; # sun/nio/ch/DefaultSelectorProvider$$Lambda+0x00000210bfa57790
instanceKlass sun/nio/ch/DefaultSelectorProvider
instanceKlass  @bci java/nio/channels/spi/SelectorProvider$Holder provider ()Ljava/nio/channels/spi/SelectorProvider; 0 <appendix> argL0 ; # java/nio/channels/spi/SelectorProvider$Holder$$Lambda+0x00000210bfa56eb8
instanceKlass com/netflix/discovery/shared/transport/decorator/EurekaHttpClientDecorator$1
instanceKlass java/nio/channels/spi/SelectorProvider$Holder
instanceKlass java/nio/channels/spi/SelectorProvider
instanceKlass com/netflix/appinfo/HealthCheckCallbackToHandlerBridge
instanceKlass com/netflix/appinfo/RefreshableInstanceConfig
instanceKlass com/netflix/appinfo/AmazonInfo
instanceKlass com/netflix/appinfo/UniqueIdentifier
instanceKlass  @bci org/springframework/cloud/netflix/eureka/serviceregistry/EurekaServiceRegistry register (Lorg/springframework/cloud/netflix/eureka/serviceregistry/EurekaRegistration;)V 128 <appendix> member <vmtarget> ; # org/springframework/cloud/netflix/eureka/serviceregistry/EurekaServiceRegistry$$Lambda+0x00000210bfad8460
instanceKlass com/netflix/discovery/InstanceInfoReplicator$2
instanceKlass org/springframework/beans/factory/annotation/InitDestroyAnnotationBeanPostProcessor$LifecycleMethod
instanceKlass java/util/stream/ReduceOps$5ReducingSink
instanceKlass  @bci java/util/stream/IntPipeline sum ()I 2 <appendix> argL0 ; # java/util/stream/IntPipeline$$Lambda+0x00000210bfa55f80
instanceKlass java/util/function/IntBinaryOperator
instanceKlass  @bci com/netflix/discovery/shared/Applications size ()I 7 <appendix> argL0 ; # com/netflix/discovery/shared/Applications$$Lambda+0x00000210bfad3800
instanceKlass com/netflix/discovery/DiscoveryManager
instanceKlass com/netflix/discovery/DiscoveryClient$6
instanceKlass com/netflix/discovery/util/RateLimiter$1
instanceKlass com/netflix/discovery/util/RateLimiter
instanceKlass com/netflix/discovery/InstanceInfoReplicator$1
instanceKlass com/netflix/discovery/InstanceInfoReplicator
instanceKlass com/netflix/discovery/DiscoveryClient$HeartbeatThread
instanceKlass com/netflix/discovery/DiscoveryClient$CacheRefreshThread
instanceKlass com/netflix/discovery/DiscoveryEvent
instanceKlass  @bci com/netflix/discovery/shared/Applications shuffleAndFilterInstances (Ljava/util/Map;Z)V 83 <appendix> member <vmtarget> ; # com/netflix/discovery/shared/Applications$$Lambda+0x00000210bfad66a8
instanceKlass  @bci com/netflix/discovery/shared/Applications shuffleAndFilterInstances (Ljava/util/Map;Z)V 71 <appendix> argL0 ; # com/netflix/discovery/shared/Applications$$Lambda+0x00000210bfad6458
instanceKlass java/util/concurrent/ConcurrentLinkedQueue$CLQSpliterator
instanceKlass jakarta/ws/rs/core/Response$StatusType
instanceKlass  @bci org/springframework/http/ReadOnlyHttpHeaders entrySet ()Ljava/util/Set; 32 <appendix> argL0 ; # org/springframework/http/ReadOnlyHttpHeaders$$Lambda+0x00000210bfad5120
instanceKlass  @bci org/springframework/http/ReadOnlyHttpHeaders entrySet ()Ljava/util/Set; 24 <appendix> argL0 ; # org/springframework/http/ReadOnlyHttpHeaders$$Lambda+0x00000210bfad4f00
instanceKlass  @bci org/springframework/http/ReadOnlyHttpHeaders entrySet ()Ljava/util/Set; 14 <appendix> argL0 ; # org/springframework/http/ReadOnlyHttpHeaders$$Lambda+0x00000210bfad4cc0
instanceKlass com/netflix/discovery/shared/transport/EurekaHttpResponse$EurekaHttpResponseBuilder
instanceKlass com/netflix/discovery/shared/transport/EurekaHttpResponse
instanceKlass org/apache/hc/core5/pool/StrictConnPool$2
instanceKlass org/apache/hc/core5/io/Closer
instanceKlass org/apache/hc/core5/http/ContentType
instanceKlass org/apache/hc/core5/http/io/entity/EntityUtils
instanceKlass io/micrometer/observation/SimpleObservation
instanceKlass org/springframework/http/support/HttpComponentsHeadersAdapter$HeaderEntry
instanceKlass org/springframework/util/LinkedCaseInsensitiveMap$EntryIterator
instanceKlass org/springframework/http/support/HttpComponentsHeadersAdapter$HeaderNamesIterator
instanceKlass org/springframework/http/support/HttpComponentsHeadersAdapter$EntryIterator
instanceKlass  @bci org/springframework/http/ReadOnlyHttpHeaders forEach (Ljava/util/function/BiConsumer;)V 5 <appendix> member <vmtarget> ; # org/springframework/http/ReadOnlyHttpHeaders$$Lambda+0x00000210bfac9a90
instanceKlass  @bci org/springframework/util/LinkedCaseInsensitiveMap putAll (Ljava/util/Map;)V 12 <appendix> member <vmtarget> ; # org/springframework/util/LinkedCaseInsensitiveMap$$Lambda+0x00000210bfac9858
instanceKlass org/springframework/http/ResponseEntity$DefaultBuilder
instanceKlass org/springframework/http/ResponseEntity$BodyBuilder
instanceKlass org/springframework/http/ResponseEntity$HeadersBuilder
instanceKlass  @bci com/netflix/discovery/shared/Applications addInstanceToMap (Lcom/netflix/appinfo/InstanceInfo;Ljava/lang/String;Ljava/util/Map;)V 47 <appendix> argL0 ; # com/netflix/discovery/shared/Applications$$Lambda+0x00000210bfac8ea0
instanceKlass  @bci com/netflix/discovery/shared/Application getInstances ()Ljava/util/List; 14 <appendix> member <vmtarget> ; # com/netflix/discovery/shared/Application$$Lambda+0x00000210bfac8c78
# instanceKlass java/lang/invoke/LambdaForm$MH+0x00000210bfad3000
# instanceKlass java/lang/invoke/LambdaForm$BMH+0x00000210bfad2c00
# instanceKlass java/lang/invoke/LambdaForm$DMH+0x00000210bfad2800
# instanceKlass java/lang/invoke/LambdaForm$MH+0x00000210bfad2400
# instanceKlass java/lang/invoke/LambdaForm$DMH+0x00000210bfad2000
# instanceKlass java/lang/invoke/LambdaForm$MH+0x00000210bfad1c00
# instanceKlass java/lang/invoke/LambdaForm$DMH+0x00000210bfad1800
# instanceKlass java/lang/invoke/LambdaForm$MH+0x00000210bfad1400
# instanceKlass java/lang/invoke/LambdaForm$MH+0x00000210bfad1000
# instanceKlass java/lang/invoke/LambdaForm$MH+0x00000210bfad0c00
# instanceKlass java/lang/invoke/LambdaForm$MH+0x00000210bfad0800
# instanceKlass java/lang/invoke/LambdaForm$MH+0x00000210bfad0400
# instanceKlass java/lang/invoke/LambdaForm$MH+0x00000210bfad0000
# instanceKlass java/lang/invoke/LambdaForm$MH+0x00000210bfacfc00
# instanceKlass java/lang/invoke/LambdaForm$MH+0x00000210bfacf800
# instanceKlass java/lang/invoke/LambdaForm$BMH+0x00000210bfacf400
# instanceKlass java/lang/invoke/LambdaForm$DMH+0x00000210bfacf000
# instanceKlass java/lang/invoke/LambdaForm$DMH+0x00000210bfacec00
# instanceKlass java/lang/invoke/LambdaForm$MH+0x00000210bface800
# instanceKlass java/lang/invoke/LambdaForm$MH+0x00000210bface400
# instanceKlass java/lang/invoke/LambdaForm$MH+0x00000210bface000
# instanceKlass java/lang/invoke/LambdaForm$MH+0x00000210bfacdc00
# instanceKlass java/lang/invoke/LambdaForm$BMH+0x00000210bfacd800
# instanceKlass java/lang/invoke/LambdaForm$DMH+0x00000210bfacd400
# instanceKlass java/lang/invoke/LambdaForm$MH+0x00000210bfacd000
# instanceKlass java/lang/invoke/LambdaForm$DMH+0x00000210bfaccc00
# instanceKlass java/lang/invoke/LambdaForm$DMH+0x00000210bfacc800
instanceKlass com/fasterxml/jackson/databind/deser/BeanDeserializer$1
# instanceKlass java/lang/invoke/LambdaForm$MH+0x00000210bfacc400
# instanceKlass java/lang/invoke/LambdaForm$MH+0x00000210bfacc000
instanceKlass com/fasterxml/jackson/databind/cfg/CoercionConfigs$1
instanceKlass com/fasterxml/jackson/core/io/NumberInput
instanceKlass com/fasterxml/jackson/databind/deser/impl/PropertyValue
instanceKlass com/fasterxml/jackson/databind/deser/impl/PropertyValueBuffer
# instanceKlass java/lang/invoke/LambdaForm$MH+0x00000210bfac0c00
# instanceKlass java/lang/invoke/LambdaForm$MH+0x00000210bfac0800
# instanceKlass java/lang/invoke/LambdaForm$MH+0x00000210bfac0400
instanceKlass com/fasterxml/jackson/core/JsonStreamContext
instanceKlass com/fasterxml/jackson/core/json/ByteSourceJsonBootstrapper
instanceKlass com/fasterxml/jackson/core/util/TextBuffer
instanceKlass com/fasterxml/jackson/core/io/IOContext
instanceKlass com/fasterxml/jackson/core/util/BufferRecycler
instanceKlass com/fasterxml/jackson/core/util/BufferRecyclers
instanceKlass com/fasterxml/jackson/core/io/ContentReference
instanceKlass com/fasterxml/jackson/core/filter/TokenFilter
instanceKlass org/springframework/http/converter/json/MappingJacksonInputMessage
instanceKlass org/springframework/util/StreamUtils
instanceKlass  @bci org/springframework/http/converter/json/AbstractJackson2HttpMessageConverter readJavaType (Lcom/fasterxml/jackson/databind/JavaType;Lorg/springframework/http/HttpInputMessage;)Ljava/lang/Object; 39 <appendix> member <vmtarget> ; # org/springframework/http/converter/json/AbstractJackson2HttpMessageConverter$$Lambda+0x00000210bfac5d60
instanceKlass org/springframework/http/support/HttpComponentsHeadersAdapter
instanceKlass org/springframework/web/client/ClientHttpResponseDecorator
instanceKlass  @bci org/springframework/http/HttpStatusCode valueOf (I)Lorg/springframework/http/HttpStatusCode; 19 <appendix> member <vmtarget> ; # org/springframework/http/HttpStatusCode$$Lambda+0x00000210bfac4d48
instanceKlass org/springframework/http/client/HttpComponentsClientHttpResponse
instanceKlass org/apache/hc/core5/http/io/EofSensorWatcher
instanceKlass org/apache/hc/client5/http/impl/classic/CloseableHttpResponse
instanceKlass org/apache/hc/core5/http/message/BasicHeaderElement
instanceKlass org/apache/hc/core5/http/message/BasicNameValuePair
instanceKlass org/apache/hc/core5/http/HeaderElement
instanceKlass org/apache/hc/core5/http/message/BasicHeaderValueParser
instanceKlass org/apache/hc/core5/http/message/HeaderValueParser
instanceKlass org/apache/hc/core5/http/message/AbstractHeaderElementIterator
instanceKlass org/apache/hc/core5/http/impl/io/IncomingHttpEntity
instanceKlass org/apache/hc/core5/http/message/StatusLine
instanceKlass  @bci org/apache/hc/core5/http/message/BasicLineParser parseProtocolVersion (Lorg/apache/hc/core5/util/CharArrayBuffer;Lorg/apache/hc/core5/http/message/ParserCursor;)Lorg/apache/hc/core5/http/ProtocolVersion; 184 <appendix> argL0 ; # org/apache/hc/core5/http/message/BasicLineParser$$Lambda+0x00000210bfabd1b8
instanceKlass  @cpi org/apache/hc/core5/http/message/BasicLineParser 142 form vmentry <vmtarget> ; # java/lang/invoke/LambdaForm$DMH+0x00000210bfac0000
instanceKlass org/apache/hc/core5/http/ProtocolVersionParser$Factory
instanceKlass org/apache/hc/core5/http/ProtocolVersionParser
instanceKlass org/apache/hc/core5/http/message/RequestLine
instanceKlass  @bci org/apache/hc/client5/http/impl/classic/InternalExecRuntime execute (Ljava/lang/String;Lorg/apache/hc/core5/http/ClassicHttpRequest;Lorg/apache/hc/core5/http/io/HttpResponseInformationCallback;Lorg/apache/hc/client5/http/protocol/HttpClientContext;)Lorg/apache/hc/core5/http/ClassicHttpResponse; 100 <appendix> member <vmtarget> ; # org/apache/hc/client5/http/impl/classic/InternalExecRuntime$$Lambda+0x00000210bfabc950
instanceKlass org/apache/hc/client5/http/io/ConnectionEndpoint$RequestExecutor
instanceKlass  @bci org/apache/hc/client5/http/impl/classic/MainClientExec execute (Lorg/apache/hc/core5/http/ClassicHttpRequest;Lorg/apache/hc/client5/http/classic/ExecChain$Scope;Lorg/apache/hc/client5/http/classic/ExecChain;)Lorg/apache/hc/core5/http/ClassicHttpResponse; 127 <appendix> member <vmtarget> ; # org/apache/hc/client5/http/impl/classic/MainClientExec$$Lambda+0x00000210bfabc528
instanceKlass org/apache/hc/core5/http/io/HttpResponseInformationCallback
instanceKlass org/apache/hc/client5/http/utils/DateUtils
instanceKlass org/apache/hc/client5/http/impl/cookie/BasicHttpOnlyHandler
instanceKlass org/apache/hc/client5/http/impl/cookie/AbstractCookieAttributeHandler
instanceKlass org/apache/hc/client5/http/impl/cookie/PublicSuffixDomainFilter
instanceKlass org/apache/hc/client5/http/impl/cookie/BasicDomainHandler
instanceKlass org/apache/hc/client5/http/impl/cookie/BasicPathHandler
instanceKlass  @bci org/apache/hc/core5/util/Tokenizer delimiters ([C)Lorg/apache/hc/core5/util/Tokenizer$Delimiter; 1 <appendix> member <vmtarget> ; # org/apache/hc/core5/util/Tokenizer$$Lambda+0x00000210bfaba578
instanceKlass org/apache/hc/client5/http/cookie/SetCookie
instanceKlass org/apache/hc/client5/http/cookie/Cookie
instanceKlass org/apache/hc/client5/http/impl/cookie/RFC6265CookieSpec
instanceKlass org/apache/hc/client5/http/impl/cookie/RFC6265CookieSpecFactory$2
instanceKlass org/apache/hc/client5/http/cookie/CookieOrigin
instanceKlass org/apache/hc/core5/net/InetAddressUtils
instanceKlass org/apache/hc/client5/http/EndpointInfo
instanceKlass org/apache/hc/client5/http/config/TlsConfig$Builder
instanceKlass org/apache/hc/client5/http/config/TlsConfig
instanceKlass org/apache/hc/client5/http/RouteTracker
instanceKlass org/apache/hc/core5/http/impl/io/AbstractMessageParser
instanceKlass org/apache/hc/core5/http/impl/io/AbstractMessageWriter
instanceKlass org/apache/hc/core5/http/impl/BasicHttpConnectionMetrics
instanceKlass org/apache/hc/core5/http/impl/io/SessionOutputBufferImpl
instanceKlass org/apache/hc/core5/util/ByteArrayBuffer
instanceKlass org/apache/hc/core5/http/impl/io/SessionInputBufferImpl
instanceKlass org/apache/hc/core5/http/impl/BasicHttpTransportMetrics
instanceKlass org/apache/hc/core5/http/impl/io/SocketHolder
instanceKlass org/apache/hc/core5/http/io/SessionInputBuffer
instanceKlass org/apache/hc/core5/http/io/SessionOutputBuffer
instanceKlass org/apache/hc/core5/http/io/HttpTransportMetrics
instanceKlass org/apache/hc/core5/http/EndpointDetails
instanceKlass org/apache/hc/core5/http/HttpConnectionMetrics
instanceKlass org/apache/hc/core5/http/impl/io/BHttpConnectionBase
instanceKlass org/apache/hc/core5/util/Identifiable
instanceKlass org/apache/hc/client5/http/io/ConnectionEndpoint
instanceKlass org/apache/hc/client5/http/impl/io/PoolingHttpClientConnectionManager$3
instanceKlass org/apache/hc/core5/pool/PoolEntry
instanceKlass org/apache/hc/core5/pool/StrictConnPool$PerRoutePool
instanceKlass org/apache/hc/core5/pool/StrictConnPool$LeaseRequest
instanceKlass org/apache/hc/core5/util/Deadline
instanceKlass org/apache/hc/core5/util/Asserts
instanceKlass org/apache/hc/client5/http/impl/auth/HttpAuthenticator$1
instanceKlass org/apache/hc/client5/http/impl/classic/RequestEntityProxy
instanceKlass org/apache/hc/core5/util/LangUtils
instanceKlass  @bci org/apache/hc/client5/http/protocol/HttpClientContext getAuthExchange (Lorg/apache/hc/core5/http/HttpHost;)Lorg/apache/hc/client5/http/auth/AuthExchange; 5 <appendix> argL0 ; # org/apache/hc/client5/http/protocol/HttpClientContext$$Lambda+0x00000210bfab0c60
instanceKlass org/apache/hc/client5/http/auth/AuthExchange
instanceKlass org/apache/hc/core5/net/PercentCodec
instanceKlass org/apache/hc/core5/net/URIBuilder
instanceKlass org/apache/hc/client5/http/impl/RequestSupport
instanceKlass  @bci org/apache/hc/client5/http/impl/classic/ExecChainElement execute (Lorg/apache/hc/core5/http/ClassicHttpRequest;Lorg/apache/hc/client5/http/classic/ExecChain$Scope;)Lorg/apache/hc/core5/http/ClassicHttpResponse; 22 <appendix> member <vmtarget> ; # org/apache/hc/client5/http/impl/classic/ExecChainElement$$Lambda+0x00000210bfab0000
instanceKlass org/apache/hc/client5/http/classic/ExecChain
instanceKlass org/apache/hc/core5/http/message/BasicListHeaderIterator
instanceKlass org/apache/hc/core5/http/support/AbstractMessageBuilder
instanceKlass org/apache/hc/client5/http/classic/ExecChain$Scope
instanceKlass org/apache/hc/client5/http/impl/classic/InternalExecRuntime
instanceKlass org/apache/hc/client5/http/impl/ExecSupport
instanceKlass org/apache/hc/core5/http/HttpHost
instanceKlass org/apache/hc/client5/http/routing/RoutingSupport
instanceKlass org/apache/hc/core5/http/message/BasicHeader
instanceKlass  @bci org/springframework/http/client/HttpComponentsClientHttpRequest addHeaders (Lorg/apache/hc/core5/http/ClassicHttpRequest;Lorg/springframework/http/HttpHeaders;)V 2 <appendix> member <vmtarget> ; # org/springframework/http/client/HttpComponentsClientHttpRequest$$Lambda+0x00000210bfaae988
instanceKlass  @bci org/springframework/http/client/InterceptingClientHttpRequest$InterceptingRequestExecution execute (Lorg/springframework/http/HttpRequest;[B)Lorg/springframework/http/client/ClientHttpResponse; 87 <appendix> member <vmtarget> ; # org/springframework/http/client/InterceptingClientHttpRequest$InterceptingRequestExecution$$Lambda+0x00000210bfaae750
instanceKlass  @bci org/springframework/util/MultiValueMapAdapter addAll (Ljava/lang/Object;Ljava/util/List;)V 6 <appendix> member <vmtarget> ; # org/springframework/util/MultiValueMapAdapter$$Lambda+0x00000210bfaae508
instanceKlass  @bci org/springframework/http/client/InterceptingClientHttpRequest$InterceptingRequestExecution execute (Lorg/springframework/http/HttpRequest;[B)Lorg/springframework/http/client/ClientHttpResponse; 71 <appendix> member <vmtarget> ; # org/springframework/http/client/InterceptingClientHttpRequest$InterceptingRequestExecution$$Lambda+0x00000210bfaae2d0
instanceKlass org/springframework/http/StreamingHttpOutputMessage
instanceKlass java/util/concurrent/atomic/AtomicMarkableReference$Pair
instanceKlass java/util/concurrent/atomic/AtomicMarkableReference
instanceKlass org/apache/hc/core5/net/Ports
instanceKlass org/apache/hc/core5/net/Host
instanceKlass org/apache/hc/core5/net/URIAuthority
instanceKlass org/apache/hc/core5/http/message/HeaderGroup
instanceKlass org/apache/hc/core5/concurrent/CancellableDependency
instanceKlass org/apache/hc/client5/http/classic/methods/HttpUriRequest
instanceKlass org/springframework/http/client/InterceptingClientHttpRequest$InterceptingRequestExecution
instanceKlass  @bci org/springframework/util/MimeType appendTo (Ljava/util/Map;Ljava/lang/StringBuilder;)V 2 <appendix> member <vmtarget> ; # org/springframework/util/MimeType$$Lambda+0x00000210bfaa92c0
instanceKlass  @bci org/springframework/util/MimeTypeUtils sortBySpecificity (Ljava/util/List;)V 32 <appendix> argL0 ; # org/springframework/util/MimeTypeUtils$$Lambda+0x00000210bfaa9070
instanceKlass com/fasterxml/jackson/dataformat/xml/util/TypeUtil
instanceKlass com/fasterxml/jackson/dataformat/xml/util/AnnotationUtil
# instanceKlass java/lang/invoke/LambdaForm$MH+0x00000210bfaac000
instanceKlass com/fasterxml/jackson/dataformat/xml/annotation/JacksonXmlProperty
instanceKlass com/fasterxml/jackson/databind/util/ViewMatcher
instanceKlass com/netflix/discovery/shared/Applications$VipIndexSupport
instanceKlass java/util/OptionalDouble
instanceKlass java/util/OptionalLong
instanceKlass java/util/OptionalInt
instanceKlass org/springframework/http/converter/SmartHttpMessageConverter
instanceKlass  @bci org/springframework/web/client/RestTemplate$AcceptHeaderRequestCallback getSupportedMediaTypes (Ljava/lang/reflect/Type;Lorg/springframework/http/converter/HttpMessageConverter;)Ljava/util/stream/Stream; 73 <appendix> argL0 ; # org/springframework/web/client/RestTemplate$AcceptHeaderRequestCallback$$Lambda+0x00000210bfaa7da0
instanceKlass com/fasterxml/jackson/databind/annotation/JacksonStdImpl
instanceKlass com/fasterxml/jackson/databind/deser/impl/JavaUtilCollectionsDeserializers
instanceKlass com/netflix/appinfo/LeaseInfo$1
instanceKlass com/fasterxml/jackson/databind/util/CompactStringObjectMap
instanceKlass com/fasterxml/jackson/databind/introspect/EnumNamingStrategyFactory
instanceKlass com/fasterxml/jackson/databind/annotation/EnumNaming
instanceKlass com/fasterxml/jackson/annotation/JsonEnumDefaultValue
instanceKlass com/fasterxml/jackson/databind/util/EnumResolver
instanceKlass com/fasterxml/jackson/databind/deser/impl/PropertyBasedCreator
instanceKlass com/fasterxml/jackson/databind/deser/std/NumberDeserializers
instanceKlass com/fasterxml/jackson/databind/introspect/AnnotationCollector$OneAnnotation
instanceKlass com/fasterxml/jackson/databind/jsontype/impl/StdTypeResolverBuilder$1
instanceKlass com/fasterxml/jackson/annotation/JsonSubTypes
instanceKlass com/fasterxml/jackson/annotation/JsonTypeName
instanceKlass com/fasterxml/jackson/databind/jsontype/TypeDeserializer
instanceKlass com/fasterxml/jackson/databind/jsontype/TypeSerializer
instanceKlass com/fasterxml/jackson/annotation/JsonTypeInfo$Value
instanceKlass sun/reflect/generics/tree/IntSignature
instanceKlass com/fasterxml/jackson/databind/introspect/MethodGenericTypeResolver
instanceKlass com/netflix/appinfo/InstanceInfo$1
instanceKlass com/netflix/appinfo/InstanceInfo$PortWrapper
instanceKlass com/netflix/discovery/converters/Auto
instanceKlass com/fasterxml/jackson/databind/deser/impl/CreatorCandidate$Param
instanceKlass com/fasterxml/jackson/databind/deser/impl/CreatorCandidate
instanceKlass com/fasterxml/jackson/databind/introspect/POJOPropertiesCollector$1
instanceKlass com/fasterxml/jackson/databind/introspect/PotentialCreator
# instanceKlass java/lang/invoke/LambdaForm$MH+0x00000210bfa9c000
instanceKlass com/fasterxml/jackson/annotation/JsonCreator
instanceKlass com/thoughtworks/xstream/annotations/XStreamImplicit
instanceKlass com/thoughtworks/xstream/annotations/XStreamOmitField
instanceKlass com/fasterxml/jackson/databind/util/BeanUtil
instanceKlass com/fasterxml/jackson/databind/jsontype/impl/SubTypeValidator
instanceKlass com/fasterxml/jackson/databind/deser/std/JdkDeserializers
instanceKlass com/fasterxml/jackson/databind/ext/Java7Handlers
instanceKlass org/w3c/dom/Document
instanceKlass org/w3c/dom/Node
instanceKlass com/fasterxml/jackson/databind/ext/OptionalHandlerFactory
instanceKlass com/fasterxml/jackson/databind/util/LinkedNode
instanceKlass com/fasterxml/jackson/databind/deser/BasicDeserializerFactory$ContainerDefaultMappings
instanceKlass com/fasterxml/jackson/databind/deser/impl/BeanPropertyMap
instanceKlass com/fasterxml/jackson/annotation/JsonAlias
instanceKlass com/fasterxml/jackson/databind/introspect/POJOPropertyBuilder$1
instanceKlass com/fasterxml/jackson/databind/introspect/POJOPropertyBuilder$4
instanceKlass com/fasterxml/jackson/databind/introspect/POJOPropertyBuilder$2
instanceKlass com/fasterxml/jackson/databind/deser/impl/NullsConstantProvider
instanceKlass com/fasterxml/jackson/annotation/JsonIgnoreType
instanceKlass com/fasterxml/jackson/databind/util/IgnorePropertiesUtil
instanceKlass com/fasterxml/jackson/databind/deser/impl/ReadableObjectId$Referring
instanceKlass com/fasterxml/jackson/databind/deser/SettableAnyProperty
instanceKlass com/fasterxml/jackson/databind/deser/ContextualKeyDeserializer
instanceKlass com/fasterxml/jackson/databind/util/ArrayIterator
instanceKlass com/fasterxml/jackson/databind/BeanProperty$Std
instanceKlass com/fasterxml/jackson/databind/annotation/JsonTypeResolver
instanceKlass com/fasterxml/jackson/annotation/JsonIncludeProperties$Value
instanceKlass com/fasterxml/jackson/annotation/JsonIncludeProperties
instanceKlass com/fasterxml/jackson/annotation/JsonIgnoreProperties$Value
instanceKlass com/fasterxml/jackson/annotation/JsonIgnoreProperties
instanceKlass com/fasterxml/jackson/databind/deser/BeanDeserializerBuilder
instanceKlass com/fasterxml/jackson/databind/deser/impl/CreatorCollector
instanceKlass com/fasterxml/jackson/databind/type/TypeBindings$AsKey
instanceKlass com/fasterxml/jackson/databind/type/TypeBindings$TypeParamStash
instanceKlass com/fasterxml/jackson/databind/PropertyMetadata
instanceKlass com/fasterxml/jackson/annotation/JsonPropertyDescription
instanceKlass com/fasterxml/jackson/annotation/JsonPropertyOrder
instanceKlass com/fasterxml/jackson/databind/annotation/JsonNaming
instanceKlass com/fasterxml/jackson/annotation/JacksonInject
instanceKlass com/fasterxml/jackson/databind/introspect/POJOPropertyBuilder$6
instanceKlass com/fasterxml/jackson/databind/introspect/POJOPropertyBuilder$5
instanceKlass com/fasterxml/jackson/annotation/JsonGetter
instanceKlass com/fasterxml/jackson/databind/introspect/AnnotatedMethodMap
instanceKlass com/fasterxml/jackson/databind/introspect/AnnotatedMethodCollector$MethodBuilder
instanceKlass com/fasterxml/jackson/databind/introspect/MemberKey
instanceKlass com/fasterxml/jackson/databind/introspect/POJOPropertyBuilder$Linked
instanceKlass com/fasterxml/jackson/databind/AnnotationIntrospector$ReferenceProperty
instanceKlass com/fasterxml/jackson/databind/introspect/POJOPropertyBuilder$WithMember
instanceKlass com/fasterxml/jackson/annotation/JsonIgnore
instanceKlass com/fasterxml/jackson/annotation/JsonAutoDetect$1
instanceKlass com/fasterxml/jackson/annotation/JsonProperty
instanceKlass com/fasterxml/jackson/annotation/JsonSetter
instanceKlass com/fasterxml/jackson/annotation/JsonAnySetter
instanceKlass com/fasterxml/jackson/annotation/JsonAnyGetter
instanceKlass com/fasterxml/jackson/annotation/JsonValue
instanceKlass com/fasterxml/jackson/annotation/JsonKey
instanceKlass com/fasterxml/jackson/databind/introspect/AnnotatedFieldCollector$FieldBuilder
instanceKlass com/fasterxml/jackson/databind/introspect/TypeResolutionContext$Basic
instanceKlass com/fasterxml/jackson/databind/introspect/CollectorBase
instanceKlass com/fasterxml/jackson/databind/introspect/PotentialCreators
instanceKlass com/fasterxml/jackson/core/JsonLocation
instanceKlass com/fasterxml/jackson/databind/deser/impl/JDKValueInstantiators
instanceKlass com/fasterxml/jackson/databind/annotation/JsonValueInstantiator
instanceKlass com/fasterxml/jackson/databind/annotation/JsonPOJOBuilder
instanceKlass com/fasterxml/jackson/databind/annotation/NoClass
instanceKlass com/fasterxml/jackson/annotation/JsonIdentityInfo
instanceKlass com/fasterxml/jackson/annotation/JsonAutoDetect
instanceKlass com/fasterxml/jackson/databind/introspect/POJOPropertiesCollector
instanceKlass com/fasterxml/jackson/databind/introspect/AnnotationMap
instanceKlass com/fasterxml/jackson/annotation/JacksonAnnotationsInside
instanceKlass com/netflix/discovery/converters/jackson/builder/ApplicationsJacksonBuilder
instanceKlass com/fasterxml/jackson/databind/util/Converter$None
instanceKlass com/fasterxml/jackson/databind/util/Converter
instanceKlass com/thoughtworks/xstream/annotations/XStreamAlias
instanceKlass com/netflix/discovery/provider/Serializer
instanceKlass com/fasterxml/jackson/databind/util/internal/PrivateMaxEntriesMap$AddTask
instanceKlass com/fasterxml/jackson/databind/util/internal/PrivateMaxEntriesMap$WeightedValue
instanceKlass com/fasterxml/jackson/databind/type/ClassStack
instanceKlass  @bci org/springframework/web/client/RestTemplate$AcceptHeaderRequestCallback doWithRequest (Lorg/springframework/http/client/ClientHttpRequest;)V 31 <appendix> member <vmtarget> ; # org/springframework/web/client/RestTemplate$AcceptHeaderRequestCallback$$Lambda+0x00000210bfa80258
instanceKlass  @bci org/springframework/web/client/RestTemplate$AcceptHeaderRequestCallback doWithRequest (Lorg/springframework/http/client/ClientHttpRequest;)V 20 <appendix> member <vmtarget> ; # org/springframework/web/client/RestTemplate$AcceptHeaderRequestCallback$$Lambda+0x00000210bfa80000
instanceKlass io/micrometer/common/util/internal/logging/AbstractInternalLogger
instanceKlass io/micrometer/common/util/internal/logging/InternalLogger
instanceKlass io/micrometer/common/util/internal/logging/InternalLoggerFactory
instanceKlass io/micrometer/observation/NoopObservation$NoopScope
instanceKlass io/micrometer/observation/SimpleObservation$SimpleScope
instanceKlass io/micrometer/observation/Observation$Scope
instanceKlass io/micrometer/observation/NoopObservation
instanceKlass io/micrometer/observation/Observation
instanceKlass  @bci org/springframework/web/client/RestTemplate doExecute (Ljava/net/URI;Ljava/lang/String;Lorg/springframework/http/HttpMethod;Lorg/springframework/web/client/RequestCallback;Lorg/springframework/web/client/ResponseExtractor;)Ljava/lang/Object; 64 <appendix> member <vmtarget> ; # org/springframework/web/client/RestTemplate$$Lambda+0x00000210bfa3dfe8
instanceKlass io/micrometer/observation/Observation$Event
instanceKlass  @bci org/springframework/http/client/observation/ClientRequestObservationContext <init> (Lorg/springframework/http/client/ClientHttpRequest;)V 1 <appendix> argL0 ; # org/springframework/http/client/observation/ClientRequestObservationContext$$Lambda+0x00000210bfa3ce78
instanceKlass io/micrometer/observation/transport/Propagator$Setter
instanceKlass io/micrometer/observation/ObservationView
instanceKlass  @bci org/springframework/core/log/CompositeLog isDebugEnabled ()Z 1 <appendix> argL0 ; # org/springframework/core/log/CompositeLog$$Lambda+0x00000210bfa3bc60
instanceKlass  @bci org/springframework/http/client/support/HttpAccessor initialize (Lorg/springframework/http/client/ClientHttpRequest;)V 5 <appendix> member <vmtarget> ; # org/springframework/http/client/support/HttpAccessor$$Lambda+0x00000210bfa3ba28
instanceKlass org/springframework/http/client/ClientHttpRequestInitializer
instanceKlass org/springframework/http/client/AbstractClientHttpRequest
instanceKlass org/springframework/http/client/AbstractClientHttpRequestFactoryWrapper
instanceKlass org/springframework/web/client/HttpMessageConverterExtractor
instanceKlass org/springframework/web/client/RestTemplate$ResponseEntityResponseExtractor
instanceKlass org/springframework/web/client/RestTemplate$AcceptHeaderRequestCallback
instanceKlass  @bci org/springframework/util/UnmodifiableMultiValueMap forEach (Ljava/util/function/BiConsumer;)V 5 <appendix> member <vmtarget> ; # org/springframework/util/UnmodifiableMultiValueMap$$Lambda+0x00000210bfa38b00
instanceKlass  @bci org/springframework/web/util/HierarchicalUriComponents encodeQueryParams (Ljava/util/function/BiFunction;)Lorg/springframework/util/MultiValueMap; 25 <appendix> member <vmtarget> ; # org/springframework/web/util/HierarchicalUriComponents$$Lambda+0x00000210bfa388c8
instanceKlass  @bci org/springframework/web/util/HierarchicalUriComponents encode (Ljava/nio/charset/Charset;)Lorg/springframework/web/util/HierarchicalUriComponents; 108 <appendix> member <vmtarget> ; # org/springframework/web/util/HierarchicalUriComponents$$Lambda+0x00000210bfa38690
instanceKlass org/springframework/web/util/HierarchicalUriComponents$FullPathComponent
instanceKlass org/springframework/web/util/HierarchicalUriComponents$1
instanceKlass org/springframework/web/util/UriComponents$UriTemplateVariables
instanceKlass org/springframework/web/util/UriComponentsBuilder$FullPathComponentBuilder
instanceKlass org/springframework/web/util/UriComponentsBuilder$PathSegmentComponentBuilder
instanceKlass org/springframework/web/util/RfcUriParser$InternalParser
instanceKlass org/springframework/web/util/RfcUriParser
instanceKlass org/springframework/web/util/UriComponentsBuilder$1
instanceKlass org/springframework/web/util/HierarchicalUriComponents$PathComponent
instanceKlass org/springframework/web/util/UriComponentsBuilder$CompositePathComponentBuilder
instanceKlass org/springframework/web/util/UriComponentsBuilder$PathComponentBuilder
instanceKlass org/springframework/web/util/UriComponents
instanceKlass  @bci org/springframework/cloud/netflix/eureka/http/RestTemplateTransportClientFactory restTemplate (Ljava/lang/String;)Lorg/springframework/web/client/RestTemplate; 151 <appendix> argL0 ; # org/springframework/cloud/netflix/eureka/http/RestTemplateTransportClientFactory$$Lambda+0x00000210bfa31350
instanceKlass com/netflix/discovery/converters/jackson/mixin/InstanceInfoJsonMixIn
instanceKlass com/netflix/discovery/converters/jackson/mixin/ApplicationsJsonMixIn
instanceKlass com/fasterxml/jackson/databind/PropertyNamingStrategies
instanceKlass org/springframework/cloud/netflix/eureka/http/EurekaHttpClientUtils
instanceKlass  @bci org/springframework/boot/http/client/AbstractClientHttpRequestFactoryBuilder build (Lorg/springframework/boot/http/client/ClientHttpRequestFactorySettings;)Lorg/springframework/http/client/ClientHttpRequestFactory; 31 <appendix> member <vmtarget> ; # org/springframework/boot/http/client/AbstractClientHttpRequestFactoryBuilder$$Lambda+0x00000210bfa2f1a0
instanceKlass  @bci org/springframework/boot/http/client/HttpComponentsClientHttpRequestFactoryBuilder createConnectionManager (Lorg/springframework/boot/http/client/ClientHttpRequestFactorySettings;)Lorg/apache/hc/client5/http/impl/io/PoolingHttpClientConnectionManager; 61 <appendix> member <vmtarget> ; # org/springframework/boot/http/client/HttpComponentsClientHttpRequestFactoryBuilder$$Lambda+0x00000210bfa2ef68
instanceKlass  @bci org/springframework/boot/http/client/HttpComponentsClientHttpRequestFactoryBuilder createConnectionManager (Lorg/springframework/boot/http/client/ClientHttpRequestFactorySettings;)Lorg/apache/hc/client5/http/impl/io/PoolingHttpClientConnectionManager; 40 <appendix> member <vmtarget> ; # org/springframework/boot/http/client/HttpComponentsClientHttpRequestFactoryBuilder$$Lambda+0x00000210bfa2ed40
instanceKlass  @bci org/springframework/boot/http/client/HttpComponentsClientHttpRequestFactoryBuilder createConnectionConfig (Lorg/springframework/boot/http/client/ClientHttpRequestFactorySettings;)Lorg/apache/hc/client5/http/config/ConnectionConfig; 67 <appendix> member <vmtarget> ; # org/springframework/boot/http/client/HttpComponentsClientHttpRequestFactoryBuilder$$Lambda+0x00000210bfa2eb08
instanceKlass  @bci org/springframework/boot/http/client/HttpComponentsClientHttpRequestFactoryBuilder createConnectionConfig (Lorg/springframework/boot/http/client/ClientHttpRequestFactorySettings;)Lorg/apache/hc/client5/http/config/ConnectionConfig; 58 <appendix> argL0 ; # org/springframework/boot/http/client/HttpComponentsClientHttpRequestFactoryBuilder$$Lambda+0x00000210bfa2e8c8
instanceKlass  @bci org/springframework/boot/http/client/HttpComponentsClientHttpRequestFactoryBuilder createConnectionConfig (Lorg/springframework/boot/http/client/ClientHttpRequestFactorySettings;)Lorg/apache/hc/client5/http/config/ConnectionConfig; 50 <appendix> member <vmtarget> ; # org/springframework/boot/http/client/HttpComponentsClientHttpRequestFactoryBuilder$$Lambda+0x00000210bfa2e6a0
instanceKlass  @bci org/springframework/boot/http/client/HttpComponentsClientHttpRequestFactoryBuilder createConnectionConfig (Lorg/springframework/boot/http/client/ClientHttpRequestFactorySettings;)Lorg/apache/hc/client5/http/config/ConnectionConfig; 35 <appendix> member <vmtarget> ; # org/springframework/boot/http/client/HttpComponentsClientHttpRequestFactoryBuilder$$Lambda+0x00000210bfa2e468
instanceKlass  @bci org/springframework/boot/http/client/HttpComponentsClientHttpRequestFactoryBuilder createConnectionConfig (Lorg/springframework/boot/http/client/ClientHttpRequestFactorySettings;)Lorg/apache/hc/client5/http/config/ConnectionConfig; 26 <appendix> argL0 ; # org/springframework/boot/http/client/HttpComponentsClientHttpRequestFactoryBuilder$$Lambda+0x00000210bfa2e228
instanceKlass  @bci org/springframework/boot/http/client/HttpComponentsClientHttpRequestFactoryBuilder createConnectionConfig (Lorg/springframework/boot/http/client/ClientHttpRequestFactorySettings;)Lorg/apache/hc/client5/http/config/ConnectionConfig; 18 <appendix> member <vmtarget> ; # org/springframework/boot/http/client/HttpComponentsClientHttpRequestFactoryBuilder$$Lambda+0x00000210bfa2e000
instanceKlass org/springframework/boot/http/client/HttpComponentsClientHttpRequestFactoryBuilder$1
instanceKlass org/springframework/boot/web/client/BasicAuthentication
instanceKlass  @bci org/springframework/boot/autoconfigure/web/client/RestTemplateBuilderConfigurer configure (Lorg/springframework/boot/web/client/RestTemplateBuilder;)Lorg/springframework/boot/web/client/RestTemplateBuilder; 72 <appendix> argL0 ; # org/springframework/boot/autoconfigure/web/client/RestTemplateBuilderConfigurer$$Lambda+0x00000210bfa2b3c0
instanceKlass  @bci org/springframework/boot/autoconfigure/web/client/RestTemplateBuilderConfigurer configure (Lorg/springframework/boot/web/client/RestTemplateBuilder;)Lorg/springframework/boot/web/client/RestTemplateBuilder; 57 <appendix> argL0 ; # org/springframework/boot/autoconfigure/web/client/RestTemplateBuilderConfigurer$$Lambda+0x00000210bfa2b190
# instanceKlass java/lang/invoke/LambdaForm$MH+0x00000210bfa2c800
# instanceKlass java/lang/invoke/LambdaForm$MH+0x00000210bfa2c400
# instanceKlass java/lang/invoke/LambdaForm$MH+0x00000210bfa2c000
instanceKlass org/springframework/boot/web/client/RestTemplateRequestCustomizer
instanceKlass org/springframework/boot/web/client/RestTemplateCustomizer
instanceKlass org/apache/hc/client5/http/auth/Credentials
instanceKlass org/apache/hc/client5/http/impl/auth/SystemDefaultCredentialsProvider
instanceKlass  @bci org/apache/hc/client5/http/impl/classic/HttpClientBuilder build ()Lorg/apache/hc/client5/http/impl/classic/CloseableHttpClient; 1061 <appendix> argL0 ; # org/apache/hc/client5/http/impl/classic/HttpClientBuilder$$Lambda+0x00000210bfa2a2d8
instanceKlass  @bci org/apache/hc/client5/http/ssl/HttpsSupport getProperty (Ljava/lang/String;)Ljava/lang/String; 1 <appendix> member <vmtarget> ; # org/apache/hc/client5/http/ssl/HttpsSupport$$Lambda+0x00000210bfa29830
instanceKlass javax/net/ssl/KeyManagerFactorySpi
instanceKlass  @bci javax/net/ssl/KeyManagerFactory getDefaultAlgorithm ()Ljava/lang/String; 0 <appendix> argL0 ; # javax/net/ssl/KeyManagerFactory$$Lambda+0x00000210bfa52008
instanceKlass javax/net/ssl/KeyManagerFactory
instanceKlass sun/security/ssl/SSLContextImpl$DefaultManagersHolder$1
instanceKlass sun/security/ssl/SSLContextImpl$DefaultManagersHolder
instanceKlass org/apache/hc/client5/http/ssl/AbstractClientTlsStrategy
instanceKlass org/apache/hc/core5/http/nio/ssl/TlsStrategy
instanceKlass  @bci org/apache/hc/client5/http/impl/classic/HttpClientBuilder contextAdaptor ()Ljava/util/function/Function; 0 <appendix> argL0 ; # org/apache/hc/client5/http/impl/classic/HttpClientBuilder$$Lambda+0x00000210bfa28ec0
instanceKlass org/apache/hc/core5/http/protocol/HttpCoreContext
instanceKlass org/apache/hc/client5/http/classic/ExecRuntime
instanceKlass org/apache/hc/client5/http/impl/auth/BasicCredentialsProvider
instanceKlass org/apache/hc/client5/http/auth/CredentialsStore
instanceKlass org/apache/hc/client5/http/cookie/CookieIdentityComparator
instanceKlass org/apache/hc/client5/http/cookie/BasicCookieStore
instanceKlass org/apache/hc/client5/http/impl/cookie/IgnoreCookieSpecFactory
instanceKlass org/apache/hc/client5/http/cookie/CookieSpec
instanceKlass org/apache/hc/client5/http/cookie/CommonCookieAttributeHandler
instanceKlass org/apache/hc/client5/http/cookie/CookieAttributeHandler
instanceKlass org/apache/hc/client5/http/impl/cookie/RFC6265CookieSpecFactory
instanceKlass org/apache/hc/client5/http/cookie/CookieSpecFactory
instanceKlass org/apache/hc/client5/http/impl/CookieSpecSupport
instanceKlass org/apache/hc/client5/http/impl/auth/BearerSchemeFactory
instanceKlass org/apache/hc/client5/http/impl/auth/DigestSchemeFactory
instanceKlass org/apache/hc/client5/http/auth/AuthScheme
instanceKlass org/apache/hc/client5/http/impl/auth/BasicSchemeFactory
instanceKlass org/apache/hc/client5/http/auth/AuthSchemeFactory
instanceKlass org/apache/hc/client5/http/impl/classic/ExecChainElement
instanceKlass org/apache/hc/client5/http/impl/classic/RedirectExec
instanceKlass org/apache/hc/client5/http/impl/DefaultRedirectStrategy
instanceKlass org/apache/hc/client5/http/impl/routing/DefaultRoutePlanner
instanceKlass org/apache/hc/client5/http/impl/classic/HttpRequestRetryExec
instanceKlass org/apache/hc/client5/http/impl/DefaultHttpRequestRetryStrategy
instanceKlass org/apache/hc/client5/http/entity/DeflateInputStreamFactory
instanceKlass org/apache/hc/client5/http/entity/GZIPInputStreamFactory
instanceKlass org/apache/hc/core5/http/message/BufferedHeader
instanceKlass org/apache/hc/core5/http/FormattedHeader
instanceKlass org/apache/hc/core5/util/CharArrayBuffer
instanceKlass org/apache/hc/core5/http/message/MessageSupport
instanceKlass org/apache/hc/client5/http/entity/InputStreamFactory
instanceKlass org/apache/hc/core5/http/io/entity/HttpEntityWrapper
instanceKlass org/apache/hc/client5/http/impl/classic/ContentCompressionExec
instanceKlass org/apache/hc/client5/http/impl/classic/ProtocolExec
instanceKlass org/apache/hc/client5/http/impl/routing/BasicRouteDirector
instanceKlass org/apache/hc/client5/http/auth/AuthCache
instanceKlass org/apache/hc/client5/http/impl/auth/AuthCacheKeeper
instanceKlass  @bci org/apache/hc/core5/util/Tokenizer delimiters (CCC)Lorg/apache/hc/core5/util/Tokenizer$Delimiter; 3 <adapter> ; # java/lang/invoke/LambdaForm$MH+0x00000210bfa24c00
# instanceKlass java/lang/invoke/LambdaForm$DMH+0x00000210bfa24800
instanceKlass  @bci org/apache/hc/core5/util/Tokenizer delimiters (CCC)Lorg/apache/hc/core5/util/Tokenizer$Delimiter; 3 <appendix> form vmentry <vmtarget> ; # java/lang/invoke/LambdaForm$DMH+0x00000210bfa24400
instanceKlass  @bci org/apache/hc/core5/util/Tokenizer delimiters (CCC)Lorg/apache/hc/core5/util/Tokenizer$Delimiter; 3 <appendix> member <vmtarget> ; # org/apache/hc/core5/util/Tokenizer$$Lambda+0x00000210bfa20228
instanceKlass  @cpi org/apache/hc/core5/util/Tokenizer 161 form vmentry <vmtarget> ; # java/lang/invoke/LambdaForm$DMH+0x00000210bfa24000
instanceKlass org/apache/hc/client5/http/impl/auth/AuthChallengeParser
instanceKlass org/apache/hc/client5/http/impl/auth/HttpAuthenticator
instanceKlass org/apache/hc/client5/http/routing/HttpRouteDirector
instanceKlass org/apache/hc/core5/http/HttpEntity
instanceKlass org/apache/hc/core5/http/ClassicHttpRequest
instanceKlass org/apache/hc/client5/http/impl/classic/ConnectExec
instanceKlass org/apache/hc/client5/http/impl/ProtocolSwitchStrategy
instanceKlass org/apache/hc/client5/http/impl/classic/MainClientExec
instanceKlass org/apache/hc/client5/http/classic/ExecChainHandler
instanceKlass org/apache/hc/core5/http/config/NamedElementChain$Node
instanceKlass org/apache/hc/core5/http/config/NamedElementChain
instanceKlass org/apache/hc/core5/http/protocol/DefaultHttpProcessor
instanceKlass org/apache/hc/client5/http/protocol/ResponseProcessCookies
instanceKlass org/apache/hc/client5/http/protocol/RequestAddCookies
instanceKlass org/apache/hc/core5/http/protocol/ChainBuilder
instanceKlass org/apache/hc/client5/http/protocol/RequestUpgrade
instanceKlass org/apache/hc/client5/http/protocol/RequestExpectContinue
instanceKlass org/apache/hc/core5/http/protocol/RequestUserAgent
instanceKlass org/apache/hc/client5/http/protocol/RequestClientConnControl
instanceKlass org/apache/hc/core5/http/protocol/RequestContent
instanceKlass org/apache/hc/client5/http/protocol/RequestDefaultHeaders
instanceKlass org/apache/hc/client5/http/protocol/RequestValidateTrace
instanceKlass org/apache/hc/core5/http/protocol/RequestTargetHost
instanceKlass org/apache/hc/core5/http/protocol/HttpProcessorBuilder
instanceKlass org/apache/hc/core5/util/VersionInfo
instanceKlass org/apache/hc/client5/http/impl/DefaultUserTokenHandler
instanceKlass org/apache/hc/client5/http/impl/DefaultAuthenticationStrategy
instanceKlass org/apache/hc/client5/http/impl/DefaultConnectionKeepAliveStrategy
instanceKlass org/apache/hc/core5/http/impl/DefaultConnectionReuseStrategy
instanceKlass org/apache/hc/core5/http/HttpRequest
instanceKlass org/apache/hc/core5/http/EntityDetails
instanceKlass org/apache/hc/core5/http/impl/io/HttpRequestExecutor
instanceKlass  @bci org/springframework/cloud/netflix/eureka/http/DefaultEurekaClientHttpRequestFactorySupplier buildRequestConfig ()Lorg/apache/hc/client5/http/config/RequestConfig; 35 <appendix> member <vmtarget> ; # org/springframework/cloud/netflix/eureka/http/DefaultEurekaClientHttpRequestFactorySupplier$$Lambda+0x00000210bfa1a1c8
instanceKlass org/apache/hc/core5/http/impl/io/NoResponseOutOfOrderStrategy
instanceKlass org/apache/hc/core5/http/impl/DefaultContentLengthStrategy
instanceKlass org/apache/hc/core5/http/impl/EnglishReasonPhraseCatalog
instanceKlass org/apache/hc/core5/http/ReasonPhraseCatalog
instanceKlass org/apache/hc/core5/http/ClassicHttpResponse
instanceKlass org/apache/hc/core5/http/HttpEntityContainer
instanceKlass org/apache/hc/core5/http/HttpResponse
instanceKlass org/apache/hc/core5/http/HttpMessage
instanceKlass org/apache/hc/core5/http/MessageHeaders
instanceKlass org/apache/hc/core5/http/impl/io/DefaultClassicHttpResponseFactory
instanceKlass  @bci org/apache/hc/core5/util/Tokenizer delimiters (C)Lorg/apache/hc/core5/util/Tokenizer$Delimiter; 1 <appendix> member <vmtarget> ; # org/apache/hc/core5/util/Tokenizer$$Lambda+0x00000210bfa18888
instanceKlass  @bci org/apache/hc/core5/util/Tokenizer delimiters (CC)Lorg/apache/hc/core5/util/Tokenizer$Delimiter; 2 <appendix> member <vmtarget> ; # org/apache/hc/core5/util/Tokenizer$$Lambda+0x00000210bfa18668
instanceKlass org/apache/hc/core5/util/Tokenizer$Delimiter
instanceKlass org/apache/hc/core5/util/Tokenizer
instanceKlass org/apache/hc/core5/http/Header
instanceKlass org/apache/hc/core5/http/NameValuePair
instanceKlass org/apache/hc/core5/util/Tokenizer$Cursor
instanceKlass org/apache/hc/core5/http/message/BasicLineParser
instanceKlass org/apache/hc/core5/http/io/HttpMessageParser
instanceKlass org/apache/hc/core5/http/HttpResponseFactory
instanceKlass org/apache/hc/core5/http/message/LineParser
instanceKlass org/apache/hc/client5/http/impl/io/DefaultHttpResponseParserFactory
instanceKlass org/apache/hc/core5/http/message/BasicLineFormatter
instanceKlass org/apache/hc/core5/http/io/HttpMessageWriter
instanceKlass org/apache/hc/core5/http/message/LineFormatter
instanceKlass org/apache/hc/core5/http/impl/io/DefaultHttpRequestWriterFactory
instanceKlass org/apache/hc/core5/http/config/CharCodingConfig$Builder
instanceKlass org/apache/hc/core5/http/config/CharCodingConfig
instanceKlass org/apache/hc/core5/http/ProtocolVersion
instanceKlass org/apache/hc/core5/http/config/Http1Config$Builder
instanceKlass org/apache/hc/core5/http/config/Http1Config
instanceKlass org/apache/hc/client5/http/io/ManagedHttpClientConnection
instanceKlass org/apache/hc/core5/http/io/HttpClientConnection
instanceKlass org/apache/hc/core5/http/io/BHttpConnection
instanceKlass org/apache/hc/core5/http/HttpConnection
instanceKlass org/apache/hc/core5/http/SocketModalCloseable
instanceKlass org/apache/hc/core5/http/io/ResponseOutOfOrderStrategy
instanceKlass org/apache/hc/core5/http/ContentLengthStrategy
instanceKlass org/apache/hc/core5/http/io/HttpMessageParserFactory
instanceKlass org/apache/hc/core5/http/io/HttpMessageWriterFactory
instanceKlass org/apache/hc/client5/http/impl/io/ManagedHttpClientConnectionFactory
instanceKlass org/apache/hc/core5/concurrent/BasicFuture
instanceKlass org/apache/hc/core5/pool/StrictConnPool
instanceKlass org/apache/hc/client5/http/impl/io/PoolingHttpClientConnectionManager$4
instanceKlass org/apache/hc/client5/http/SystemDefaultDnsResolver
instanceKlass org/apache/hc/client5/http/impl/DefaultSchemePortResolver
instanceKlass org/apache/hc/core5/http/config/Registry
instanceKlass org/apache/hc/core5/util/TextUtils
instanceKlass org/apache/hc/core5/http/config/RegistryBuilder
instanceKlass  @bci org/apache/hc/client5/http/impl/io/DefaultHttpClientConnectionOperator <clinit> ()V 8 <appendix> argL0 ; # org/apache/hc/client5/http/impl/io/DefaultHttpClientConnectionOperator$$Lambda+0x00000210bfa10d40
instanceKlass org/apache/hc/client5/http/io/DetachedSocketFactory
instanceKlass org/apache/hc/core5/net/NamedEndpoint
instanceKlass org/apache/hc/client5/http/DnsResolver
instanceKlass org/apache/hc/client5/http/impl/io/DefaultHttpClientConnectionOperator
instanceKlass org/apache/hc/client5/http/impl/PrefixedIncrementingId
instanceKlass org/apache/hc/core5/pool/ManagedConnPool
instanceKlass org/apache/hc/core5/pool/ConnPool
instanceKlass org/apache/hc/core5/http/io/HttpConnectionFactory
instanceKlass org/apache/hc/client5/http/io/LeaseRequest
instanceKlass org/apache/hc/core5/concurrent/Cancellable
instanceKlass  @bci org/apache/hc/client5/http/impl/io/PoolingHttpClientConnectionManagerBuilder setDefaultConnectionConfig (Lorg/apache/hc/client5/http/config/ConnectionConfig;)Lorg/apache/hc/client5/http/impl/io/PoolingHttpClientConnectionManagerBuilder; 2 <appendix> member <vmtarget> ; # org/apache/hc/client5/http/impl/io/PoolingHttpClientConnectionManagerBuilder$$Lambda+0x00000210bfa0fbc0
instanceKlass  @bci org/apache/hc/client5/http/impl/io/PoolingHttpClientConnectionManagerBuilder setDefaultSocketConfig (Lorg/apache/hc/core5/http/io/SocketConfig;)Lorg/apache/hc/client5/http/impl/io/PoolingHttpClientConnectionManagerBuilder; 2 <appendix> member <vmtarget> ; # org/apache/hc/client5/http/impl/io/PoolingHttpClientConnectionManagerBuilder$$Lambda+0x00000210bfa0f998
instanceKlass org/apache/hc/client5/http/HttpRoute
instanceKlass org/apache/hc/client5/http/RouteInfo
instanceKlass org/apache/hc/core5/function/Resolver
instanceKlass org/apache/hc/core5/http/io/SocketConfig$Builder
instanceKlass  @bci org/apache/hc/client5/http/impl/io/PoolingHttpClientConnectionManagerBuilder setSSLSocketFactory (Lorg/apache/hc/client5/http/socket/LayeredConnectionSocketFactory;)Lorg/apache/hc/client5/http/impl/io/PoolingHttpClientConnectionManagerBuilder; 2 <appendix> member <vmtarget> ; # org/apache/hc/client5/http/impl/io/PoolingHttpClientConnectionManagerBuilder$$Lambda+0x00000210bfa0ee70
instanceKlass  @cpi org/apache/hc/client5/http/impl/io/PoolingHttpClientConnectionManagerBuilder 171 form vmentry <vmtarget> ; # java/lang/invoke/LambdaForm$DMH+0x00000210bfa0d000
instanceKlass org/apache/hc/core5/http/protocol/HttpContext
instanceKlass org/apache/hc/client5/http/psl/PublicSuffixMatcher
instanceKlass org/apache/hc/client5/http/psl/PublicSuffixList
instanceKlass org/apache/hc/client5/http/psl/PublicSuffixListParser
instanceKlass org/apache/hc/core5/util/Args
instanceKlass org/apache/hc/client5/http/psl/PublicSuffixMatcherLoader
instanceKlass org/apache/hc/client5/http/ssl/DefaultHostnameVerifier
instanceKlass org/apache/hc/client5/http/ssl/HttpClientHostnameVerifier
instanceKlass org/apache/hc/client5/http/ssl/HttpsSupport
instanceKlass org/apache/hc/core5/util/TimeValue
instanceKlass org/apache/hc/client5/http/ssl/SSLConnectionSocketFactory
instanceKlass  @bci sun/security/ssl/SSLContextImpl engineInit ([Ljavax/net/ssl/KeyManager;[Ljavax/net/ssl/TrustManager;Ljava/security/SecureRandom;)V 57 <appendix> argL0 ; # sun/security/ssl/SSLContextImpl$$Lambda+0x00000210bfa508e0
instanceKlass javax/net/ssl/X509ExtendedTrustManager
instanceKlass javax/net/ssl/X509TrustManager
instanceKlass javax/net/ssl/TrustManager
instanceKlass sun/security/validator/TrustStoreUtil
# instanceKlass java/lang/invoke/LambdaForm$MH+0x00000210bfa0cc00
# instanceKlass java/lang/invoke/LambdaForm$MH+0x00000210bfa0c800
# instanceKlass java/lang/invoke/LambdaForm$MH+0x00000210bfa0c400
# instanceKlass java/lang/invoke/LambdaForm$DMH+0x00000210bfa0c000
instanceKlass sun/security/x509/NetscapeCertTypeExtension$MapEntry
instanceKlass sun/security/x509/RFC822Name
instanceKlass java/security/cert/PolicyQualifierInfo
instanceKlass java/security/interfaces/ECPublicKey
instanceKlass java/security/PKCS12Attribute
instanceKlass java/security/KeyStore$Entry$Attribute
instanceKlass sun/security/pkcs12/PKCS12KeyStore$Entry
instanceKlass jdk/internal/event/EventHelper$ThreadTrackHolder
instanceKlass sun/security/util/IOUtils
instanceKlass sun/security/action/OpenFileInputStreamAction
instanceKlass  @bci sun/security/util/KeyStoreDelegator <init> (Ljava/lang/String;Ljava/lang/Class;Ljava/lang/String;Ljava/lang/Class;)V 4 <appendix> argL0 ; # sun/security/util/KeyStoreDelegator$$Lambda+0x00000210bfa4c9f0
instanceKlass java/security/KeyStoreSpi
instanceKlass  @bci java/security/KeyStore getDefaultType ()Ljava/lang/String; 0 <appendix> argL0 ; # java/security/KeyStore$$Lambda+0x00000210bfa4b6e8
instanceKlass java/security/KeyStore
instanceKlass sun/security/ssl/TrustStoreManager$TrustStoreDescriptor$1
instanceKlass sun/security/util/FilePaths
instanceKlass sun/security/ssl/TrustStoreManager$TrustStoreDescriptor
instanceKlass sun/security/ssl/TrustStoreManager$TrustAnchorManager
instanceKlass sun/security/ssl/TrustStoreManager
instanceKlass javax/net/ssl/TrustManagerFactorySpi
instanceKlass  @bci javax/net/ssl/TrustManagerFactory getDefaultAlgorithm ()Ljava/lang/String; 0 <appendix> argL0 ; # javax/net/ssl/TrustManagerFactory$$Lambda+0x00000210bfa4a1c0
instanceKlass javax/net/ssl/TrustManagerFactory
instanceKlass javax/net/ssl/X509ExtendedKeyManager
instanceKlass javax/net/ssl/X509KeyManager
instanceKlass javax/net/ssl/KeyManager
instanceKlass sun/security/ssl/SSLSessionContextImpl
instanceKlass javax/net/ssl/SSLSessionContext
instanceKlass sun/security/ssl/EphemeralKeyManager$EphemeralKeyPair
instanceKlass sun/security/ssl/EphemeralKeyManager
instanceKlass sun/security/ssl/SSLContextImpl$CustomizedSSLProtocols
instanceKlass java/security/spec/NamedParameterSpec
instanceKlass sun/security/util/ECKeySizeParameterSpec
instanceKlass sun/security/util/ECUtil
instanceKlass java/security/KeyPairGeneratorSpi
instanceKlass javax/crypto/KeyAgreement
instanceKlass sun/security/ssl/JsseJce$EcAvailability
instanceKlass sun/security/ssl/SSLAlgorithmDecomposer$1
instanceKlass sun/security/ssl/Utilities
instanceKlass sun/security/ssl/JsseJce
instanceKlass sun/security/ssl/NamedGroup$XDHScheme
instanceKlass sun/security/ssl/NamedGroup$FFDHEScheme
instanceKlass sun/security/ssl/NamedGroup$ECDHEScheme
instanceKlass sun/security/ssl/NamedGroup$NamedGroupScheme
instanceKlass sun/security/ssl/SSLCipher$1
instanceKlass sun/security/ssl/SSLCipher$T13CC20P1305WriteCipherGenerator
instanceKlass sun/security/ssl/SSLCipher$T12CC20P1305WriteCipherGenerator
instanceKlass sun/security/ssl/SSLCipher$T13CC20P1305ReadCipherGenerator
instanceKlass sun/security/ssl/SSLCipher$T12CC20P1305ReadCipherGenerator
instanceKlass sun/security/ssl/SSLCipher$T13GcmWriteCipherGenerator
instanceKlass sun/security/ssl/SSLCipher$T13GcmReadCipherGenerator
instanceKlass sun/security/ssl/SSLCipher$T12GcmWriteCipherGenerator
instanceKlass sun/security/ssl/SSLCipher$T12GcmReadCipherGenerator
instanceKlass com/sun/crypto/provider/AESConstants
instanceKlass java/util/Vector$1
instanceKlass  @bci javax/crypto/JceSecurityManager <clinit> ()V 67 <appendix> argL0 ; # javax/crypto/JceSecurityManager$$Lambda+0x00000210bfa413d8
instanceKlass  @bci javax/crypto/JceSecurityManager <clinit> ()V 49 <appendix> argL0 ; # javax/crypto/JceSecurityManager$$Lambda+0x00000210bfa411b8
instanceKlass javax/crypto/JceSecurityManager
instanceKlass sun/security/ssl/SSLCipher$T11BlockWriteCipherGenerator
instanceKlass sun/security/ssl/SSLCipher$T11BlockReadCipherGenerator
instanceKlass com/sun/crypto/provider/PKCS5Padding
instanceKlass com/sun/crypto/provider/Padding
instanceKlass com/sun/crypto/provider/FeedbackCipher
instanceKlass com/sun/crypto/provider/SymmetricCipher
instanceKlass com/sun/crypto/provider/DESConstants
instanceKlass com/sun/crypto/provider/CipherCore
instanceKlass sun/security/ssl/SSLCipher$T10BlockWriteCipherGenerator
instanceKlass sun/security/ssl/SSLCipher$T10BlockReadCipherGenerator
instanceKlass javax/crypto/CipherSpi
instanceKlass javax/crypto/Cipher$Transform
instanceKlass javax/crypto/Cipher
instanceKlass sun/security/ssl/SSLCipher$StreamWriteCipherGenerator
instanceKlass sun/security/ssl/SSLCipher$StreamReadCipherGenerator
instanceKlass sun/security/ssl/SSLCipher$NullWriteCipherGenerator
instanceKlass sun/security/ssl/SSLCipher$WriteCipherGenerator
instanceKlass sun/security/ssl/SSLCipher$NullReadCipherGenerator
instanceKlass sun/security/ssl/SSLCipher$ReadCipherGenerator
instanceKlass sun/security/ssl/SSLAlgorithmConstraints
instanceKlass sun/security/ssl/SSLLogger
instanceKlass javax/net/ssl/SSLContextSpi
instanceKlass org/apache/hc/core5/ssl/SSLContexts
instanceKlass org/apache/hc/client5/http/ssl/SSLConnectionSocketFactoryBuilder
instanceKlass org/apache/hc/client5/http/io/HttpClientConnectionOperator
instanceKlass org/apache/hc/client5/http/impl/io/PoolingHttpClientConnectionManagerBuilder
instanceKlass org/apache/hc/client5/http/config/Configurable
instanceKlass org/apache/hc/client5/http/impl/classic/CloseableHttpClient
instanceKlass org/apache/hc/client5/http/auth/CredentialsProvider
instanceKlass org/apache/hc/client5/http/cookie/CookieStore
instanceKlass org/apache/hc/client5/http/routing/HttpRoutePlanner
instanceKlass org/apache/hc/client5/http/HttpRequestRetryStrategy
instanceKlass org/apache/hc/core5/http/config/Lookup
instanceKlass org/apache/hc/core5/http/protocol/HttpProcessor
instanceKlass org/apache/hc/client5/http/SchemePortResolver
instanceKlass org/apache/hc/core5/http/HttpResponseInterceptor
instanceKlass org/apache/hc/core5/http/HttpRequestInterceptor
instanceKlass org/apache/hc/client5/http/UserTokenHandler
instanceKlass org/apache/hc/client5/http/AuthenticationStrategy
instanceKlass org/apache/hc/client5/http/ConnectionKeepAliveStrategy
instanceKlass org/apache/hc/core5/http/ConnectionReuseStrategy
instanceKlass org/apache/hc/client5/http/impl/classic/HttpClientBuilder
instanceKlass org/springframework/cloud/netflix/eureka/http/RestTemplateEurekaHttpClient
instanceKlass  @bci com/netflix/spectator/api/patterns/PolledMeter$Builder monitorSize (Ljava/util/Collection;)Ljava/util/Collection; 2 <appendix> argL0 ; # com/netflix/spectator/api/patterns/PolledMeter$Builder$$Lambda+0x00000210bfa039c0
instanceKlass com/netflix/discovery/shared/transport/TransportUtils
instanceKlass com/netflix/discovery/shared/transport/decorator/EurekaHttpClientDecorator$6
instanceKlass com/netflix/discovery/InstanceRegionChecker
instanceKlass com/netflix/discovery/AbstractAzToRegionMapper
instanceKlass  @bci com/netflix/discovery/shared/transport/decorator/SessionedEurekaHttpClient <init> (Ljava/lang/String;Lcom/netflix/discovery/shared/transport/EurekaHttpClientFactory;J)V 60 <appendix> argL0 ; # com/netflix/discovery/shared/transport/decorator/SessionedEurekaHttpClient$$Lambda+0x00000210bfa02c68
instanceKlass com/netflix/discovery/shared/transport/decorator/RetryableEurekaHttpClient$1
instanceKlass com/netflix/discovery/shared/transport/decorator/ServerStatusEvaluators$2
instanceKlass com/netflix/discovery/shared/transport/decorator/ServerStatusEvaluators$1
instanceKlass com/netflix/discovery/shared/transport/decorator/ServerStatusEvaluator
instanceKlass com/netflix/discovery/shared/transport/decorator/ServerStatusEvaluators
instanceKlass com/netflix/discovery/shared/transport/decorator/RedirectingEurekaHttpClient$1
instanceKlass com/netflix/discovery/shared/dns/DnsServiceImpl
instanceKlass com/netflix/discovery/shared/dns/DnsService
instanceKlass com/netflix/discovery/shared/transport/decorator/EurekaHttpClientDecorator$RequestExecutor
instanceKlass com/netflix/discovery/shared/transport/decorator/EurekaHttpClientDecorator
instanceKlass com/netflix/discovery/shared/transport/EurekaHttpClients$1
instanceKlass  @bci com/netflix/discovery/shared/resolver/AsyncResolver <init> (Ljava/lang/String;Lcom/netflix/discovery/shared/resolver/ClusterResolver;Ljava/util/List;III)V 183 <appendix> argL0 ; # com/netflix/discovery/shared/resolver/AsyncResolver$$Lambda+0x00000210bfa006a8
instanceKlass com/netflix/discovery/shared/resolver/AsyncResolver$2
instanceKlass com/netflix/discovery/shared/resolver/AsyncResolver$1
instanceKlass  @bci com/netflix/discovery/shared/resolver/AsyncResolver <init> (Ljava/lang/String;Lcom/netflix/discovery/shared/resolver/ClusterResolver;Ljava/util/List;III)V 72 <appendix> argL0 ; # com/netflix/discovery/shared/resolver/AsyncResolver$$Lambda+0x00000210bf9fc400
instanceKlass com/netflix/discovery/shared/resolver/AsyncResolver$3
instanceKlass com/netflix/discovery/shared/resolver/AsyncResolver
instanceKlass com/netflix/discovery/shared/resolver/DefaultEndpoint
instanceKlass com/netflix/discovery/endpoint/EndpointUtils
instanceKlass com/netflix/discovery/shared/resolver/aws/ConfigClusterResolver
instanceKlass com/netflix/discovery/shared/resolver/aws/ZoneAffinityClusterResolver
instanceKlass com/netflix/discovery/shared/transport/EurekaHttpClientFactory
instanceKlass com/netflix/discovery/shared/resolver/ClosableResolver
instanceKlass com/netflix/discovery/shared/transport/EurekaHttpClients
instanceKlass com/netflix/discovery/DiscoveryClient$5
instanceKlass com/netflix/discovery/shared/transport/EurekaHttpClient
instanceKlass org/springframework/cloud/netflix/eureka/http/RestTemplateTransportClientFactory
instanceKlass com/netflix/discovery/DiscoveryClient$EurekaTransport
instanceKlass com/netflix/discovery/DiscoveryClient$4
instanceKlass com/netflix/discovery/DiscoveryClient$3
instanceKlass com/netflix/discovery/DiscoveryClient$2
instanceKlass  @bci com/netflix/discovery/DiscoveryClient <init> (Lcom/netflix/appinfo/ApplicationInfoManager;Lcom/netflix/discovery/EurekaClientConfig;Lcom/netflix/discovery/shared/transport/jersey/TransportClientFactories;Lcom/netflix/discovery/AbstractDiscoveryClientOptionalArgs;Ljakarta/inject/Provider;Lcom/netflix/discovery/shared/resolver/EndpointRandomizer;)V 597 <appendix> argL0 ; # com/netflix/discovery/DiscoveryClient$$Lambda+0x00000210bf9fece8
instanceKlass  @bci com/netflix/discovery/DiscoveryClient <init> (Lcom/netflix/appinfo/ApplicationInfoManager;Lcom/netflix/discovery/EurekaClientConfig;Lcom/netflix/discovery/shared/transport/jersey/TransportClientFactories;Lcom/netflix/discovery/AbstractDiscoveryClientOptionalArgs;Ljakarta/inject/Provider;Lcom/netflix/discovery/shared/resolver/EndpointRandomizer;)V 512 <appendix> argL0 ; # com/netflix/discovery/DiscoveryClient$$Lambda+0x00000210bf9feac8
instanceKlass com/netflix/discovery/util/ThresholdLevelsMetric
instanceKlass com/netflix/discovery/endpoint/EndpointUtils$InstanceInfoBasedUrlRandomizer
instanceKlass com/netflix/discovery/DiscoveryClient$Stats
instanceKlass  @bci com/netflix/spectator/api/patterns/GaugePoller schedule (Ljava/util/concurrent/ScheduledExecutorService;Ljava/lang/ref/WeakReference;JLjava/util/function/Consumer;)Ljava/util/concurrent/Future; 23 <appendix> member <vmtarget> ; # com/netflix/spectator/api/patterns/GaugePoller$$Lambda+0x00000210bf9fe000
instanceKlass  @bci com/netflix/spectator/api/patterns/GaugePoller schedule (Ljava/util/concurrent/ScheduledExecutorService;Ljava/lang/ref/WeakReference;JLjava/util/function/Consumer;)Ljava/util/concurrent/Future; 11 <appendix> member <vmtarget> ; # com/netflix/spectator/api/patterns/GaugePoller$$Lambda+0x00000210bf9fbca8
instanceKlass com/netflix/spectator/api/patterns/GaugePoller$1
instanceKlass com/netflix/spectator/api/patterns/GaugePoller
instanceKlass  @bci com/netflix/spectator/api/patterns/PolledMeter$AbstractMeterState schedule (Lcom/netflix/spectator/api/Registry;Ljava/util/concurrent/ScheduledExecutorService;J)V 26 <appendix> member <vmtarget> ; # com/netflix/spectator/api/patterns/PolledMeter$AbstractMeterState$$Lambda+0x00000210bf9fb640
instanceKlass com/netflix/spectator/api/patterns/PolledMeter$ValueEntry
instanceKlass com/netflix/spectator/api/Utils
instanceKlass  @bci com/netflix/spectator/api/patterns/PolledMeter$Builder monitorValue (Ljava/lang/Object;Ljava/util/function/ToDoubleFunction;)Ljava/lang/Object; 99 <appendix> member <vmtarget> ; # com/netflix/spectator/api/patterns/PolledMeter$Builder$$Lambda+0x00000210bf9fafe0
instanceKlass com/netflix/spectator/api/patterns/PolledMeter$AbstractMeterState
instanceKlass  @bci com/netflix/spectator/api/patterns/PolledMeter$Builder monitorValue (Ljava/lang/Number;)Ljava/lang/Number; 2 <appendix> argL0 ; # com/netflix/spectator/api/patterns/PolledMeter$Builder$$Lambda+0x00000210bf9fa000
instanceKlass  @cpi com/netflix/spectator/api/patterns/PolledMeter$Builder 170 form vmentry <vmtarget> ; # java/lang/invoke/LambdaForm$DMH+0x00000210bf9fc000
instanceKlass java/util/function/ToDoubleFunction
instanceKlass  @bci com/netflix/spectator/impl/Config <clinit> ()V 0 <appendix> argL0 ; # com/netflix/spectator/impl/Config$$Lambda+0x00000210bf9f9db0
instanceKlass com/netflix/spectator/api/RegistryConfig
instanceKlass com/netflix/spectator/impl/Config
instanceKlass com/netflix/spectator/api/patterns/TagsBuilder
instanceKlass com/netflix/spectator/api/patterns/IdBuilder
instanceKlass com/netflix/spectator/api/patterns/PolledMeter
instanceKlass com/netflix/spectator/api/Timer$BatchUpdater
instanceKlass com/netflix/spectator/api/Counter$BatchUpdater
instanceKlass com/netflix/spectator/impl/SwapMeter
instanceKlass com/netflix/spectator/api/ArrayTagSet
instanceKlass com/netflix/spectator/api/DefaultId
instanceKlass com/netflix/spectator/api/BasicTag
instanceKlass com/netflix/spectator/impl/Preconditions
instanceKlass com/netflix/spectator/api/ExtendedRegistry
instanceKlass  @bci com/netflix/spectator/api/CompositeRegistry <init> (Lcom/netflix/spectator/api/Clock;)V 56 <appendix> member <vmtarget> ; # com/netflix/spectator/api/CompositeRegistry$$Lambda+0x00000210bf9f7830
instanceKlass java/util/function/LongSupplier
instanceKlass com/netflix/spectator/api/Clock
instanceKlass com/netflix/spectator/api/Counter
instanceKlass com/netflix/spectator/api/Id
instanceKlass com/netflix/spectator/api/TagList
instanceKlass com/netflix/spectator/api/DistributionSummary
instanceKlass com/netflix/spectator/api/Gauge
instanceKlass com/netflix/spectator/api/Timer
instanceKlass com/netflix/spectator/api/LongTaskTimer
instanceKlass com/netflix/spectator/api/Meter
instanceKlass com/netflix/spectator/api/CompositeRegistry
instanceKlass com/netflix/spectator/api/Spectator
instanceKlass com/netflix/spectator/api/Tag
instanceKlass com/netflix/spectator/api/Registry
instanceKlass com/netflix/discovery/util/SpectatorUtil
instanceKlass com/netflix/discovery/BackupRegistry
instanceKlass com/netflix/discovery/DiscoveryClient$1
instanceKlass  @bci com/netflix/discovery/DiscoveryClient <init> (Lcom/netflix/appinfo/ApplicationInfoManager;Lcom/netflix/discovery/EurekaClientConfig;Lcom/netflix/discovery/shared/transport/jersey/TransportClientFactories;Lcom/netflix/discovery/AbstractDiscoveryClientOptionalArgs;)V 6 <appendix> argL0 ; # com/netflix/discovery/DiscoveryClient$$Lambda+0x00000210bf9f4a30
instanceKlass com/netflix/discovery/shared/resolver/ResolverUtils
instanceKlass com/netflix/discovery/shared/resolver/EndpointRandomizer
instanceKlass com/netflix/discovery/AzToRegionMapper
instanceKlass com/netflix/discovery/endpoint/EndpointUtils$ServiceUrlRandomizer
instanceKlass com/netflix/discovery/shared/resolver/ClusterResolver
instanceKlass com/netflix/discovery/shared/resolver/aws/ApplicationsResolver$ApplicationsSource
instanceKlass com/netflix/discovery/EurekaEvent
instanceKlass org/springframework/cloud/util/ProxyUtils
# instanceKlass java/lang/invoke/LambdaForm$MH+0x00000210bf9f1c00
# instanceKlass java/lang/invoke/LambdaForm$MH+0x00000210bf9f1800
# instanceKlass java/lang/invoke/LambdaForm$MH+0x00000210bf9f1400
# instanceKlass java/lang/invoke/LambdaForm$MH+0x00000210bf9f1000
# instanceKlass java/lang/invoke/LambdaForm$MH+0x00000210bf9f0c00
# instanceKlass java/lang/invoke/LambdaForm$MH+0x00000210bf9f0800
# instanceKlass java/lang/invoke/LambdaForm$MH+0x00000210bf9f0400
# instanceKlass java/lang/invoke/LambdaForm$DMH+0x00000210bf9f0000
instanceKlass  @bci com/netflix/appinfo/InstanceInfo$Builder <init> (Lcom/netflix/appinfo/InstanceInfo;Lcom/netflix/appinfo/providers/VipAddressResolver;Ljava/util/function/Function;)V 23 <appendix> argL0 ; # com/netflix/appinfo/InstanceInfo$Builder$$Lambda+0x00000210bf9ef0b8
instanceKlass com/netflix/discovery/util/StringCache
instanceKlass com/netflix/appinfo/providers/Archaius1VipAddressResolver
instanceKlass com/netflix/appinfo/providers/VipAddressResolver
instanceKlass com/netflix/appinfo/InstanceInfo$Builder$LazyHolder
instanceKlass com/netflix/appinfo/InstanceInfo$Builder
instanceKlass com/netflix/appinfo/LeaseInfo
instanceKlass com/netflix/appinfo/LeaseInfo$Builder
instanceKlass org/springframework/cloud/netflix/eureka/InstanceInfoFactory
instanceKlass org/springframework/aop/framework/ReflectiveMethodInvocation
instanceKlass org/springframework/aop/ProxyMethodInvocation
# instanceKlass java/lang/invoke/LambdaForm$MH+0x00000210bf9edc00
# instanceKlass java/lang/invoke/LambdaForm$MH+0x00000210bf9ed800
# instanceKlass java/lang/invoke/LambdaForm$MH+0x00000210bf9ed400
# instanceKlass java/lang/invoke/LambdaForm$MH+0x00000210bf9ed000
# instanceKlass java/lang/invoke/LambdaForm$MH+0x00000210bf9ecc00
instanceKlass org/springframework/cloud/context/scope/GenericScope$BeanLifecycleWrapper
instanceKlass  @bci org/springframework/beans/factory/support/AbstractBeanFactory doGetBean (Ljava/lang/String;Ljava/lang/Class;[Ljava/lang/Object;Z)Ljava/lang/Object; 637 <appendix> member <vmtarget> ; # org/springframework/beans/factory/support/AbstractBeanFactory$$Lambda+0x00000210bf9eb4a0
instanceKlass  @bci org/springframework/context/support/DefaultLifecycleProcessor startBeans (Z)V 43 <appendix> argL0 ; # org/springframework/context/support/DefaultLifecycleProcessor$$Lambda+0x00000210bf9eb270
instanceKlass  @bci org/springframework/context/support/DefaultLifecycleProcessor lambda$startBeans$1 (ZLjava/util/Map;Ljava/util/Map;Ljava/lang/String;Lorg/springframework/context/Lifecycle;)V 32 <appendix> member <vmtarget> ; # org/springframework/context/support/DefaultLifecycleProcessor$$Lambda+0x00000210bf9eae18
instanceKlass  @bci org/springframework/cloud/client/loadbalancer/LoadBalancerAutoConfiguration lambda$loadBalancedRestTemplateInitializerDeprecated$1 (Lorg/springframework/beans/factory/ObjectProvider;)V 2 <appendix> member <vmtarget> ; # org/springframework/cloud/client/loadbalancer/LoadBalancerAutoConfiguration$$Lambda+0x00000210bf9eabe0
instanceKlass org/springframework/aop/aspectj/ShadowMatchUtils
instanceKlass jakarta/servlet/descriptor/JspConfigDescriptor
instanceKlass org/springframework/aot/hint/ReflectionHints
instanceKlass  @bci org/springframework/cloud/openfeign/aot/FeignClientBeanFactoryInitializationAotProcessor getFeignClientBeanDefinitions (Lorg/springframework/cloud/openfeign/FeignClientFactory;)Ljava/util/Map; 62 <appendix> argL0 ; # org/springframework/cloud/openfeign/aot/FeignClientBeanFactoryInitializationAotProcessor$$Lambda+0x00000210bf9ea318
instanceKlass  @bci org/springframework/cloud/openfeign/aot/FeignClientBeanFactoryInitializationAotProcessor getFeignClientBeanDefinitions (Lorg/springframework/cloud/openfeign/FeignClientFactory;)Ljava/util/Map; 57 <appendix> argL0 ; # org/springframework/cloud/openfeign/aot/FeignClientBeanFactoryInitializationAotProcessor$$Lambda+0x00000210bf9ea0d8
instanceKlass  @bci org/springframework/cloud/openfeign/aot/FeignClientBeanFactoryInitializationAotProcessor getFeignClientBeanDefinitions (Lorg/springframework/cloud/openfeign/FeignClientFactory;)Ljava/util/Map; 47 <appendix> member <vmtarget> ; # org/springframework/cloud/openfeign/aot/FeignClientBeanFactoryInitializationAotProcessor$$Lambda+0x00000210bf9e9e90
instanceKlass  @bci org/springframework/cloud/openfeign/aot/FeignClientBeanFactoryInitializationAotProcessor getFeignClientBeanDefinitions (Lorg/springframework/cloud/openfeign/FeignClientFactory;)Ljava/util/Map; 36 <appendix> argL0 ; # org/springframework/cloud/openfeign/aot/FeignClientBeanFactoryInitializationAotProcessor$$Lambda+0x00000210bf9e9c40
instanceKlass  @bci org/springframework/cloud/openfeign/aot/FeignClientBeanFactoryInitializationAotProcessor getFeignClientBeanDefinitions (Lorg/springframework/cloud/openfeign/FeignClientFactory;)Ljava/util/Map; 26 <appendix> argL0 ; # org/springframework/cloud/openfeign/aot/FeignClientBeanFactoryInitializationAotProcessor$$Lambda+0x00000210bf9e99f0
instanceKlass  @bci org/springframework/cloud/openfeign/aot/FeignClientBeanFactoryInitializationAotProcessor getFeignClientBeanDefinitions (Lorg/springframework/cloud/openfeign/FeignClientFactory;)Ljava/util/Map; 16 <appendix> argL0 ; # org/springframework/cloud/openfeign/aot/FeignClientBeanFactoryInitializationAotProcessor$$Lambda+0x00000210bf9e97b0
instanceKlass org/springframework/aot/hint/BindingReflectionHintsRegistrar
# instanceKlass java/lang/invoke/LambdaForm$MH+0x00000210bf9ec800
# instanceKlass java/lang/invoke/LambdaForm$MH+0x00000210bf9ec400
# instanceKlass java/lang/invoke/LambdaForm$MH+0x00000210bf9ec000
instanceKlass  @bci org/springframework/cloud/loadbalancer/cache/DefaultLoadBalancerCacheManager <init> (Lorg/springframework/cloud/loadbalancer/cache/LoadBalancerCacheProperties;[Ljava/lang/String;)V 37 <appendix> argL0 ; # org/springframework/cloud/loadbalancer/cache/DefaultLoadBalancerCacheManager$$Lambda+0x00000210bf9e8ae0
instanceKlass  @bci org/springframework/cloud/loadbalancer/cache/DefaultLoadBalancerCacheManager <init> (Lorg/springframework/cloud/loadbalancer/cache/LoadBalancerCacheProperties;[Ljava/lang/String;)V 32 <appendix> argL0 ; # org/springframework/cloud/loadbalancer/cache/DefaultLoadBalancerCacheManager$$Lambda+0x00000210bf9e88a0
instanceKlass com/stoyanr/evictor/queue/NavigableMapEvictionQueue
instanceKlass java/util/concurrent/Executors$DelegatedExecutorService
instanceKlass  @bci org/springframework/cloud/loadbalancer/cache/DefaultLoadBalancerCacheManager aScheduledDaemonThreadExecutor ()Ljava/util/concurrent/ScheduledExecutorService; 0 <appendix> argL0 ; # org/springframework/cloud/loadbalancer/cache/DefaultLoadBalancerCacheManager$$Lambda+0x00000210bf9e8000
instanceKlass com/stoyanr/evictor/EvictionQueue
instanceKlass com/stoyanr/evictor/scheduler/AbstractQueueEvictionScheduler
instanceKlass org/springframework/cache/Cache$ValueWrapper
instanceKlass  @bci org/springframework/cloud/loadbalancer/cache/DefaultLoadBalancerCacheManager createCaches ([Ljava/lang/String;Lorg/springframework/cloud/loadbalancer/cache/LoadBalancerCacheProperties;)Ljava/util/Set; 11 <appendix> member <vmtarget> ; # org/springframework/cloud/loadbalancer/cache/DefaultLoadBalancerCacheManager$$Lambda+0x00000210bf9e7690
instanceKlass org/springframework/cache/support/AbstractValueAdaptingCache
instanceKlass org/springframework/cloud/loadbalancer/core/DelegatingServiceInstanceListSupplier
instanceKlass org/springframework/cloud/loadbalancer/core/SelectedInstanceCallback
instanceKlass org/springframework/cloud/loadbalancer/core/ServiceInstanceListSupplier
instanceKlass com/stoyanr/evictor/EvictionScheduler
instanceKlass org/springframework/cloud/loadbalancer/cache/DefaultLoadBalancerCacheManager
instanceKlass org/springframework/cloud/configuration/VerificationResult
instanceKlass org/springframework/cloud/configuration/SpringBootVersionVerifier$2
instanceKlass org/springframework/cloud/configuration/CompatibilityPredicate
instanceKlass  @bci org/springframework/cloud/client/loadbalancer/LoadBalancerAutoConfiguration loadBalancedRestTemplateInitializerDeprecated (Lorg/springframework/beans/factory/ObjectProvider;)Lorg/springframework/beans/factory/SmartInitializingSingleton; 2 <appendix> member <vmtarget> ; # org/springframework/cloud/client/loadbalancer/LoadBalancerAutoConfiguration$$Lambda+0x00000210bf9e3380
instanceKlass  @bci org/springframework/cloud/client/loadbalancer/LoadBalancerAutoConfiguration$LoadBalancerInterceptorConfig restTemplateCustomizer (Lorg/springframework/cloud/client/loadbalancer/LoadBalancerInterceptor;)Lorg/springframework/cloud/client/loadbalancer/RestTemplateCustomizer; 1 <appendix> member <vmtarget> ; # org/springframework/cloud/client/loadbalancer/LoadBalancerAutoConfiguration$LoadBalancerInterceptorConfig$$Lambda+0x00000210bf9e3158
instanceKlass org/springframework/http/client/ClientHttpRequestExecution
instanceKlass org/springframework/cloud/client/loadbalancer/LoadBalanced
instanceKlass org/springframework/cloud/client/actuator/NamedFeature
instanceKlass com/netflix/eventbus/spi/EventBus
instanceKlass com/netflix/discovery/shared/transport/TransportClientFactory
instanceKlass com/netflix/discovery/PreRegistrationHandler
instanceKlass  @bci org/springframework/cloud/netflix/eureka/config/DiscoveryClientOptionalArgsConfiguration$RestTemplateConfiguration restTemplateDiscoveryClientOptionalArgs (Lorg/springframework/cloud/configuration/TlsProperties;Lorg/springframework/cloud/netflix/eureka/http/EurekaClientHttpRequestFactorySupplier;Lorg/springframework/beans/factory/ObjectProvider;)Lorg/springframework/cloud/netflix/eureka/http/RestTemplateDiscoveryClientOptionalArgs; 32 <appendix> member <vmtarget> ; # org/springframework/cloud/netflix/eureka/config/DiscoveryClientOptionalArgsConfiguration$RestTemplateConfiguration$$Lambda+0x00000210bf9e1ec8
# instanceKlass java/lang/invoke/LambdaForm$MH+0x00000210bf9e4c00
# instanceKlass java/lang/invoke/LambdaForm$MH+0x00000210bf9e4800
instanceKlass javax/net/ssl/SSLContext
instanceKlass org/apache/hc/client5/http/config/RequestConfig$Builder
instanceKlass org/apache/hc/client5/http/socket/LayeredConnectionSocketFactory
instanceKlass org/apache/hc/client5/http/socket/ConnectionSocketFactory
instanceKlass org/springframework/cloud/netflix/eureka/http/DefaultEurekaClientHttpRequestFactorySupplier
# instanceKlass java/lang/invoke/LambdaForm$MH+0x00000210bf9e4400
# instanceKlass java/lang/invoke/LambdaForm$MH+0x00000210bf9e4000
instanceKlass org/springframework/cloud/netflix/eureka/http/EurekaClientHttpRequestFactorySupplier$RequestConfigCustomizer
instanceKlass jakarta/annotation/Nullable
instanceKlass  @bci org/springframework/boot/context/properties/source/ConfigurationPropertyName convertToDashedElement (Ljava/lang/CharSequence;)Ljava/lang/CharSequence; 3 <appendix> argL0 ; # org/springframework/boot/context/properties/source/ConfigurationPropertyName$$Lambda+0x00000210bf9e0d70
instanceKlass  @bci org/springframework/boot/context/properties/source/ConfigurationPropertyName convertToOriginalForm (Ljava/lang/CharSequence;)Ljava/lang/CharSequence; 3 <appendix> argL0 ; # org/springframework/boot/context/properties/source/ConfigurationPropertyName$$Lambda+0x00000210bf9dfd70
instanceKlass com/netflix/discovery/converters/wrappers/CodecWrappers$JacksonXmlMini
instanceKlass com/netflix/discovery/converters/wrappers/CodecWrappers$JacksonJsonMini
instanceKlass com/netflix/discovery/converters/wrappers/CodecWrappers$JacksonXml
instanceKlass com/netflix/discovery/converters/wrappers/CodecWrappers$XStreamXml
instanceKlass com/netflix/discovery/converters/wrappers/CodecWrappers$XStreamJson
instanceKlass com/netflix/discovery/converters/wrappers/CodecWrappers$JacksonJson
instanceKlass com/netflix/discovery/converters/wrappers/CodecWrappers
instanceKlass com/netflix/discovery/converters/wrappers/CodecWrappers$LegacyJacksonJson
instanceKlass com/netflix/discovery/converters/wrappers/CodecWrapper
instanceKlass com/netflix/discovery/converters/wrappers/DecoderWrapper
instanceKlass com/netflix/discovery/converters/wrappers/EncoderWrapper
instanceKlass com/netflix/discovery/converters/wrappers/CodecWrapperBase
instanceKlass org/springframework/cloud/netflix/eureka/CloudEurekaTransportConfig
instanceKlass com/netflix/discovery/shared/transport/EurekaTransportConfig
instanceKlass org/springframework/cloud/client/discovery/simple/SimpleDiscoveryClient
instanceKlass org/springframework/cloud/client/DefaultServiceInstance
instanceKlass org/springframework/jmx/export/annotation/ManagedOperation
instanceKlass org/springframework/jmx/export/annotation/ManagedAttribute
instanceKlass org/springframework/web/multipart/MultipartHttpServletRequest
instanceKlass org/springframework/web/multipart/MultipartRequest
instanceKlass  @bci org/springframework/boot/autoconfigure/web/client/RestClientAutoConfiguration restClientBuilderConfigurer (Lorg/springframework/beans/factory/ObjectProvider;Lorg/springframework/beans/factory/ObjectProvider;Lorg/springframework/beans/factory/ObjectProvider;)Lorg/springframework/boot/autoconfigure/web/client/RestClientBuilderConfigurer; 19 <appendix> argL0 ; # org/springframework/boot/autoconfigure/web/client/RestClientAutoConfiguration$$Lambda+0x00000210bf9dd030
instanceKlass  @bci org/springframework/boot/autoconfigure/web/client/RestClientAutoConfiguration restClientBuilderConfigurer (Lorg/springframework/beans/factory/ObjectProvider;Lorg/springframework/beans/factory/ObjectProvider;Lorg/springframework/beans/factory/ObjectProvider;)Lorg/springframework/boot/autoconfigure/web/client/RestClientBuilderConfigurer; 5 <appendix> argL0 ; # org/springframework/boot/autoconfigure/web/client/RestClientAutoConfiguration$$Lambda+0x00000210bf9dce10
instanceKlass  @bci org/springframework/boot/autoconfigure/web/client/RestClientAutoConfiguration restClientSsl (Lorg/springframework/beans/factory/ObjectProvider;Lorg/springframework/boot/ssl/SslBundles;)Lorg/springframework/boot/autoconfigure/web/client/AutoConfiguredRestClientSsl; 5 <appendix> argL0 ; # org/springframework/boot/autoconfigure/web/client/RestClientAutoConfiguration$$Lambda+0x00000210bf9dcbf0
instanceKlass org/springframework/transaction/reactive/TransactionalOperator
instanceKlass org/springframework/transaction/support/TransactionCallback
instanceKlass  @bci org/springframework/boot/task/SimpleAsyncTaskSchedulerBuilder append (Ljava/util/Set;Ljava/lang/Iterable;)Ljava/util/Set; 26 <appendix> member <vmtarget> ; # org/springframework/boot/task/SimpleAsyncTaskSchedulerBuilder$$Lambda+0x00000210bf9db728
instanceKlass  @bci org/springframework/boot/autoconfigure/task/TaskSchedulingConfigurations$SimpleAsyncTaskSchedulerBuilderConfiguration builder ()Lorg/springframework/boot/task/SimpleAsyncTaskSchedulerBuilder; 35 <appendix> member <vmtarget> ; # org/springframework/boot/autoconfigure/task/TaskSchedulingConfigurations$SimpleAsyncTaskSchedulerBuilderConfiguration$$Lambda+0x00000210bf9db4e0
instanceKlass org/springframework/boot/task/SimpleAsyncTaskSchedulerCustomizer
instanceKlass org/springframework/boot/autoconfigure/task/TaskSchedulingConfigurations
instanceKlass  @bci org/springframework/boot/task/ThreadPoolTaskSchedulerBuilder append (Ljava/util/Set;Ljava/lang/Iterable;)Ljava/util/Set; 26 <appendix> member <vmtarget> ; # org/springframework/boot/task/ThreadPoolTaskSchedulerBuilder$$Lambda+0x00000210bf9daca8
instanceKlass org/springframework/boot/task/ThreadPoolTaskSchedulerCustomizer
instanceKlass org/springframework/security/web/servlet/support/csrf/CsrfRequestDataValueProcessor
instanceKlass org/springframework/security/web/debug/DebugFilter
instanceKlass org/springframework/web/filter/CompositeFilter
instanceKlass  @bci org/springframework/security/config/annotation/web/configuration/ObservationConfiguration$3 postProcess (Lorg/springframework/security/web/FilterChainProxy$FilterChainDecorator;)Lorg/springframework/security/web/FilterChainProxy$FilterChainDecorator; 4 <appendix> argL0 ; # org/springframework/security/config/annotation/web/configuration/ObservationConfiguration$3$$Lambda+0x00000210bf9da1b8
instanceKlass org/springframework/security/web/FilterChainProxy$VirtualFilterChainDecorator
instanceKlass org/springframework/security/web/firewall/HttpStatusRequestRejectedHandler
instanceKlass  @bci org/springframework/security/web/firewall/StrictHttpFirewall <init> ()V 34 <appendix> argL0 ; # org/springframework/security/web/firewall/StrictHttpFirewall$$Lambda+0x00000210bf9d9b18
instanceKlass  @bci org/springframework/security/web/firewall/StrictHttpFirewall <clinit> ()V 338 <appendix> argL0 ; # org/springframework/security/web/firewall/StrictHttpFirewall$$Lambda+0x00000210bf9d98c8
instanceKlass  @bci org/springframework/security/web/firewall/StrictHttpFirewall <clinit> ()V 312 <appendix> argL0 ; # org/springframework/security/web/firewall/StrictHttpFirewall$$Lambda+0x00000210bf9d9678
instanceKlass  @bci org/springframework/security/web/firewall/StrictHttpFirewall <clinit> ()V 295 <appendix> argL0 ; # org/springframework/security/web/firewall/StrictHttpFirewall$$Lambda+0x00000210bf9d9428
instanceKlass  @bci java/util/regex/CharPredicates CONTROL ()Ljava/util/regex/Pattern$CharPredicate; 0 <appendix> argL0 ; # java/util/regex/CharPredicates$$Lambda+0x00000210bf5f9a18
instanceKlass  @bci java/util/regex/CharPredicates ASSIGNED ()Ljava/util/regex/Pattern$CharPredicate; 0 <appendix> argL0 ; # java/util/regex/CharPredicates$$Lambda+0x00000210bf5f97b8
instanceKlass org/springframework/security/web/firewall/StrictHttpFirewall
instanceKlass org/springframework/security/web/FilterChainProxy$NullFilterChainValidator
instanceKlass org/springframework/security/web/access/RequestMatcherDelegatingWebInvocationPrivilegeEvaluator
instanceKlass  @bci org/springframework/security/config/annotation/web/builders/WebSecurity getRequestMatcherPrivilegeEvaluatorsEntry (Lorg/springframework/security/web/SecurityFilterChain;)Lorg/springframework/security/web/util/matcher/RequestMatcherEntry; 159 <appendix> member <vmtarget> ; # org/springframework/security/config/annotation/web/builders/WebSecurity$$Lambda+0x00000210bf9d8000
instanceKlass  @bci org/springframework/security/web/access/AuthorizationManagerWebInvocationPrivilegeEvaluator$HttpServletRequestTransformer <clinit> ()V 0 <appendix> argL0 ; # org/springframework/security/web/access/AuthorizationManagerWebInvocationPrivilegeEvaluator$HttpServletRequestTransformer$$Lambda+0x00000210bf9d5400
instanceKlass org/springframework/security/web/access/AuthorizationManagerWebInvocationPrivilegeEvaluator
instanceKlass  @bci org/springframework/security/config/annotation/web/builders/WebSecurity performBuild ()Ljakarta/servlet/Filter; 17 <appendix> argL0 ; # org/springframework/security/config/annotation/web/builders/WebSecurity$$Lambda+0x00000210bf9d7de0
instanceKlass  @bci org/springframework/security/config/annotation/web/configuration/WebSecurityConfiguration springSecurityFilterChain ()Ljakarta/servlet/Filter; 70 <appendix> member <vmtarget> ; # org/springframework/security/config/annotation/web/configuration/WebSecurityConfiguration$$Lambda+0x00000210bf9d5a48
instanceKlass  @bci org/springframework/web/servlet/handler/HandlerMappingIntrospector createCacheFilter ()Ljakarta/servlet/Filter; 1 <appendix> member <vmtarget> ; # org/springframework/web/servlet/handler/HandlerMappingIntrospector$$Lambda+0x00000210bf9d5800
instanceKlass  @bci org/springframework/beans/factory/support/DefaultSingletonBeanRegistry registerContainedBean (Ljava/lang/String;Ljava/lang/String;)V 12 <appendix> argL0 ; # org/springframework/beans/factory/support/DefaultSingletonBeanRegistry$$Lambda+0x00000210bf9d7ba0
instanceKlass  @bci org/springframework/beans/factory/support/BeanDefinitionValueResolver resolveValueIfNecessary (Ljava/lang/Object;Ljava/lang/Object;)Ljava/lang/Object; 138 <appendix> member <vmtarget> ; # org/springframework/beans/factory/support/BeanDefinitionValueResolver$$Lambda+0x00000210bf9d7968
instanceKlass org/springframework/beans/factory/support/BeanDefinitionValueResolver$KeyedArgName
instanceKlass org/springframework/security/web/FilterChainProxy$FilterChainValidator
instanceKlass org/springframework/security/config/annotation/web/configuration/WebSecurityCustomizer
instanceKlass org/springframework/security/config/annotation/web/WebSecurityConfigurer
instanceKlass org/springframework/security/config/annotation/web/configuration/AutowiredWebSecurityConfigurersIgnoreParents
instanceKlass org/springframework/security/config/annotation/web/configuration/ObservationConfiguration$3
instanceKlass  @bci org/springframework/security/config/annotation/web/builders/WebSecurity setApplicationContext (Lorg/springframework/context/ApplicationContext;)V 151 <appendix> argL0 ; # org/springframework/security/config/annotation/web/builders/WebSecurity$$Lambda+0x00000210bf9d6000
instanceKlass org/springframework/security/web/firewall/HttpFirewall
instanceKlass  @bci org/springframework/security/config/annotation/web/builders/WebSecurity <init> (Lorg/springframework/security/config/ObjectPostProcessor;)V 72 <appendix> argL0 ; # org/springframework/security/config/annotation/web/builders/WebSecurity$$Lambda+0x00000210bf9d3880
instanceKlass org/springframework/security/access/expression/DenyAllPermissionEvaluator
instanceKlass org/springframework/security/access/expression/SecurityExpressionOperations
instanceKlass org/springframework/security/access/PermissionEvaluator
instanceKlass org/springframework/security/access/expression/AbstractSecurityExpressionHandler
instanceKlass org/springframework/security/web/firewall/RequestRejectedHandler
# instanceKlass java/lang/invoke/LambdaForm$MH+0x00000210bf9d5000
# instanceKlass java/lang/invoke/LambdaForm$MH+0x00000210bf9d4c00
# instanceKlass java/lang/invoke/LambdaForm$MH+0x00000210bf9d4800
# instanceKlass java/lang/invoke/LambdaForm$MH+0x00000210bf9d4400
instanceKlass org/springframework/security/oauth2/server/resource/introspection/SpringOpaqueTokenIntrospector
instanceKlass  @bci org/springframework/boot/LazyInitializationExcludeFilter forBeanTypes ([Ljava/lang/Class;)Lorg/springframework/boot/LazyInitializationExcludeFilter; 1 <appendix> member <vmtarget> ; # org/springframework/boot/LazyInitializationExcludeFilter$$Lambda+0x00000210bf9d23a8
instanceKlass  @cpi org/springframework/cloud/client/loadbalancer/LoadBalancerLifecycleValidator 94 form vmentry <vmtarget> ; # java/lang/invoke/LambdaForm$DMH+0x00000210bf9d4000
instanceKlass org/springframework/jdbc/core/simple/JdbcClient$StatementSpec
instanceKlass org/springframework/jdbc/core/simple/DefaultJdbcClient
instanceKlass org/springframework/jdbc/core/PreparedStatementCreatorFactory
instanceKlass  @bci org/springframework/jdbc/core/namedparam/NamedParameterJdbcTemplate <init> (Lorg/springframework/jdbc/core/JdbcOperations;)V 12 <appendix> argL0 ; # org/springframework/jdbc/core/namedparam/NamedParameterJdbcTemplate$$Lambda+0x00000210bf9d16f0
instanceKlass org/springframework/jdbc/core/namedparam/ParsedSql
instanceKlass org/springframework/jdbc/core/namedparam/NamedParameterUtils
instanceKlass org/springframework/jdbc/core/namedparam/SqlParameterSource
instanceKlass org/springframework/jdbc/core/RowCallbackHandler
instanceKlass org/springframework/jdbc/core/CallableStatementCallback
instanceKlass org/springframework/jdbc/core/ParameterizedPreparedStatementSetter
instanceKlass org/springframework/jdbc/support/rowset/SqlRowSet
instanceKlass org/springframework/jdbc/support/KeyHolder
instanceKlass org/springframework/jdbc/core/PreparedStatementCallback
instanceKlass org/springframework/jdbc/core/CallableStatementCreator
instanceKlass org/springframework/jdbc/core/PreparedStatementSetter
instanceKlass org/springframework/jdbc/core/PreparedStatementCreator
instanceKlass org/springframework/jdbc/core/StatementCallback
instanceKlass org/springframework/jdbc/core/BatchPreparedStatementSetter
instanceKlass org/springframework/jdbc/core/RowMapper
instanceKlass org/springframework/jdbc/core/SqlParameter
instanceKlass org/springframework/jdbc/core/ResultSetExtractor
instanceKlass org/springframework/boot/info/InfoProperties
# instanceKlass java/lang/invoke/LambdaForm$MH+0x00000210bf9cd400
# instanceKlass java/lang/invoke/LambdaForm$MH+0x00000210bf9cd000
# instanceKlass java/lang/invoke/LambdaForm$MH+0x00000210bf9ccc00
# instanceKlass java/lang/invoke/LambdaForm$MH+0x00000210bf9cc800
# instanceKlass java/lang/invoke/LambdaForm$MH+0x00000210bf9cc400
instanceKlass  @bci java/lang/invoke/BootstrapMethodInvoker invoke (Ljava/lang/Class;Ljava/lang/invoke/MethodHandle;Ljava/lang/String;Ljava/lang/Object;Ljava/lang/Object;Ljava/lang/Class;)Ljava/lang/Object; 930 <adapter> ; # java/lang/invoke/LambdaForm$MH+0x00000210bf9cc000
instanceKlass org/apache/hc/client5/http/config/RequestConfig
instanceKlass org/apache/hc/client5/http/impl/io/PoolingHttpClientConnectionManager
instanceKlass org/apache/hc/core5/pool/ConnPoolControl
instanceKlass org/apache/hc/core5/pool/ConnPoolStats
instanceKlass org/apache/hc/client5/http/config/ConnectionConfig
instanceKlass org/apache/hc/client5/http/config/ConnectionConfig$Builder
instanceKlass org/springframework/http/client/HttpComponentsClientHttpRequestFactory
instanceKlass org/apache/hc/core5/http/io/SocketConfig
instanceKlass  @bci org/springframework/boot/http/client/HttpComponentsClientHttpRequestFactoryBuilder <init> ()V 19 <appendix> argL0 ; # org/springframework/boot/http/client/HttpComponentsClientHttpRequestFactoryBuilder$$Lambda+0x00000210bf9c9fb0
instanceKlass  @bci org/springframework/boot/http/client/AbstractClientHttpRequestFactoryBuilder <clinit> ()V 0 <appendix> argL0 ; # org/springframework/boot/http/client/AbstractClientHttpRequestFactoryBuilder$$Lambda+0x00000210bf9c9d80
instanceKlass org/apache/hc/client5/http/ssl/TlsSocketStrategy
instanceKlass javax/net/ssl/HostnameVerifier
instanceKlass org/apache/hc/client5/http/classic/HttpClient
instanceKlass org/apache/hc/client5/http/io/HttpClientConnectionManager
instanceKlass org/apache/hc/core5/io/ModalCloseable
instanceKlass org/apache/hc/client5/http/protocol/RedirectStrategy
instanceKlass org/springframework/boot/http/client/AbstractClientHttpRequestFactoryBuilder
instanceKlass org/apache/hc/client5/http/impl/classic/HttpClients
instanceKlass org/springframework/boot/http/client/HttpComponentsClientHttpRequestFactoryBuilder$Classes
instanceKlass org/springframework/data/domain/OffsetScrollPosition
instanceKlass  @bci org/springframework/data/web/config/SpringDataWebConfiguration customizeOffsetResolver (Lorg/springframework/data/web/OffsetScrollPositionHandlerMethodArgumentResolver;)V 8 <appendix> member <vmtarget> ; # org/springframework/data/web/config/SpringDataWebConfiguration$$Lambda+0x00000210bf9c8460
instanceKlass com/google/gson/reflect/TypeToken
instanceKlass com/google/gson/internal/bind/ReflectiveTypeAdapterFactory$BoundField
instanceKlass com/google/gson/internal/bind/ReflectiveTypeAdapterFactory
instanceKlass com/google/gson/internal/bind/JsonAdapterAnnotationTypeAdapterFactory$DummyTypeAdapterFactory
instanceKlass com/google/gson/internal/bind/JsonAdapterAnnotationTypeAdapterFactory
instanceKlass com/google/gson/internal/bind/MapTypeAdapterFactory
instanceKlass com/google/gson/internal/bind/CollectionTypeAdapterFactory
instanceKlass com/google/gson/internal/bind/ArrayTypeAdapter$1
instanceKlass com/google/gson/internal/bind/DefaultDateTypeAdapter$1
instanceKlass com/google/gson/internal/bind/NumberTypeAdapter$1
instanceKlass com/google/gson/internal/bind/ObjectTypeAdapter$1
instanceKlass com/google/gson/internal/bind/TypeAdapters$29
instanceKlass com/google/gson/internal/bind/TypeAdapters$33
instanceKlass com/google/gson/internal/bind/TypeAdapters$34
instanceKlass java/util/concurrent/atomic/AtomicIntegerArray
instanceKlass com/google/gson/internal/bind/TypeAdapters$32
instanceKlass com/google/gson/internal/bind/TypeAdapters$31
instanceKlass com/google/gson/internal/bind/TypeAdapters
instanceKlass com/google/gson/internal/ObjectConstructor
instanceKlass com/google/gson/internal/ConstructorConstructor
instanceKlass com/google/gson/internal/sql/SqlTimestampTypeAdapter$1
instanceKlass com/google/gson/internal/sql/SqlTimeTypeAdapter$1
instanceKlass com/google/gson/internal/sql/SqlDateTypeAdapter$1
instanceKlass com/google/gson/internal/bind/DefaultDateTypeAdapter$DateType
instanceKlass com/google/gson/internal/sql/SqlTypesSupport
instanceKlass com/google/gson/ReflectionAccessFilter
instanceKlass com/google/gson/ExclusionStrategy
instanceKlass  @bci org/springframework/boot/autoconfigure/gson/GsonAutoConfiguration$StandardGsonBuilderCustomizer customize (Lcom/google/gson/GsonBuilder;)V 338 <appendix> member <vmtarget> ; # org/springframework/boot/autoconfigure/gson/GsonAutoConfiguration$StandardGsonBuilderCustomizer$$Lambda+0x00000210bf9bcf08
instanceKlass  @bci org/springframework/boot/autoconfigure/gson/GsonAutoConfiguration$StandardGsonBuilderCustomizer customize (Lcom/google/gson/GsonBuilder;)V 324 <appendix> member <vmtarget> ; # org/springframework/boot/autoconfigure/gson/GsonAutoConfiguration$StandardGsonBuilderCustomizer$$Lambda+0x00000210bf9bcce0
instanceKlass  @bci org/springframework/boot/autoconfigure/gson/GsonAutoConfiguration$StandardGsonBuilderCustomizer customize (Lcom/google/gson/GsonBuilder;)V 309 <appendix> member <vmtarget> ; # org/springframework/boot/autoconfigure/gson/GsonAutoConfiguration$StandardGsonBuilderCustomizer$$Lambda+0x00000210bf9bcab8
instanceKlass  @bci org/springframework/boot/autoconfigure/gson/GsonAutoConfiguration$StandardGsonBuilderCustomizer customize (Lcom/google/gson/GsonBuilder;)V 292 <appendix> member <vmtarget> ; # org/springframework/boot/autoconfigure/gson/GsonAutoConfiguration$StandardGsonBuilderCustomizer$$Lambda+0x00000210bf9bc890
instanceKlass  @bci org/springframework/boot/autoconfigure/gson/GsonAutoConfiguration$StandardGsonBuilderCustomizer strictnessOrLeniency (Lcom/google/gson/GsonBuilder;)Ljava/util/function/Consumer; 16 <appendix> member <vmtarget> ; # org/springframework/boot/autoconfigure/gson/GsonAutoConfiguration$StandardGsonBuilderCustomizer$$Lambda+0x00000210bf9bc658
instanceKlass  @bci org/springframework/boot/autoconfigure/gson/GsonAutoConfiguration$StandardGsonBuilderCustomizer customize (Lcom/google/gson/GsonBuilder;)V 269 <appendix> member <vmtarget> ; # org/springframework/boot/autoconfigure/gson/GsonAutoConfiguration$StandardGsonBuilderCustomizer$$Lambda+0x00000210bf9bc1e8
instanceKlass  @bci org/springframework/boot/autoconfigure/gson/GsonAutoConfiguration$StandardGsonBuilderCustomizer customize (Lcom/google/gson/GsonBuilder;)V 254 <appendix> member <vmtarget> ; # org/springframework/boot/autoconfigure/gson/GsonAutoConfiguration$StandardGsonBuilderCustomizer$$Lambda+0x00000210bf9bbfc0
instanceKlass  @bci org/springframework/boot/autoconfigure/gson/GsonAutoConfiguration$StandardGsonBuilderCustomizer customize (Lcom/google/gson/GsonBuilder;)V 237 <appendix> member <vmtarget> ; # org/springframework/boot/autoconfigure/gson/GsonAutoConfiguration$StandardGsonBuilderCustomizer$$Lambda+0x00000210bf9bbd98
instanceKlass  @bci org/springframework/boot/autoconfigure/gson/GsonAutoConfiguration$StandardGsonBuilderCustomizer customize (Lcom/google/gson/GsonBuilder;)V 222 <appendix> member <vmtarget> ; # org/springframework/boot/autoconfigure/gson/GsonAutoConfiguration$StandardGsonBuilderCustomizer$$Lambda+0x00000210bf9bbb60
instanceKlass  @bci org/springframework/boot/autoconfigure/gson/GsonAutoConfiguration$StandardGsonBuilderCustomizer customize (Lcom/google/gson/GsonBuilder;)V 208 <appendix> member <vmtarget> ; # org/springframework/boot/autoconfigure/gson/GsonAutoConfiguration$StandardGsonBuilderCustomizer$$Lambda+0x00000210bf9bb938
instanceKlass  @bci org/springframework/boot/autoconfigure/gson/GsonAutoConfiguration$StandardGsonBuilderCustomizer customize (Lcom/google/gson/GsonBuilder;)V 193 <appendix> member <vmtarget> ; # org/springframework/boot/autoconfigure/gson/GsonAutoConfiguration$StandardGsonBuilderCustomizer$$Lambda+0x00000210bf9bb700
instanceKlass  @bci org/springframework/boot/autoconfigure/gson/GsonAutoConfiguration$StandardGsonBuilderCustomizer customize (Lcom/google/gson/GsonBuilder;)V 179 <appendix> member <vmtarget> ; # org/springframework/boot/autoconfigure/gson/GsonAutoConfiguration$StandardGsonBuilderCustomizer$$Lambda+0x00000210bf9bb4d8
instanceKlass  @bci org/springframework/boot/autoconfigure/gson/GsonAutoConfiguration$StandardGsonBuilderCustomizer customize (Lcom/google/gson/GsonBuilder;)V 164 <appendix> member <vmtarget> ; # org/springframework/boot/autoconfigure/gson/GsonAutoConfiguration$StandardGsonBuilderCustomizer$$Lambda+0x00000210bf9bb2b0
instanceKlass  @bci org/springframework/boot/autoconfigure/gson/GsonAutoConfiguration$StandardGsonBuilderCustomizer customize (Lcom/google/gson/GsonBuilder;)V 147 <appendix> member <vmtarget> ; # org/springframework/boot/autoconfigure/gson/GsonAutoConfiguration$StandardGsonBuilderCustomizer$$Lambda+0x00000210bf9bb088
instanceKlass  @bci org/springframework/boot/autoconfigure/gson/GsonAutoConfiguration$StandardGsonBuilderCustomizer customize (Lcom/google/gson/GsonBuilder;)V 132 <appendix> member <vmtarget> ; # org/springframework/boot/autoconfigure/gson/GsonAutoConfiguration$StandardGsonBuilderCustomizer$$Lambda+0x00000210bf9bae60
instanceKlass  @bci org/springframework/boot/autoconfigure/gson/GsonAutoConfiguration$StandardGsonBuilderCustomizer customize (Lcom/google/gson/GsonBuilder;)V 115 <appendix> member <vmtarget> ; # org/springframework/boot/autoconfigure/gson/GsonAutoConfiguration$StandardGsonBuilderCustomizer$$Lambda+0x00000210bf9bac38
instanceKlass  @bci org/springframework/boot/autoconfigure/gson/GsonAutoConfiguration$StandardGsonBuilderCustomizer customize (Lcom/google/gson/GsonBuilder;)V 100 <appendix> member <vmtarget> ; # org/springframework/boot/autoconfigure/gson/GsonAutoConfiguration$StandardGsonBuilderCustomizer$$Lambda+0x00000210bf9baa10
instanceKlass  @bci org/springframework/boot/autoconfigure/gson/GsonAutoConfiguration$StandardGsonBuilderCustomizer customize (Lcom/google/gson/GsonBuilder;)V 83 <appendix> member <vmtarget> ; # org/springframework/boot/autoconfigure/gson/GsonAutoConfiguration$StandardGsonBuilderCustomizer$$Lambda+0x00000210bf9ba7e8
instanceKlass  @bci org/springframework/boot/autoconfigure/gson/GsonAutoConfiguration$StandardGsonBuilderCustomizer customize (Lcom/google/gson/GsonBuilder;)V 68 <appendix> member <vmtarget> ; # org/springframework/boot/autoconfigure/gson/GsonAutoConfiguration$StandardGsonBuilderCustomizer$$Lambda+0x00000210bf9ba5c0
instanceKlass  @bci org/springframework/boot/autoconfigure/gson/GsonAutoConfiguration$StandardGsonBuilderCustomizer customize (Lcom/google/gson/GsonBuilder;)V 51 <appendix> member <vmtarget> ; # org/springframework/boot/autoconfigure/gson/GsonAutoConfiguration$StandardGsonBuilderCustomizer$$Lambda+0x00000210bf9ba398
instanceKlass  @bci org/springframework/boot/autoconfigure/gson/GsonAutoConfiguration$StandardGsonBuilderCustomizer customize (Lcom/google/gson/GsonBuilder;)V 36 <appendix> member <vmtarget> ; # org/springframework/boot/autoconfigure/gson/GsonAutoConfiguration$StandardGsonBuilderCustomizer$$Lambda+0x00000210bf9ba170
instanceKlass  @bci org/springframework/boot/autoconfigure/gson/GsonAutoConfiguration$StandardGsonBuilderCustomizer customize (Lcom/google/gson/GsonBuilder;)V 19 <appendix> member <vmtarget> ; # org/springframework/boot/autoconfigure/gson/GsonAutoConfiguration$StandardGsonBuilderCustomizer$$Lambda+0x00000210bf9b9f48
instanceKlass  @bci org/springframework/boot/autoconfigure/gson/GsonAutoConfiguration gsonBuilder (Ljava/util/List;)Lcom/google/gson/GsonBuilder; 10 <appendix> member <vmtarget> ; # org/springframework/boot/autoconfigure/gson/GsonAutoConfiguration$$Lambda+0x00000210bf9b9d10
instanceKlass com/google/gson/FormattingStyle
instanceKlass com/google/gson/stream/JsonReader
instanceKlass com/google/gson/stream/JsonWriter
instanceKlass com/google/gson/ToNumberStrategy
instanceKlass com/google/gson/JsonElement
instanceKlass com/google/gson/TypeAdapter
instanceKlass com/google/gson/internal/Excluder
instanceKlass com/google/gson/TypeAdapterFactory
instanceKlass  @bci org/springframework/data/repository/config/RepositoryRegistrationAotProcessor setBeanFactory (Lorg/springframework/beans/factory/BeanFactory;)V 4 <appendix> member <vmtarget> ; # org/springframework/data/repository/config/RepositoryRegistrationAotProcessor$$Lambda+0x00000210bf9b34c8
instanceKlass org/springframework/core/convert/support/MapToMapConverter$MapEntry
instanceKlass org/springframework/aot/hint/RuntimeHints
instanceKlass org/springframework/aot/hint/annotation/ReflectiveRuntimeHintsRegistrar
instanceKlass org/springframework/data/repository/config/RepositoryRegistrationAotContribution
instanceKlass org/springframework/data/jpa/repository/support/JpaEvaluationContextExtension$JpaRootObject
# instanceKlass java/lang/invoke/LambdaForm$MH+0x00000210bf9b4000
instanceKlass  @bci org/springframework/boot/autoconfigure/data/jpa/JpaRepositoriesAutoConfiguration eagerJpaMetamodelCacheCleanup ()Lorg/springframework/boot/LazyInitializationExcludeFilter; 0 <appendix> argL0 ; # org/springframework/boot/autoconfigure/data/jpa/JpaRepositoriesAutoConfiguration$$Lambda+0x00000210bf9b2790
instanceKlass org/springframework/context/support/DefaultLifecycleProcessor$LifecycleGroup
instanceKlass org/springframework/transaction/support/AbstractPlatformTransactionManager$SuspendedResourcesHolder
instanceKlass org/springframework/transaction/support/AbstractTransactionStatus
instanceKlass org/springframework/jdbc/datasource/JdbcTransactionObjectSupport
instanceKlass org/springframework/transaction/support/SmartTransactionObject
instanceKlass  @bci org/springframework/boot/autoconfigure/transaction/ExecutionListenersTransactionManagerCustomizer customize (Lorg/springframework/transaction/ConfigurableTransactionManager;)V 10 <appendix> member <vmtarget> ; # org/springframework/boot/autoconfigure/transaction/ExecutionListenersTransactionManagerCustomizer$$Lambda+0x00000210bf9b0e50
instanceKlass  @bci org/springframework/boot/autoconfigure/transaction/TransactionManagerCustomizers customize (Lorg/springframework/transaction/TransactionManager;)V 23 <appendix> member <vmtarget> ; # org/springframework/boot/autoconfigure/transaction/TransactionManagerCustomizers$$Lambda+0x00000210bf9b0c18
instanceKlass  @bci org/springframework/boot/autoconfigure/orm/jpa/JpaBaseConfiguration transactionManager (Lorg/springframework/beans/factory/ObjectProvider;)Lorg/springframework/transaction/PlatformTransactionManager; 10 <appendix> member <vmtarget> ; # org/springframework/boot/autoconfigure/orm/jpa/JpaBaseConfiguration$$Lambda+0x00000210bf9b09e0
instanceKlass org/springframework/boot/convert/DurationUnit
instanceKlass org/springframework/transaction/TransactionExecutionListener
instanceKlass org/springframework/web/servlet/handler/HandlerExceptionResolverComposite
instanceKlass org/springframework/web/util/DisconnectedClientHelper
instanceKlass org/springframework/web/util/UriComponentsBuilder
instanceKlass org/springframework/web/servlet/function/ServerResponse
instanceKlass org/springframework/web/servlet/function/ServerResponse$Context
instanceKlass org/springframework/web/servlet/mvc/method/annotation/ViewNameMethodReturnValueHandler
instanceKlass org/springframework/web/servlet/mvc/method/annotation/AsyncTaskMethodReturnValueHandler
instanceKlass org/springframework/util/concurrent/ListenableFutureCallback
instanceKlass org/springframework/web/servlet/mvc/method/annotation/DeferredResultMethodReturnValueHandler
instanceKlass org/springframework/web/servlet/mvc/method/annotation/CallableMethodReturnValueHandler
instanceKlass org/springframework/web/servlet/mvc/method/annotation/HttpHeadersReturnValueHandler
instanceKlass org/springframework/web/servlet/mvc/method/annotation/ResponseEntityReturnValueHandler
instanceKlass org/springframework/web/servlet/mvc/method/annotation/StreamingResponseBodyReturnValueHandler
instanceKlass org/springframework/web/servlet/mvc/method/annotation/ViewMethodReturnValueHandler
instanceKlass org/springframework/web/servlet/mvc/method/annotation/ModelAndViewMethodReturnValueHandler
instanceKlass org/springframework/web/servlet/mvc/method/annotation/ResponseBodyEmitter
instanceKlass org/springframework/web/servlet/mvc/method/annotation/ReactiveTypeHandler
instanceKlass org/springframework/core/NestedExceptionUtils
instanceKlass  @bci org/springframework/beans/factory/support/DefaultSingletonBeanRegistry getSingleton (Ljava/lang/String;Lorg/springframework/beans/factory/ObjectFactory;)Ljava/lang/Object; 1250 <appendix> member <vmtarget> ; # org/springframework/beans/factory/support/DefaultSingletonBeanRegistry$$Lambda+0x00000210bf9ab438
instanceKlass org/springframework/web/servlet/view/ContentNegotiatingViewResolver$1
instanceKlass  @bci org/springframework/web/servlet/view/AbstractCachingViewResolver <clinit> ()V 10 <appendix> argL0 ; # org/springframework/web/servlet/view/AbstractCachingViewResolver$$Lambda+0x00000210bf9aaa78
instanceKlass org/springframework/web/servlet/view/AbstractCachingViewResolver$CacheFilter
instanceKlass org/springframework/web/servlet/view/AbstractCachingViewResolver$1
instanceKlass org/springframework/web/servlet/SmartView
instanceKlass org/springframework/web/servlet/view/ViewResolverComposite
instanceKlass org/springframework/web/servlet/config/annotation/UrlBasedViewResolverRegistration
instanceKlass org/springframework/web/servlet/mvc/method/annotation/ResponseBodyEmitter$Handler
instanceKlass org/springframework/web/servlet/mvc/method/annotation/ResponseBodyEmitterReturnValueHandler
instanceKlass org/springframework/web/servlet/mvc/method/annotation/PrincipalMethodArgumentResolver
instanceKlass org/springframework/web/servlet/mvc/method/annotation/UriComponentsBuilderMethodArgumentResolver
instanceKlass org/springframework/web/method/annotation/SessionStatusMethodArgumentResolver
instanceKlass org/springframework/web/method/annotation/ErrorsMethodArgumentResolver
instanceKlass org/springframework/web/method/annotation/MapMethodProcessor
instanceKlass org/springframework/web/method/annotation/ModelMethodProcessor
instanceKlass org/springframework/web/servlet/mvc/support/RedirectAttributes
instanceKlass org/springframework/ui/Model
instanceKlass org/springframework/web/servlet/mvc/method/annotation/RedirectAttributesMethodArgumentResolver
instanceKlass org/springframework/web/servlet/mvc/method/annotation/ServletResponseMethodArgumentResolver
instanceKlass org/springframework/web/servlet/mvc/method/annotation/ServletRequestMethodArgumentResolver
instanceKlass org/springframework/web/method/annotation/RequestHeaderMapMethodArgumentResolver
instanceKlass  @bci org/springframework/web/accept/ContentNegotiationManager getAllFileExtensions ()Ljava/util/List; 1 <appendix> argL0 ; # org/springframework/web/accept/ContentNegotiationManager$$Lambda+0x00000210bf9a7148
instanceKlass org/springframework/web/servlet/mvc/method/annotation/RequestResponseBodyAdviceChain
instanceKlass org/springframework/core/io/support/ResourceRegion
instanceKlass org/springframework/core/ParameterizedTypeReference
instanceKlass org/springframework/web/servlet/mvc/method/annotation/AbstractMessageConverterMethodArgumentResolver
instanceKlass org/springframework/validation/DataBinder
instanceKlass org/springframework/web/servlet/mvc/method/annotation/MatrixVariableMapMethodArgumentResolver
instanceKlass org/springframework/web/servlet/mvc/method/annotation/PathVariableMapMethodArgumentResolver
instanceKlass org/springframework/web/method/annotation/RequestParamMapMethodArgumentResolver
instanceKlass org/springframework/web/method/annotation/AbstractNamedValueMethodArgumentResolver$NamedValueInfo
instanceKlass org/springframework/web/method/annotation/AbstractNamedValueMethodArgumentResolver
instanceKlass org/springframework/web/bind/annotation/ControllerAdvice
instanceKlass org/springframework/web/method/annotation/ModelFactory
instanceKlass org/springframework/web/method/annotation/SessionAttributesHandler
instanceKlass org/springframework/web/method/ControllerAdviceBean
instanceKlass org/springframework/validation/method/MethodValidator
instanceKlass org/springframework/web/method/support/HandlerMethodReturnValueHandlerComposite
instanceKlass org/springframework/web/method/support/HandlerMethodArgumentResolverComposite
instanceKlass org/springframework/scheduling/concurrent/ExecutorLifecycleDelegate
instanceKlass  @bci org/springframework/boot/task/ThreadPoolTaskExecutorBuilder configure (Lorg/springframework/scheduling/concurrent/ThreadPoolTaskExecutor;)Lorg/springframework/scheduling/concurrent/ThreadPoolTaskExecutor; 238 <appendix> member <vmtarget> ; # org/springframework/boot/task/ThreadPoolTaskExecutorBuilder$$Lambda+0x00000210bf99cf48
instanceKlass  @bci org/springframework/boot/task/ThreadPoolTaskExecutorBuilder configure (Lorg/springframework/scheduling/concurrent/ThreadPoolTaskExecutor;)Lorg/springframework/scheduling/concurrent/ThreadPoolTaskExecutor; 216 <appendix> member <vmtarget> ; # org/springframework/boot/task/ThreadPoolTaskExecutorBuilder$$Lambda+0x00000210bf99cd10
instanceKlass  @bci org/springframework/boot/task/ThreadPoolTaskExecutorBuilder configure (Lorg/springframework/scheduling/concurrent/ThreadPoolTaskExecutor;)Lorg/springframework/scheduling/concurrent/ThreadPoolTaskExecutor; 191 <appendix> member <vmtarget> ; # org/springframework/boot/task/ThreadPoolTaskExecutorBuilder$$Lambda+0x00000210bf99cad8
instanceKlass  @cpi org/springframework/boot/task/ThreadPoolTaskExecutorBuilder 302 form vmentry <vmtarget> ; # java/lang/invoke/LambdaForm$DMH+0x00000210bf9a0000
instanceKlass  @bci org/springframework/boot/task/ThreadPoolTaskExecutorBuilder configure (Lorg/springframework/scheduling/concurrent/ThreadPoolTaskExecutor;)Lorg/springframework/scheduling/concurrent/ThreadPoolTaskExecutor; 177 <appendix> argL0 ; # org/springframework/boot/task/ThreadPoolTaskExecutorBuilder$$Lambda+0x00000210bf99c898
instanceKlass  @bci org/springframework/boot/task/ThreadPoolTaskExecutorBuilder configure (Lorg/springframework/scheduling/concurrent/ThreadPoolTaskExecutor;)Lorg/springframework/scheduling/concurrent/ThreadPoolTaskExecutor; 161 <appendix> member <vmtarget> ; # org/springframework/boot/task/ThreadPoolTaskExecutorBuilder$$Lambda+0x00000210bf99c660
instanceKlass  @bci org/springframework/boot/task/ThreadPoolTaskExecutorBuilder configure (Lorg/springframework/scheduling/concurrent/ThreadPoolTaskExecutor;)Lorg/springframework/scheduling/concurrent/ThreadPoolTaskExecutor; 139 <appendix> member <vmtarget> ; # org/springframework/boot/task/ThreadPoolTaskExecutorBuilder$$Lambda+0x00000210bf99c428
instanceKlass  @bci org/springframework/boot/task/ThreadPoolTaskExecutorBuilder configure (Lorg/springframework/scheduling/concurrent/ThreadPoolTaskExecutor;)Lorg/springframework/scheduling/concurrent/ThreadPoolTaskExecutor; 117 <appendix> member <vmtarget> ; # org/springframework/boot/task/ThreadPoolTaskExecutorBuilder$$Lambda+0x00000210bf99c1f0
instanceKlass  @bci org/springframework/boot/task/ThreadPoolTaskExecutorBuilder configure (Lorg/springframework/scheduling/concurrent/ThreadPoolTaskExecutor;)Lorg/springframework/scheduling/concurrent/ThreadPoolTaskExecutor; 95 <appendix> member <vmtarget> ; # org/springframework/boot/task/ThreadPoolTaskExecutorBuilder$$Lambda+0x00000210bf99bfb8
instanceKlass  @bci org/springframework/boot/task/ThreadPoolTaskExecutorBuilder configure (Lorg/springframework/scheduling/concurrent/ThreadPoolTaskExecutor;)Lorg/springframework/scheduling/concurrent/ThreadPoolTaskExecutor; 81 <appendix> argL0 ; # org/springframework/boot/task/ThreadPoolTaskExecutorBuilder$$Lambda+0x00000210bf99bd78
instanceKlass  @bci org/springframework/boot/task/ThreadPoolTaskExecutorBuilder configure (Lorg/springframework/scheduling/concurrent/ThreadPoolTaskExecutor;)Lorg/springframework/scheduling/concurrent/ThreadPoolTaskExecutor; 65 <appendix> member <vmtarget> ; # org/springframework/boot/task/ThreadPoolTaskExecutorBuilder$$Lambda+0x00000210bf99bb40
instanceKlass  @bci org/springframework/boot/task/ThreadPoolTaskExecutorBuilder configure (Lorg/springframework/scheduling/concurrent/ThreadPoolTaskExecutor;)Lorg/springframework/scheduling/concurrent/ThreadPoolTaskExecutor; 43 <appendix> member <vmtarget> ; # org/springframework/boot/task/ThreadPoolTaskExecutorBuilder$$Lambda+0x00000210bf99b908
instanceKlass  @bci org/springframework/boot/task/ThreadPoolTaskExecutorBuilder configure (Lorg/springframework/scheduling/concurrent/ThreadPoolTaskExecutor;)Lorg/springframework/scheduling/concurrent/ThreadPoolTaskExecutor; 21 <appendix> member <vmtarget> ; # org/springframework/boot/task/ThreadPoolTaskExecutorBuilder$$Lambda+0x00000210bf99b6d0
instanceKlass org/springframework/web/servlet/mvc/method/annotation/AbstractMappingJacksonResponseBodyAdvice
instanceKlass org/springframework/web/servlet/mvc/method/annotation/ResponseBodyAdvice
instanceKlass org/springframework/web/servlet/mvc/method/annotation/RequestBodyAdviceAdapter
instanceKlass org/springframework/web/servlet/mvc/method/annotation/RequestBodyAdvice
instanceKlass org/springframework/security/web/method/annotation/CsrfTokenArgumentResolver
instanceKlass org/springframework/security/core/annotation/CurrentSecurityContext
instanceKlass org/springframework/security/web/method/annotation/CurrentSecurityContextArgumentResolver
instanceKlass org/springframework/security/web/bind/support/AuthenticationPrincipalArgumentResolver
instanceKlass org/springframework/security/core/annotation/AbstractSecurityAnnotationScanner
instanceKlass  @bci org/springframework/security/core/annotation/SecurityAnnotationScanners requireUnique (Ljava/lang/Class;)Lorg/springframework/security/core/annotation/SecurityAnnotationScanner; 5 <appendix> member <vmtarget> ; # org/springframework/security/core/annotation/SecurityAnnotationScanners$$Lambda+0x00000210bf999628
instanceKlass org/springframework/security/core/annotation/SecurityAnnotationScanner
instanceKlass org/springframework/security/core/annotation/SecurityAnnotationScanners
instanceKlass org/springframework/security/web/method/annotation/AuthenticationPrincipalArgumentResolver
instanceKlass  @bci org/springframework/data/web/config/SpringDataWebConfiguration customizePageableResolver (Lorg/springframework/data/web/PageableHandlerMethodArgumentResolver;)V 8 <appendix> member <vmtarget> ; # org/springframework/data/web/config/SpringDataWebConfiguration$$Lambda+0x00000210bf998db8
instanceKlass  @bci org/springframework/boot/autoconfigure/data/web/SpringDataWebAutoConfiguration pageableCustomizer ()Lorg/springframework/data/web/config/PageableHandlerMethodArgumentResolverCustomizer; 1 <appendix> member <vmtarget> ; # org/springframework/boot/autoconfigure/data/web/SpringDataWebAutoConfiguration$$Lambda+0x00000210bf998b90
instanceKlass org/springframework/web/method/support/ModelAndViewContainer
instanceKlass  @bci org/springframework/data/web/config/SpringDataWebConfiguration customizeSortResolver (Lorg/springframework/data/web/SortHandlerMethodArgumentResolver;)V 8 <appendix> member <vmtarget> ; # org/springframework/data/web/config/SpringDataWebConfiguration$$Lambda+0x00000210bf998688
instanceKlass  @bci org/springframework/boot/autoconfigure/data/web/SpringDataWebAutoConfiguration sortCustomizer ()Lorg/springframework/data/web/config/SortHandlerMethodArgumentResolverCustomizer; 1 <appendix> member <vmtarget> ; # org/springframework/boot/autoconfigure/data/web/SpringDataWebAutoConfiguration$$Lambda+0x00000210bf998460
instanceKlass org/springframework/data/web/SortDefault
instanceKlass org/springframework/data/web/SortDefault$SortDefaults
instanceKlass org/springframework/web/bind/support/DefaultSessionAttributeStore
instanceKlass org/springframework/util/ConcurrencyThrottleSupport
instanceKlass  @bci org/springframework/web/servlet/mvc/method/annotation/RequestMappingHandlerAdapter <clinit> ()V 8 <appendix> argL0 ; # org/springframework/web/servlet/mvc/method/annotation/RequestMappingHandlerAdapter$$Lambda+0x00000210bf995230
instanceKlass  @bci org/springframework/web/servlet/mvc/method/annotation/RequestMappingHandlerAdapter <clinit> ()V 0 <appendix> argL0 ; # org/springframework/web/servlet/mvc/method/annotation/RequestMappingHandlerAdapter$$Lambda+0x00000210bf995000
instanceKlass org/springframework/web/bind/support/SessionAttributeStore
instanceKlass org/springframework/web/bind/support/DefaultDataBinderFactory
instanceKlass org/springframework/web/bind/support/WebDataBinderFactory
instanceKlass org/springframework/web/servlet/config/annotation/WebMvcConfigurationSupport$NoOpValidator
instanceKlass org/springframework/web/servlet/view/DefaultRequestToViewNameTranslator
instanceKlass org/springframework/web/servlet/support/AbstractFlashMapManager
instanceKlass org/springframework/web/servlet/theme/AbstractThemeResolver
instanceKlass org/springframework/web/servlet/i18n/AbstractLocaleResolver
instanceKlass org/springframework/validation/method/MethodValidationResult
instanceKlass org/springframework/boot/autoconfigure/web/servlet/error/ErrorMvcAutoConfiguration$StaticView
instanceKlass  @bci org/springframework/boot/task/SimpleAsyncTaskExecutorBuilder append (Ljava/util/Set;Ljava/lang/Iterable;)Ljava/util/Set; 26 <appendix> member <vmtarget> ; # org/springframework/boot/task/SimpleAsyncTaskExecutorBuilder$$Lambda+0x00000210bf992c60
instanceKlass  @bci org/springframework/boot/autoconfigure/task/TaskExecutorConfigurations$SimpleAsyncTaskExecutorBuilderConfiguration builder ()Lorg/springframework/boot/task/SimpleAsyncTaskExecutorBuilder; 35 <appendix> member <vmtarget> ; # org/springframework/boot/autoconfigure/task/TaskExecutorConfigurations$SimpleAsyncTaskExecutorBuilderConfiguration$$Lambda+0x00000210bf992a18
# instanceKlass java/lang/invoke/LambdaForm$MH+0x00000210bf994800
instanceKlass org/springframework/boot/task/SimpleAsyncTaskExecutorCustomizer
instanceKlass  @bci org/springframework/boot/task/ThreadPoolTaskExecutorBuilder append (Ljava/util/Set;Ljava/lang/Iterable;)Ljava/util/Set; 26 <appendix> member <vmtarget> ; # org/springframework/boot/task/ThreadPoolTaskExecutorBuilder$$Lambda+0x00000210bf9923e8
instanceKlass  @bci org/springframework/boot/autoconfigure/task/TaskExecutorConfigurations$ThreadPoolTaskExecutorBuilderConfiguration threadPoolTaskExecutorBuilder (Lorg/springframework/boot/autoconfigure/task/TaskExecutionProperties;Lorg/springframework/beans/factory/ObjectProvider;Lorg/springframework/beans/factory/ObjectProvider;)Lorg/springframework/boot/task/ThreadPoolTaskExecutorBuilder; 144 <appendix> member <vmtarget> ; # org/springframework/boot/autoconfigure/task/TaskExecutorConfigurations$ThreadPoolTaskExecutorBuilderConfiguration$$Lambda+0x00000210bf9921a0
instanceKlass org/springframework/boot/autoconfigure/task/TaskExecutorConfigurations
# instanceKlass java/lang/invoke/LambdaForm$MH+0x00000210bf994400
# instanceKlass java/lang/invoke/LambdaForm$MH+0x00000210bf994000
instanceKlass org/springframework/boot/autoconfigure/task/TaskExecutionProperties$Pool$Shutdown
instanceKlass org/springframework/core/task/TaskDecorator
instanceKlass org/springframework/boot/task/ThreadPoolTaskExecutorCustomizer
instanceKlass  @bci org/springframework/boot/validation/beanvalidation/MethodValidationExcludeFilter byAnnotation (Ljava/lang/Class;Lorg/springframework/core/annotation/MergedAnnotations$SearchStrategy;)Lorg/springframework/boot/validation/beanvalidation/MethodValidationExcludeFilter; 2 <appendix> member <vmtarget> ; # org/springframework/boot/validation/beanvalidation/MethodValidationExcludeFilter$$Lambda+0x00000210bf991758
instanceKlass  @bci org/springframework/security/oauth2/server/resource/web/authentication/BearerTokenAuthenticationFilter <init> (Lorg/springframework/security/authentication/AuthenticationManagerResolver;)V 28 <appendix> member <vmtarget> ; # org/springframework/security/oauth2/server/resource/web/authentication/BearerTokenAuthenticationFilter$$Lambda+0x00000210bf991530
instanceKlass org/springframework/security/web/authentication/AuthenticationEntryPointFailureHandler
instanceKlass  @bci org/springframework/security/config/annotation/web/configurers/oauth2/server/resource/OAuth2ResourceServerConfigurer configure (Lorg/springframework/security/config/annotation/web/HttpSecurityBuilder;)V 31 <appendix> member <vmtarget> ; # org/springframework/security/config/annotation/web/configurers/oauth2/server/resource/OAuth2ResourceServerConfigurer$$Lambda+0x00000210bf990d30
instanceKlass org/springframework/security/oauth2/server/resource/web/DefaultBearerTokenResolver
instanceKlass org/springframework/security/web/access/intercept/AuthorizationFilter$NoopAuthorizationEventPublisher
instanceKlass  @bci org/springframework/security/config/annotation/web/configuration/ObservationConfiguration$1 postProcess (Lorg/springframework/security/authorization/AuthorizationManager;)Lorg/springframework/security/authorization/AuthorizationManager; 4 <appendix> argL0 ; # org/springframework/security/config/annotation/web/configuration/ObservationConfiguration$1$$Lambda+0x00000210bf990450
instanceKlass  @bci org/springframework/security/config/annotation/web/configurers/AuthorizeHttpRequestsConfigurer$AuthorizationManagerRequestMatcherRegistry createAuthorizationManager ()Lorg/springframework/security/authorization/AuthorizationManager; 13 <appendix> member <vmtarget> ; # org/springframework/security/config/annotation/web/configurers/AuthorizeHttpRequestsConfigurer$AuthorizationManagerRequestMatcherRegistry$$Lambda+0x00000210bf990228
instanceKlass org/springframework/security/web/authentication/logout/CompositeLogoutHandler
instanceKlass  @bci java/util/regex/Pattern CIRange (II)Ljava/util/regex/Pattern$CharPredicate; 2 <appendix> member <vmtarget> ; # java/util/regex/Pattern$$Lambda+0x00000210bf5f9148
instanceKlass org/springframework/security/web/util/UrlUtils
instanceKlass org/springframework/security/web/authentication/AbstractAuthenticationTargetUrlRequestHandler
instanceKlass org/springframework/security/web/authentication/logout/LogoutSuccessEventPublishingLogoutHandler
instanceKlass org/springframework/security/web/servletapi/HttpServlet3RequestFactory
instanceKlass  @bci org/springframework/security/config/annotation/web/configurers/ServletApiConfigurer configure (Lorg/springframework/security/config/annotation/web/HttpSecurityBuilder;)V 145 <appendix> member <vmtarget> ; # org/springframework/security/config/annotation/web/configurers/ServletApiConfigurer$$Lambda+0x00000210bf98ed30
instanceKlass org/springframework/security/web/authentication/WebAuthenticationDetailsSource
instanceKlass org/springframework/security/authentication/AuthenticationDetailsSource
instanceKlass org/springframework/security/web/DefaultRedirectStrategy
instanceKlass org/springframework/security/web/RedirectStrategy
instanceKlass org/springframework/security/web/authentication/SimpleUrlAuthenticationFailureHandler
instanceKlass  @bci org/springframework/security/web/access/ExceptionTranslationFilter$DefaultThrowableAnalyzer initExtractorMap ()V 7 <appendix> argL0 ; # org/springframework/security/web/access/ExceptionTranslationFilter$DefaultThrowableAnalyzer$$Lambda+0x00000210bf98d7f8
instanceKlass  @bci org/springframework/security/web/util/ThrowableAnalyzer <clinit> ()V 16 <appendix> argL0 ; # org/springframework/security/web/util/ThrowableAnalyzer$$Lambda+0x00000210bf98d560
instanceKlass  @bci org/springframework/security/web/util/ThrowableAnalyzer <clinit> ()V 8 <appendix> argL0 ; # org/springframework/security/web/util/ThrowableAnalyzer$$Lambda+0x00000210bf98d340
instanceKlass  @bci org/springframework/security/web/util/ThrowableAnalyzer <clinit> ()V 0 <appendix> argL0 ; # org/springframework/security/web/util/ThrowableAnalyzer$$Lambda+0x00000210bf98d120
instanceKlass org/springframework/security/web/util/ThrowableCauseExtractor
instanceKlass org/springframework/security/web/util/ThrowableAnalyzer
instanceKlass  @bci org/springframework/security/config/annotation/web/configuration/ObservationConfiguration$2 postProcess (Lorg/springframework/security/authentication/AuthenticationManager;)Lorg/springframework/security/authentication/AuthenticationManager; 4 <appendix> argL0 ; # org/springframework/security/config/annotation/web/configuration/ObservationConfiguration$2$$Lambda+0x00000210bf98c670
instanceKlass org/springframework/security/authentication/ProviderManager$NullEventPublisher
instanceKlass org/springframework/security/config/annotation/web/configuration/ObservationConfiguration$2
instanceKlass  @bci org/springframework/security/config/annotation/web/builders/HttpSecurity getAuthenticationManagerPostProcessor ()Lorg/springframework/security/config/ObjectPostProcessor; 29 <appendix> argL0 ; # org/springframework/security/config/annotation/web/builders/HttpSecurity$$Lambda+0x00000210bf98bd90
instanceKlass org/springframework/security/oauth2/server/resource/authentication/JwtAuthenticationProvider
instanceKlass org/springframework/security/oauth2/server/resource/authentication/JwtGrantedAuthoritiesConverter
instanceKlass org/springframework/security/oauth2/server/resource/authentication/JwtAuthenticationConverter
instanceKlass org/springframework/security/oauth2/jwt/NimbusJwtDecoder$PublicKeyJwtDecoderBuilder
instanceKlass org/springframework/security/oauth2/jwt/NimbusJwtDecoder$SecretKeyJwtDecoderBuilder
instanceKlass org/springframework/security/oauth2/jwt/X509CertificateThumbprintValidator$DefaultX509CertificateSupplier
instanceKlass org/springframework/security/oauth2/jwt/X509CertificateThumbprintValidator
instanceKlass java/time/Duration$1
instanceKlass org/springframework/security/oauth2/jwt/JwtTimestampValidator
instanceKlass org/springframework/security/oauth2/core/DelegatingOAuth2TokenValidator
instanceKlass org/springframework/security/oauth2/jwt/JwtValidators
instanceKlass  @bci org/springframework/security/oauth2/jwt/MappedJwtClaimSetConverter withDefaults (Ljava/util/Map;)Lorg/springframework/security/oauth2/jwt/MappedJwtClaimSetConverter; 98 <appendix> argL0 ; # org/springframework/security/oauth2/jwt/MappedJwtClaimSetConverter$$Lambda+0x00000210bf989b88
instanceKlass  @bci org/springframework/security/oauth2/jwt/MappedJwtClaimSetConverter withDefaults (Ljava/util/Map;)Lorg/springframework/security/oauth2/jwt/MappedJwtClaimSetConverter; 74 <appendix> argL0 ; # org/springframework/security/oauth2/jwt/MappedJwtClaimSetConverter$$Lambda+0x00000210bf989958
instanceKlass  @bci org/springframework/security/oauth2/jwt/MappedJwtClaimSetConverter withDefaults (Ljava/util/Map;)Lorg/springframework/security/oauth2/jwt/MappedJwtClaimSetConverter; 60 <appendix> argL0 ; # org/springframework/security/oauth2/jwt/MappedJwtClaimSetConverter$$Lambda+0x00000210bf989728
instanceKlass  @bci org/springframework/security/oauth2/jwt/MappedJwtClaimSetConverter withDefaults (Ljava/util/Map;)Lorg/springframework/security/oauth2/jwt/MappedJwtClaimSetConverter; 46 <appendix> argL0 ; # org/springframework/security/oauth2/jwt/MappedJwtClaimSetConverter$$Lambda+0x00000210bf9894f8
instanceKlass  @bci org/springframework/security/oauth2/jwt/MappedJwtClaimSetConverter getConverter (Lorg/springframework/core/convert/TypeDescriptor;)Lorg/springframework/core/convert/converter/Converter; 1 <appendix> member <vmtarget> ; # org/springframework/security/oauth2/jwt/MappedJwtClaimSetConverter$$Lambda+0x00000210bf9892c0
instanceKlass org/springframework/security/oauth2/core/converter/ObjectToMapStringObjectConverter
instanceKlass org/springframework/security/oauth2/core/converter/ObjectToListStringConverter
instanceKlass org/springframework/security/oauth2/core/converter/ObjectToURLConverter
instanceKlass org/springframework/security/oauth2/core/converter/ObjectToInstantConverter
instanceKlass org/springframework/security/oauth2/core/converter/ObjectToBooleanConverter
instanceKlass org/springframework/security/oauth2/core/converter/ObjectToStringConverter
instanceKlass org/springframework/security/oauth2/jwt/MappedJwtClaimSetConverter
instanceKlass  @bci org/springframework/security/oauth2/jwt/NimbusJwtDecoder$JwkSetUriJwtDecoderBuilder processor ()Lcom/nimbusds/jwt/proc/JWTProcessor; 59 <appendix> argL0 ; # org/springframework/security/oauth2/jwt/NimbusJwtDecoder$JwkSetUriJwtDecoderBuilder$$Lambda+0x00000210bf987cf0
instanceKlass com/nimbusds/jose/proc/SecurityContext
instanceKlass com/nimbusds/jose/proc/AbstractJWKSelectorWithSource
instanceKlass com/nimbusds/jwt/JWTClaimsSet
instanceKlass com/nimbusds/jwt/JWTClaimsSet$Builder
instanceKlass com/nimbusds/jwt/proc/DefaultJWTClaimsVerifier
instanceKlass com/nimbusds/jwt/proc/ClockSkewAware
instanceKlass com/nimbusds/jose/crypto/impl/ContentCryptoProvider
instanceKlass com/nimbusds/jose/crypto/impl/BaseJWEProvider
instanceKlass com/nimbusds/jose/JWEDecrypter
instanceKlass com/nimbusds/jose/crypto/factories/DefaultJWEDecrypterFactory
instanceKlass com/nimbusds/jose/jca/JCAContext
instanceKlass com/nimbusds/jose/Algorithm
instanceKlass com/nimbusds/jose/crypto/impl/BaseJWSProvider
instanceKlass com/nimbusds/jose/CriticalHeaderParamsAware
instanceKlass com/nimbusds/jose/JWSVerifier
instanceKlass com/nimbusds/jose/crypto/factories/DefaultJWSVerifierFactory
instanceKlass com/nimbusds/jose/JOSEObjectType
instanceKlass com/nimbusds/jose/proc/DefaultJOSEObjectTypeVerifier
instanceKlass com/nimbusds/jwt/JWT
instanceKlass com/nimbusds/jwt/proc/JWTClaimsSetVerifier
instanceKlass com/nimbusds/jose/proc/JWEDecrypterFactory
instanceKlass com/nimbusds/jose/JWEProvider
instanceKlass com/nimbusds/jose/proc/JWSVerifierFactory
instanceKlass com/nimbusds/jose/JWSProvider
instanceKlass com/nimbusds/jose/jca/JCAAware
instanceKlass com/nimbusds/jose/JOSEProvider
instanceKlass com/nimbusds/jose/proc/JOSEObjectTypeVerifier
instanceKlass com/nimbusds/jwt/proc/DefaultJWTProcessor
instanceKlass com/nimbusds/jose/jwk/source/DefaultJWKSetCache
instanceKlass com/nimbusds/jose/jwk/source/RemoteJWKSet
instanceKlass org/springframework/security/oauth2/jwt/NimbusJwtDecoder$JwkSetUriJwtDecoderBuilder$RestOperationsResourceRetriever
instanceKlass  @bci org/springframework/boot/autoconfigure/security/oauth2/resource/servlet/OAuth2ResourceServerJwtConfiguration$JwtDecoderConfiguration jwtDecoderByJwkKeySetUri (Lorg/springframework/beans/factory/ObjectProvider;)Lorg/springframework/security/oauth2/jwt/JwtDecoder; 27 <appendix> member <vmtarget> ; # org/springframework/boot/autoconfigure/security/oauth2/resource/servlet/OAuth2ResourceServerJwtConfiguration$JwtDecoderConfiguration$$Lambda+0x00000210bf97e7c8
instanceKlass org/springframework/security/oauth2/jose/jws/JwsAlgorithm
instanceKlass org/springframework/security/oauth2/jose/JwaAlgorithm
instanceKlass  @bci org/springframework/boot/autoconfigure/security/oauth2/resource/servlet/OAuth2ResourceServerJwtConfiguration$JwtDecoderConfiguration jwtDecoderByJwkKeySetUri (Lorg/springframework/beans/factory/ObjectProvider;)Lorg/springframework/security/oauth2/jwt/JwtDecoder; 11 <appendix> member <vmtarget> ; # org/springframework/boot/autoconfigure/security/oauth2/resource/servlet/OAuth2ResourceServerJwtConfiguration$JwtDecoderConfiguration$$Lambda+0x00000210bf97d938
instanceKlass  @bci org/springframework/security/oauth2/jwt/NimbusJwtDecoder$JwkSetUriJwtDecoderBuilder <init> (Ljava/lang/String;)V 52 <appendix> argL0 ; # org/springframework/security/oauth2/jwt/NimbusJwtDecoder$JwkSetUriJwtDecoderBuilder$$Lambda+0x00000210bf97d708
instanceKlass  @bci org/springframework/security/oauth2/jwt/NimbusJwtDecoder$JwkSetUriJwtDecoderBuilder <init> (Ljava/lang/String;)V 43 <appendix> member <vmtarget> ; # org/springframework/security/oauth2/jwt/NimbusJwtDecoder$JwkSetUriJwtDecoderBuilder$$Lambda+0x00000210bf97d4c0
instanceKlass org/springframework/web/util/UriBuilder
instanceKlass org/springframework/web/util/DefaultUriBuilderFactory
instanceKlass org/springframework/web/util/UriBuilderFactory
instanceKlass io/micrometer/observation/SimpleObservationRegistry
instanceKlass io/micrometer/observation/ObservationRegistry$ObservationConfig
instanceKlass io/micrometer/observation/NoopObservationRegistry
instanceKlass org/springframework/web/client/RestTemplate$HeadersExtractor
instanceKlass org/springframework/web/client/DefaultResponseErrorHandler
instanceKlass org/springframework/http/client/ClientHttpRequest
instanceKlass org/springframework/http/client/SimpleClientHttpRequestFactory
instanceKlass io/micrometer/common/ImmutableKeyValue
instanceKlass io/micrometer/common/KeyValue
instanceKlass io/micrometer/observation/docs/ObservationDocumentation
instanceKlass  @bci io/micrometer/observation/ObservationConvention <clinit> ()V 0 <appendix> argL0 ; # io/micrometer/observation/ObservationConvention$$Lambda+0x00000210bf978000
instanceKlass io/micrometer/common/docs/KeyName
instanceKlass org/springframework/http/client/observation/DefaultClientRequestObservationConvention
instanceKlass org/springframework/http/client/observation/ClientRequestObservationConvention
instanceKlass org/springframework/web/util/UriTemplateHandler
instanceKlass org/springframework/web/client/ResponseErrorHandler
instanceKlass org/springframework/web/client/ResponseExtractor
instanceKlass org/springframework/web/client/RequestCallback
instanceKlass io/micrometer/observation/ObservationConvention
instanceKlass io/micrometer/observation/KeyValuesConvention
instanceKlass  @bci org/springframework/security/oauth2/jwt/NimbusJwtDecoder$JwkSetUriJwtDecoderBuilder <init> (Ljava/lang/String;)V 5 <appendix> argL0 ; # org/springframework/security/oauth2/jwt/NimbusJwtDecoder$JwkSetUriJwtDecoderBuilder$$Lambda+0x00000210bf976590
instanceKlass com/nimbusds/jwt/proc/ConfigurableJWTProcessor
instanceKlass com/nimbusds/jwt/proc/JWTProcessorConfiguration
instanceKlass com/nimbusds/jose/proc/JOSEProcessorConfiguration
instanceKlass com/nimbusds/jwt/proc/JWTProcessor
instanceKlass com/nimbusds/jose/util/ResourceRetriever
instanceKlass com/nimbusds/jose/proc/JWSKeySelector
instanceKlass com/nimbusds/jose/jwk/source/JWKSetCache
instanceKlass org/springframework/security/oauth2/jwt/NimbusJwtDecoder
instanceKlass org/springframework/boot/autoconfigure/security/oauth2/resource/servlet/OAuth2ResourceServerJwtConfiguration
instanceKlass org/springframework/security/web/util/matcher/OrRequestMatcher
instanceKlass org/springframework/security/web/util/matcher/AndRequestMatcher
instanceKlass org/springframework/security/web/util/matcher/NegatedRequestMatcher
instanceKlass org/springframework/security/web/util/matcher/MediaTypeRequestMatcher
instanceKlass  @bci org/springframework/security/config/annotation/web/configurers/DefaultLoginPageConfigurer init (Lorg/springframework/security/config/annotation/web/HttpSecurityBuilder;)V 18 <appendix> member <vmtarget> ; # org/springframework/security/config/annotation/web/configurers/DefaultLoginPageConfigurer$$Lambda+0x00000210bf9739f8
instanceKlass  @bci org/springframework/security/config/annotation/web/configurers/DefaultLoginPageConfigurer init (Lorg/springframework/security/config/annotation/web/HttpSecurityBuilder;)V 5 <appendix> member <vmtarget> ; # org/springframework/security/config/annotation/web/configurers/DefaultLoginPageConfigurer$$Lambda+0x00000210bf9737b0
instanceKlass org/springframework/security/authentication/AnonymousAuthenticationProvider
instanceKlass  @bci org/springframework/security/web/authentication/session/CompositeSessionAuthenticationStrategy <init> (Ljava/util/List;)V 49 <appendix> member <vmtarget> ; # org/springframework/security/web/authentication/session/CompositeSessionAuthenticationStrategy$$Lambda+0x00000210bf972328
instanceKlass org/springframework/security/web/authentication/session/CompositeSessionAuthenticationStrategy
instanceKlass org/springframework/security/web/savedrequest/NullRequestCache
instanceKlass org/springframework/security/web/context/NullSecurityContextRepository
instanceKlass org/springframework/security/web/context/RequestAttributeSecurityContextRepository
instanceKlass  @bci com/social/post_service/config/SecurityConfig filterChain (Lorg/springframework/security/config/annotation/web/builders/HttpSecurity;)Lorg/springframework/security/web/SecurityFilterChain; 25 <appendix> argL0 ; # com/social/post_service/config/SecurityConfig$$Lambda+0x00000210bf9713a0
instanceKlass  @bci com/social/post_service/config/SecurityConfig lambda$filterChain$3 (Lorg/springframework/security/config/annotation/web/configurers/oauth2/server/resource/OAuth2ResourceServerConfigurer;)V 1 <appendix> argL0 ; # com/social/post_service/config/SecurityConfig$$Lambda+0x00000210bf971180
instanceKlass org/springframework/security/config/annotation/ObjectPostProcessor
instanceKlass org/springframework/security/authentication/AuthenticationManagerResolver
instanceKlass org/springframework/security/config/annotation/web/configurers/oauth2/server/resource/OAuth2ResourceServerConfigurer$OpaqueTokenConfigurer
instanceKlass org/springframework/security/config/annotation/web/configurers/oauth2/server/resource/OAuth2ResourceServerConfigurer$BearerTokenRequestMatcher
instanceKlass org/springframework/security/oauth2/server/resource/web/BearerTokenAuthenticationEntryPoint
instanceKlass org/springframework/security/oauth2/server/resource/web/access/BearerTokenAccessDeniedHandler
instanceKlass org/springframework/security/web/access/AccessDeniedHandlerImpl
instanceKlass org/springframework/security/web/access/DelegatingAccessDeniedHandler
instanceKlass org/springframework/security/web/util/matcher/RequestHeaderRequestMatcher
instanceKlass org/springframework/security/oauth2/server/resource/web/BearerTokenResolver
instanceKlass  @bci com/social/post_service/config/SecurityConfig filterChain (Lorg/springframework/security/config/annotation/web/builders/HttpSecurity;)Lorg/springframework/security/web/SecurityFilterChain; 17 <appendix> argL0 ; # com/social/post_service/config/SecurityConfig$$Lambda+0x00000210bf968800
instanceKlass org/springframework/security/authorization/AuthenticatedAuthorizationManager$AbstractAuthorizationStrategy
instanceKlass org/springframework/security/authorization/AuthenticatedAuthorizationManager
instanceKlass org/springframework/security/web/util/matcher/RequestMatcherEntry
instanceKlass org/springframework/security/config/annotation/web/configurers/AuthorizeHttpRequestsConfigurer$AuthorizedUrl
instanceKlass  @bci org/springframework/security/config/annotation/web/AbstractRequestMatcherRegistry$DeferredRequestMatcher <init> (Ljava/util/function/Function;[Lorg/springframework/security/web/util/matcher/RequestMatcher;)V 29 <appendix> member <vmtarget> ; # org/springframework/security/config/annotation/web/AbstractRequestMatcherRegistry$DeferredRequestMatcher$$Lambda+0x00000210bf96b9c8
instanceKlass  @bci org/springframework/security/config/annotation/web/AbstractRequestMatcherRegistry requestMatchers (Lorg/springframework/http/HttpMethod;[Ljava/lang/String;)Ljava/lang/Object; 186 <appendix> member <vmtarget> ; # org/springframework/security/config/annotation/web/AbstractRequestMatcherRegistry$$Lambda+0x00000210bf96b588
instanceKlass org/springframework/security/config/annotation/web/AbstractRequestMatcherRegistry$DeferredRequestMatcher
instanceKlass org/springframework/security/web/util/matcher/RequestMatcher$MatchResult
instanceKlass org/springframework/security/web/servlet/util/matcher/MvcRequestMatcher$DefaultMatcher
instanceKlass org/springframework/security/web/servlet/util/matcher/MvcRequestMatcher
instanceKlass  @bci org/springframework/web/servlet/handler/HandlerMappingIntrospector afterPropertiesSet ()V 63 <appendix> member <vmtarget> ; # org/springframework/web/servlet/handler/HandlerMappingIntrospector$$Lambda+0x00000210bf96aa28
instanceKlass  @bci org/springframework/web/servlet/handler/HandlerMappingIntrospector afterPropertiesSet ()V 57 <appendix> argL0 ; # org/springframework/web/servlet/handler/HandlerMappingIntrospector$$Lambda+0x00000210bf96a7e8
instanceKlass  @bci org/springframework/web/servlet/handler/HandlerMappingIntrospector afterPropertiesSet ()V 47 <appendix> argL0 ; # org/springframework/web/servlet/handler/HandlerMappingIntrospector$$Lambda+0x00000210bf96a5a8
instanceKlass  @bci org/springframework/web/servlet/handler/HandlerMappingIntrospector afterPropertiesSet ()V 37 <appendix> argL0 ; # org/springframework/web/servlet/handler/HandlerMappingIntrospector$$Lambda+0x00000210bf96a358
instanceKlass  @bci org/springframework/web/servlet/handler/SimpleUrlHandlerMapping registerHandlers (Ljava/util/Map;)V 32 <appendix> member <vmtarget> ; # org/springframework/web/servlet/handler/SimpleUrlHandlerMapping$$Lambda+0x00000210bf96fd78
instanceKlass org/apache/catalina/TrackedWebResource
instanceKlass org/apache/catalina/webresources/AbstractResource
instanceKlass  @bci org/springframework/web/servlet/resource/ResourceHttpRequestHandler setMediaTypes (Ljava/util/Map;)V 2 <appendix> member <vmtarget> ; # org/springframework/web/servlet/resource/ResourceHttpRequestHandler$$Lambda+0x00000210bf96e810
instanceKlass org/springframework/web/servlet/resource/DefaultResourceTransformerChain
instanceKlass org/springframework/web/servlet/resource/DefaultResourceResolverChain
instanceKlass org/springframework/web/servlet/resource/AbstractResourceResolver
instanceKlass org/springframework/web/servlet/resource/ResourceResolver
instanceKlass org/springframework/web/servlet/resource/ResourceHandlerUtils
instanceKlass org/springframework/web/servlet/resource/ResourceTransformerChain
instanceKlass org/springframework/web/HttpRequestHandler
instanceKlass  @bci org/springframework/boot/autoconfigure/web/servlet/WebMvcAutoConfiguration$WebMvcAutoConfigurationAdapter addResourceHandlers (Lorg/springframework/web/servlet/config/annotation/ResourceHandlerRegistry;)V 54 <appendix> member <vmtarget> ; # org/springframework/boot/autoconfigure/web/servlet/WebMvcAutoConfiguration$WebMvcAutoConfigurationAdapter$$Lambda+0x00000210bf96caf8
instanceKlass  @bci org/springframework/boot/autoconfigure/web/WebProperties$Resources$Cache$Cachecontrol toHttpCacheControl ()Lorg/springframework/http/CacheControl; 202 <appendix> member <vmtarget> ; # org/springframework/boot/autoconfigure/web/WebProperties$Resources$Cache$Cachecontrol$$Lambda+0x00000210bf96c8c0
instanceKlass  @bci org/springframework/boot/autoconfigure/web/WebProperties$Resources$Cache$Cachecontrol toHttpCacheControl ()Lorg/springframework/http/CacheControl; 190 <appendix> member <vmtarget> ; # org/springframework/boot/autoconfigure/web/WebProperties$Resources$Cache$Cachecontrol$$Lambda+0x00000210bf96c698
instanceKlass  @bci org/springframework/boot/autoconfigure/web/WebProperties$Resources$Cache$Cachecontrol toHttpCacheControl ()Lorg/springframework/http/CacheControl; 180 <appendix> member <vmtarget> ; # org/springframework/boot/autoconfigure/web/WebProperties$Resources$Cache$Cachecontrol$$Lambda+0x00000210bf96c460
instanceKlass  @bci org/springframework/boot/autoconfigure/web/WebProperties$Resources$Cache$Cachecontrol toHttpCacheControl ()Lorg/springframework/http/CacheControl; 168 <appendix> member <vmtarget> ; # org/springframework/boot/autoconfigure/web/WebProperties$Resources$Cache$Cachecontrol$$Lambda+0x00000210bf96c238
instanceKlass  @bci org/springframework/boot/autoconfigure/web/WebProperties$Resources$Cache$Cachecontrol toHttpCacheControl ()Lorg/springframework/http/CacheControl; 158 <appendix> member <vmtarget> ; # org/springframework/boot/autoconfigure/web/WebProperties$Resources$Cache$Cachecontrol$$Lambda+0x00000210bf96c000
instanceKlass  @bci org/springframework/boot/autoconfigure/web/WebProperties$Resources$Cache$Cachecontrol toHttpCacheControl ()Lorg/springframework/http/CacheControl; 146 <appendix> member <vmtarget> ; # org/springframework/boot/autoconfigure/web/WebProperties$Resources$Cache$Cachecontrol$$Lambda+0x00000210bf967dd0
instanceKlass  @bci org/springframework/boot/autoconfigure/web/WebProperties$Resources$Cache$Cachecontrol toHttpCacheControl ()Lorg/springframework/http/CacheControl; 136 <appendix> member <vmtarget> ; # org/springframework/boot/autoconfigure/web/WebProperties$Resources$Cache$Cachecontrol$$Lambda+0x00000210bf967ba8
instanceKlass  @bci org/springframework/boot/autoconfigure/web/WebProperties$Resources$Cache$Cachecontrol toHttpCacheControl ()Lorg/springframework/http/CacheControl; 119 <appendix> member <vmtarget> ; # org/springframework/boot/autoconfigure/web/WebProperties$Resources$Cache$Cachecontrol$$Lambda+0x00000210bf967980
instanceKlass  @bci org/springframework/boot/autoconfigure/web/WebProperties$Resources$Cache$Cachecontrol toHttpCacheControl ()Lorg/springframework/http/CacheControl; 109 <appendix> member <vmtarget> ; # org/springframework/boot/autoconfigure/web/WebProperties$Resources$Cache$Cachecontrol$$Lambda+0x00000210bf967758
instanceKlass  @bci org/springframework/boot/autoconfigure/web/WebProperties$Resources$Cache$Cachecontrol toHttpCacheControl ()Lorg/springframework/http/CacheControl; 92 <appendix> member <vmtarget> ; # org/springframework/boot/autoconfigure/web/WebProperties$Resources$Cache$Cachecontrol$$Lambda+0x00000210bf967530
instanceKlass  @bci org/springframework/boot/autoconfigure/web/WebProperties$Resources$Cache$Cachecontrol toHttpCacheControl ()Lorg/springframework/http/CacheControl; 82 <appendix> member <vmtarget> ; # org/springframework/boot/autoconfigure/web/WebProperties$Resources$Cache$Cachecontrol$$Lambda+0x00000210bf967308
instanceKlass  @bci org/springframework/boot/autoconfigure/web/WebProperties$Resources$Cache$Cachecontrol toHttpCacheControl ()Lorg/springframework/http/CacheControl; 65 <appendix> member <vmtarget> ; # org/springframework/boot/autoconfigure/web/WebProperties$Resources$Cache$Cachecontrol$$Lambda+0x00000210bf9670e0
instanceKlass  @bci org/springframework/boot/autoconfigure/web/WebProperties$Resources$Cache$Cachecontrol toHttpCacheControl ()Lorg/springframework/http/CacheControl; 55 <appendix> member <vmtarget> ; # org/springframework/boot/autoconfigure/web/WebProperties$Resources$Cache$Cachecontrol$$Lambda+0x00000210bf966eb8
instanceKlass  @bci org/springframework/boot/autoconfigure/web/WebProperties$Resources$Cache$Cachecontrol toHttpCacheControl ()Lorg/springframework/http/CacheControl; 38 <appendix> member <vmtarget> ; # org/springframework/boot/autoconfigure/web/WebProperties$Resources$Cache$Cachecontrol$$Lambda+0x00000210bf966c90
instanceKlass  @bci org/springframework/boot/autoconfigure/web/WebProperties$Resources$Cache$Cachecontrol toHttpCacheControl ()Lorg/springframework/http/CacheControl; 28 <appendix> member <vmtarget> ; # org/springframework/boot/autoconfigure/web/WebProperties$Resources$Cache$Cachecontrol$$Lambda+0x00000210bf966a68
instanceKlass  @bci org/springframework/boot/context/properties/PropertyMapper$Source whenTrue ()Lorg/springframework/boot/context/properties/PropertyMapper$Source; 9 <appendix> member <vmtarget> ; # org/springframework/boot/context/properties/PropertyMapper$Source$$Lambda+0x00000210bf966810
instanceKlass  @bci org/springframework/boot/autoconfigure/web/WebProperties$Resources$Cache$Cachecontrol toHttpCacheControl ()Lorg/springframework/http/CacheControl; 11 <appendix> member <vmtarget> ; # org/springframework/boot/autoconfigure/web/WebProperties$Resources$Cache$Cachecontrol$$Lambda+0x00000210bf9665e8
instanceKlass org/springframework/http/CacheControl
instanceKlass  @bci org/springframework/boot/autoconfigure/web/servlet/WebMvcAutoConfiguration$WebMvcAutoConfigurationAdapter addResourceHandler (Lorg/springframework/web/servlet/config/annotation/ResourceHandlerRegistry;Ljava/lang/String;[Ljava/lang/String;)V 4 <appendix> member <vmtarget> ; # org/springframework/boot/autoconfigure/web/servlet/WebMvcAutoConfiguration$WebMvcAutoConfigurationAdapter$$Lambda+0x00000210bf966138
instanceKlass  @bci org/springframework/web/servlet/function/support/RouterFunctionMapping initRouterFunctions ()V 95 <appendix> argL0 ; # org/springframework/web/servlet/function/support/RouterFunctionMapping$$Lambda+0x00000210bf965ef0
instanceKlass  @bci org/springframework/web/servlet/function/support/RouterFunctionMapping initRouterFunctions ()V 16 <appendix> argL0 ; # org/springframework/web/servlet/function/support/RouterFunctionMapping$$Lambda+0x00000210bf965cb0
instanceKlass org/springframework/web/servlet/function/HandlerFunction
instanceKlass org/springframework/web/servlet/function/ServerRequest
instanceKlass org/springframework/web/servlet/function/RouterFunction
# instanceKlass java/lang/invoke/LambdaForm$MH+0x00000210bf968000
instanceKlass com/fasterxml/jackson/databind/MappingIterator
instanceKlass com/fasterxml/jackson/databind/jsonschema/JsonSchema
instanceKlass com/fasterxml/jackson/databind/deser/DeserializationProblemHandler
instanceKlass com/fasterxml/jackson/core/io/CharacterEscapes
instanceKlass com/fasterxml/jackson/core/type/TypeReference
instanceKlass com/fasterxml/jackson/core/FormatSchema
instanceKlass com/fasterxml/jackson/databind/jsonFormatVisitors/JsonFormatVisitorWrapper
instanceKlass com/fasterxml/jackson/databind/jsonFormatVisitors/JsonFormatVisitorWithSerializerProvider
instanceKlass com/fasterxml/jackson/databind/cfg/ConstructorDetector
instanceKlass com/fasterxml/jackson/annotation/JsonAutoDetect$Value
instanceKlass com/fasterxml/jackson/databind/InjectableValues
instanceKlass com/fasterxml/jackson/databind/ObjectWriter
instanceKlass org/springframework/cloud/openfeign/support/PageJacksonModule$PageableMixIn
instanceKlass org/springframework/cloud/openfeign/support/PageJacksonModule$PageMixIn
instanceKlass  @bci org/springframework/http/converter/json/Jackson2ObjectMapperBuilder configure (Lcom/fasterxml/jackson/databind/ObjectMapper;)V 69 <appendix> member <vmtarget> ; # org/springframework/http/converter/json/Jackson2ObjectMapperBuilder$$Lambda+0x00000210bf960bf0
instanceKlass com/fasterxml/jackson/databind/ser/FilterProvider
instanceKlass java/util/EnumMap$EnumMapIterator
instanceKlass  @bci org/springframework/boot/autoconfigure/jackson/JacksonAutoConfiguration$Jackson2ObjectMapperBuilderCustomizerConfiguration$StandardJackson2ObjectMapperBuilderCustomizer configureVisibility (Lorg/springframework/http/converter/json/Jackson2ObjectMapperBuilder;Ljava/util/Map;)V 7 <appendix> member <vmtarget> ; # org/springframework/boot/autoconfigure/jackson/JacksonAutoConfiguration$Jackson2ObjectMapperBuilderCustomizerConfiguration$StandardJackson2ObjectMapperBuilderCustomizer$$Lambda+0x00000210bf95daf8
instanceKlass  @bci org/springframework/boot/autoconfigure/jackson/JacksonAutoConfiguration$Jackson2ObjectMapperBuilderCustomizerConfiguration$StandardJackson2ObjectMapperBuilderCustomizer configureFeatures (Lorg/springframework/http/converter/json/Jackson2ObjectMapperBuilder;Ljava/util/Map;)V 2 <appendix> member <vmtarget> ; # org/springframework/boot/autoconfigure/jackson/JacksonAutoConfiguration$Jackson2ObjectMapperBuilderCustomizerConfiguration$StandardJackson2ObjectMapperBuilderCustomizer$$Lambda+0x00000210bf95d8c0
instanceKlass org/springframework/data/domain/AbstractPageRequest
instanceKlass org/springframework/data/domain/Unpaged
instanceKlass org/springframework/data/geo/GeoModule$PolygonMixin
instanceKlass org/springframework/data/geo/Polygon
instanceKlass org/springframework/data/geo/GeoModule$CircleMixin
instanceKlass org/springframework/data/geo/Circle
instanceKlass org/springframework/data/geo/GeoModule$BoxMixin
instanceKlass org/springframework/data/geo/Box
instanceKlass org/springframework/data/geo/Shape
instanceKlass org/springframework/data/geo/GeoModule$PointMixin
instanceKlass org/springframework/data/geo/GeoModule$DistanceMixin
# instanceKlass java/lang/invoke/LambdaForm$MH+0x00000210bf95cc00
# instanceKlass java/lang/invoke/LambdaForm$MH+0x00000210bf95c800
# instanceKlass java/lang/invoke/LambdaForm$MH+0x00000210bf95c400
# instanceKlass java/lang/invoke/LambdaForm$MH+0x00000210bf95c000
instanceKlass org/springframework/boot/jackson/JsonComponent
instanceKlass  @bci org/springframework/boot/jackson/JsonMixinModuleEntries doWithEntry (Ljava/lang/ClassLoader;Ljava/util/function/BiConsumer;)V 7 <appendix> member <vmtarget> ; # org/springframework/boot/jackson/JsonMixinModuleEntries$$Lambda+0x00000210bf95b878
instanceKlass  @bci org/springframework/boot/jackson/JsonMixinModule registerEntries (Lorg/springframework/boot/jackson/JsonMixinModuleEntries;Ljava/lang/ClassLoader;)V 3 <appendix> member <vmtarget> ; # org/springframework/boot/jackson/JsonMixinModule$$Lambda+0x00000210bf95b640
instanceKlass org/springframework/boot/jackson/JsonMixin
instanceKlass  @bci org/springframework/boot/jackson/JsonMixinModuleEntries scan (Lorg/springframework/context/ApplicationContext;Ljava/util/Collection;)Lorg/springframework/boot/jackson/JsonMixinModuleEntries; 2 <appendix> member <vmtarget> ; # org/springframework/boot/jackson/JsonMixinModuleEntries$$Lambda+0x00000210bf95af58
instanceKlass org/springframework/boot/jackson/JsonMixinModuleEntries$Builder
instanceKlass com/fasterxml/jackson/databind/jsontype/NamedType
instanceKlass com/fasterxml/jackson/databind/deser/ValueInstantiator
instanceKlass com/fasterxml/jackson/databind/PropertyNamingStrategy
instanceKlass  @bci org/springframework/boot/context/properties/bind/Binder handleBindResult (Lorg/springframework/boot/context/properties/source/ConfigurationPropertyName;Lorg/springframework/boot/context/properties/bind/Bindable;Lorg/springframework/boot/context/properties/bind/BindHandler;Lorg/springframework/boot/context/properties/bind/Binder$Context;Ljava/lang/Object;Z)Ljava/lang/Object; 50 <appendix> member <vmtarget> ; # org/springframework/boot/context/properties/bind/Binder$$Lambda+0x00000210bf959b68
instanceKlass  @bci org/springframework/boot/autoconfigure/web/servlet/WebMvcAutoConfiguration$WebMvcAutoConfigurationAdapter configureMessageConverters (Ljava/util/List;)V 5 <appendix> member <vmtarget> ; # org/springframework/boot/autoconfigure/web/servlet/WebMvcAutoConfiguration$WebMvcAutoConfigurationAdapter$$Lambda+0x00000210bf959250
instanceKlass  @bci java/util/stream/Collectors toUnmodifiableMap (Ljava/util/function/Function;Ljava/util/function/Function;)Ljava/util/stream/Collector; 21 <appendix> argL0 ; # java/util/stream/Collectors$$Lambda+0x00000210bf5f8428
instanceKlass  @bci org/springframework/web/servlet/handler/AbstractHandlerMethodMapping getHandlerMethods ()Ljava/util/Map; 29 <appendix> argL0 ; # org/springframework/web/servlet/handler/AbstractHandlerMethodMapping$$Lambda+0x00000210bf959010
instanceKlass  @bci org/springframework/web/servlet/handler/AbstractHandlerMethodMapping getHandlerMethods ()Ljava/util/Map; 24 <appendix> argL0 ; # org/springframework/web/servlet/handler/AbstractHandlerMethodMapping$$Lambda+0x00000210bf958dd0
instanceKlass org/springframework/web/bind/annotation/ExceptionHandler
instanceKlass org/springframework/boot/web/error/ErrorAttributeOptions
instanceKlass org/springframework/security/core/annotation/AuthenticationPrincipal
instanceKlass org/springframework/web/servlet/handler/AbstractHandlerMethodMapping$MappingRegistration
instanceKlass  @bci org/springframework/core/annotation/MergedAnnotationPredicates typeIn ([Ljava/lang/String;)Ljava/util/function/Predicate; 1 <appendix> member <vmtarget> ; # org/springframework/core/annotation/MergedAnnotationPredicates$$Lambda+0x00000210bf957818
instanceKlass org/springframework/web/method/HandlerMethod$MethodValidationInitializer
instanceKlass  @bci org/springframework/web/servlet/handler/AbstractHandlerMethodMapping detectHandlerMethods (Ljava/lang/Object;)V 116 <appendix> member <vmtarget> ; # org/springframework/web/servlet/handler/AbstractHandlerMethodMapping$$Lambda+0x00000210bf9573d8
instanceKlass org/springframework/web/util/pattern/PathPattern$MatchingContext
instanceKlass org/springframework/util/UnmodifiableMultiValueMap
instanceKlass org/springframework/http/server/DefaultPathContainer$DefaultPathSegment
instanceKlass  @bci org/springframework/web/servlet/mvc/method/annotation/RequestMappingHandlerMapping createRequestMappingInfo (Ljava/lang/reflect/AnnotatedElement;)Lorg/springframework/web/servlet/mvc/method/RequestMappingInfo; 154 <appendix> argL0 ; # org/springframework/web/servlet/mvc/method/annotation/RequestMappingHandlerMapping$$Lambda+0x00000210bf9566e8
instanceKlass org/springframework/web/servlet/mvc/method/RequestMappingInfo$DefaultBuilder
instanceKlass  @bci org/springframework/http/MediaType <init> (Lorg/springframework/util/MimeType;)V 10 <appendix> member <vmtarget> ; # org/springframework/http/MediaType$$Lambda+0x00000210bf955f50
instanceKlass  @bci org/springframework/util/MimeTypeUtils <clinit> ()V 401 <appendix> argL0 ; # org/springframework/util/MimeTypeUtils$$Lambda+0x00000210bf955d10
instanceKlass org/springframework/util/MimeTypeUtils
instanceKlass org/springframework/web/servlet/mvc/condition/AbstractMediaTypeExpression
instanceKlass org/springframework/web/servlet/mvc/condition/MediaTypeExpression
instanceKlass java/util/Comparators$NullComparator
instanceKlass  @bci org/springframework/web/util/pattern/PathPattern <clinit> ()V 36 <appendix> argL0 ; # org/springframework/web/util/pattern/PathPattern$$Lambda+0x00000210bf954600
instanceKlass  @bci org/springframework/web/util/pattern/PathPattern <clinit> ()V 26 <appendix> argL0 ; # org/springframework/web/util/pattern/PathPattern$$Lambda+0x00000210bf9543e0
instanceKlass  @bci org/springframework/web/util/pattern/PathPattern <clinit> ()V 16 <appendix> argL0 ; # org/springframework/web/util/pattern/PathPattern$$Lambda+0x00000210bf9541c0
instanceKlass  @bci org/springframework/web/util/pattern/PathPattern <clinit> ()V 8 <appendix> argL0 ; # org/springframework/web/util/pattern/PathPattern$$Lambda+0x00000210bf953fa0
instanceKlass org/springframework/http/server/DefaultPathContainer$DefaultSeparator
instanceKlass org/springframework/http/server/PathContainer$Separator
instanceKlass org/springframework/http/server/PathContainer$PathSegment
instanceKlass org/springframework/http/server/PathContainer$Element
instanceKlass org/springframework/http/server/DefaultPathContainer
instanceKlass org/springframework/web/util/pattern/PathElement
instanceKlass org/springframework/web/util/pattern/InternalPathPatternParser
instanceKlass org/springframework/web/servlet/mvc/method/RequestMappingInfo$Builder
instanceKlass  @bci org/springframework/web/servlet/mvc/method/annotation/RequestMappingHandlerMapping createRequestMappingInfo (Ljava/lang/reflect/AnnotatedElement;)Lorg/springframework/web/servlet/mvc/method/RequestMappingInfo; 46 <appendix> argL0 ; # org/springframework/web/servlet/mvc/method/annotation/RequestMappingHandlerMapping$$Lambda+0x00000210bf951760
instanceKlass  @bci org/springframework/web/servlet/mvc/method/annotation/RequestMappingHandlerMapping getAnnotationDescriptors (Ljava/lang/reflect/AnnotatedElement;)Ljava/util/List; 52 <appendix> argL0 ; # org/springframework/web/servlet/mvc/method/annotation/RequestMappingHandlerMapping$$Lambda+0x00000210bf951520
instanceKlass org/springframework/core/annotation/MergedAnnotationPredicates$FirstRunOfPredicate
instanceKlass  @bci org/springframework/web/servlet/mvc/method/annotation/RequestMappingHandlerMapping getAnnotationDescriptors (Ljava/lang/reflect/AnnotatedElement;)Ljava/util/List; 39 <appendix> argL0 ; # org/springframework/web/servlet/mvc/method/annotation/RequestMappingHandlerMapping$$Lambda+0x00000210bf951078
instanceKlass  @bci org/springframework/web/servlet/handler/AbstractHandlerMethodMapping detectHandlerMethods (Ljava/lang/Object;)V 42 <appendix> member <vmtarget> ; # org/springframework/web/servlet/handler/AbstractHandlerMethodMapping$$Lambda+0x00000210bf950e50
instanceKlass org/springframework/web/servlet/mvc/condition/AbstractRequestCondition
instanceKlass org/springframework/web/util/pattern/PathPattern
instanceKlass org/springframework/web/service/annotation/HttpExchange
instanceKlass org/springframework/web/servlet/mvc/method/RequestMappingInfo
instanceKlass org/springframework/web/servlet/mvc/condition/RequestCondition
instanceKlass org/springframework/web/bind/annotation/CrossOrigin
instanceKlass org/springframework/web/servlet/mvc/method/annotation/RequestMappingHandlerMapping$AnnotationDescriptor
instanceKlass org/springframework/web/servlet/mvc/method/RequestMappingInfo$BuilderConfiguration
instanceKlass org/springframework/web/servlet/mvc/method/RequestMappingInfoHandlerMethodMappingNamingStrategy
instanceKlass org/springframework/web/servlet/handler/AbstractHandlerMethodMapping$MappingRegistry
instanceKlass org/springframework/http/HttpHeaders
instanceKlass org/springframework/web/servlet/mvc/method/RequestMappingInfoHandlerMapping$HttpOptionsHandler
instanceKlass  @bci org/springframework/web/cors/CorsConfiguration addAllowedOriginPattern (Ljava/lang/String;)V 26 <appendix> member <vmtarget> ; # org/springframework/web/cors/CorsConfiguration$$Lambda+0x00000210bf94e420
instanceKlass org/springframework/web/cors/CorsConfiguration$OriginPattern
instanceKlass org/springframework/web/bind/annotation/ResponseStatus
instanceKlass org/springframework/web/servlet/handler/AbstractHandlerMethodMapping$EmptyHandler
instanceKlass org/springframework/core/annotation/AnnotatedMethod
instanceKlass org/springframework/web/servlet/handler/HandlerMethodMappingNamingStrategy
instanceKlass  @bci org/springframework/boot/autoconfigure/web/servlet/WebMvcAutoConfiguration$EnableWebMvcConfiguration welcomePageNotAcceptableHandlerMapping (Lorg/springframework/context/ApplicationContext;Lorg/springframework/format/support/FormattingConversionService;Lorg/springframework/web/servlet/resource/ResourceUrlProvider;)Lorg/springframework/boot/autoconfigure/web/servlet/WelcomePageNotAcceptableHandlerMapping; 4 <appendix> argL0 ; # org/springframework/boot/autoconfigure/web/servlet/WebMvcAutoConfiguration$EnableWebMvcConfiguration$$Lambda+0x00000210bf94bfa8
instanceKlass org/springframework/context/support/MessageSourceAccessor
instanceKlass org/springframework/web/servlet/handler/MappedInterceptor
instanceKlass org/springframework/web/servlet/handler/RequestMatchResult
instanceKlass org/springframework/http/server/RequestPath
instanceKlass io/micrometer/observation/Observation$Context
instanceKlass io/micrometer/observation/Observation$ContextView
instanceKlass io/micrometer/observation/transport/ResponseContext
instanceKlass  @bci org/springframework/web/servlet/config/annotation/InterceptorRegistry lambda$static$0 (Ljava/lang/Object;)Ljava/lang/Object; 18 <appendix> member <vmtarget> ; # org/springframework/web/servlet/config/annotation/InterceptorRegistry$$Lambda+0x00000210bf949d88
instanceKlass  @bci org/springframework/web/servlet/config/annotation/InterceptorRegistry getInterceptors ()Ljava/util/List; 17 <appendix> argL0 ; # org/springframework/web/servlet/config/annotation/InterceptorRegistry$$Lambda+0x00000210bf949b48
instanceKlass org/springframework/web/servlet/resource/ResourceUrlProviderExposingInterceptor
instanceKlass org/springframework/web/servlet/handler/ConversionServiceExposingInterceptor
instanceKlass org/springframework/cloud/commons/security/ResourceServerTokenRelayAutoConfiguration$ResourceServerTokenRelayRegistrationAutoConfiguration$1
instanceKlass org/springframework/web/servlet/config/annotation/InterceptorRegistration
instanceKlass org/springframework/web/servlet/handler/WebRequestHandlerInterceptorAdapter
instanceKlass org/springframework/web/servlet/AsyncHandlerInterceptor
instanceKlass  @bci org/springframework/web/servlet/config/annotation/InterceptorRegistry <clinit> ()V 3 <appendix> argL0 ; # org/springframework/web/servlet/config/annotation/InterceptorRegistry$$Lambda+0x00000210bf948610
instanceKlass org/springframework/boot/autoconfigure/web/servlet/WelcomePage
instanceKlass org/springframework/http/server/ServerHttpRequest
instanceKlass org/springframework/http/HttpRequest
instanceKlass org/springframework/http/server/ServerHttpResponse
instanceKlass org/springframework/http/HttpStatusCode
instanceKlass org/springframework/web/cors/DefaultCorsProcessor
instanceKlass org/springframework/http/server/PathContainer$Options
instanceKlass  @bci org/springframework/boot/autoconfigure/web/servlet/WebMvcAutoConfiguration$EnableWebMvcConfiguration welcomePageHandlerMapping (Lorg/springframework/context/ApplicationContext;Lorg/springframework/format/support/FormattingConversionService;Lorg/springframework/web/servlet/resource/ResourceUrlProvider;)Lorg/springframework/boot/autoconfigure/web/servlet/WelcomePageHandlerMapping; 4 <appendix> argL0 ; # org/springframework/boot/autoconfigure/web/servlet/WebMvcAutoConfiguration$EnableWebMvcConfiguration$$Lambda+0x00000210bf945628
instanceKlass org/springframework/http/server/PathContainer
instanceKlass org/springframework/web/cors/CorsProcessor
# instanceKlass java/lang/invoke/LambdaForm$MH+0x00000210bf944800
# instanceKlass java/lang/invoke/LambdaForm$MH+0x00000210bf944400
instanceKlass  @bci org/springframework/data/repository/support/DomainClassConverter setApplicationContext (Lorg/springframework/context/ApplicationContext;)V 3 <appendix> member <vmtarget> ; # org/springframework/data/repository/support/DomainClassConverter$$Lambda+0x00000210bf945000
instanceKlass  @bci org/springframework/data/repository/support/Repositories <init> ()V 12 <appendix> member <vmtarget> ; # org/springframework/data/repository/support/Repositories$$Lambda+0x00000210bf947660
instanceKlass org/springframework/data/repository/support/Repositories
instanceKlass org/springframework/data/repository/support/DomainClassConverter
instanceKlass org/springframework/data/geo/Point
instanceKlass org/springframework/data/geo/Distance
instanceKlass org/springframework/data/geo/Metric
instanceKlass org/springframework/boot/autoconfigure/web/format/DateTimeFormatters
instanceKlass org/springframework/web/cors/CorsConfiguration
instanceKlass jakarta/servlet/ServletRequestWrapper
instanceKlass org/springframework/web/servlet/handler/PathPatternMatchableHandlerMapping
instanceKlass org/springframework/web/servlet/handler/HandlerMappingIntrospector$CachedResult
instanceKlass org/springframework/web/servlet/handler/HandlerMappingIntrospector$CacheResultLogHelper
instanceKlass org/springframework/security/web/util/matcher/AntPathRequestMatcher$SubpathMatcher
instanceKlass org/springframework/security/config/annotation/web/configuration/ObservationConfiguration$1
# instanceKlass java/lang/invoke/LambdaForm$MH+0x00000210bf944000
instanceKlass org/springframework/security/config/observation/SecurityObservationSettings$Builder
instanceKlass org/springframework/security/config/observation/SecurityObservationSettings
instanceKlass  @bci org/springframework/security/config/annotation/web/configurers/AuthorizeHttpRequestsConfigurer <init> (Lorg/springframework/context/ApplicationContext;)V 158 <appendix> member <vmtarget> ; # org/springframework/security/config/annotation/web/configurers/AuthorizeHttpRequestsConfigurer$$Lambda+0x00000210bf9408b8
instanceKlass org/springframework/security/config/core/GrantedAuthorityDefaults
instanceKlass  @bci org/springframework/security/config/annotation/web/configurers/AuthorizeHttpRequestsConfigurer <init> (Lorg/springframework/context/ApplicationContext;)V 74 <appendix> member <vmtarget> ; # org/springframework/security/config/annotation/web/configurers/AuthorizeHttpRequestsConfigurer$$Lambda+0x00000210bf940480
instanceKlass org/springframework/security/authorization/SpringAuthorizationEventPublisher
instanceKlass org/springframework/security/web/access/intercept/RequestMatcherDelegatingAuthorizationManager$Builder
instanceKlass org/springframework/security/web/access/intercept/RequestMatcherDelegatingAuthorizationManager
instanceKlass org/springframework/security/config/ObjectPostProcessor$1
instanceKlass  @bci org/springframework/security/config/annotation/web/configurers/AuthorizeHttpRequestsConfigurer <clinit> ()V 0 <appendix> argL0 ; # org/springframework/security/config/annotation/web/configurers/AuthorizeHttpRequestsConfigurer$$Lambda+0x00000210bf93f170
instanceKlass org/springframework/security/web/access/intercept/RequestAuthorizationContext
instanceKlass org/springframework/security/authorization/AuthorizationDecision
instanceKlass org/springframework/security/authorization/AuthorizationResult
instanceKlass org/springframework/security/access/hierarchicalroles/RoleHierarchy
instanceKlass org/springframework/security/authorization/AuthorizationEventPublisher
instanceKlass  @bci com/social/post_service/config/SecurityConfig filterChain (Lorg/springframework/security/config/annotation/web/builders/HttpSecurity;)Lorg/springframework/security/web/SecurityFilterChain; 9 <appendix> argL0 ; # com/social/post_service/config/SecurityConfig$$Lambda+0x00000210bf93e518
instanceKlass  @bci org/springframework/security/config/annotation/AbstractConfiguredSecurityBuilder removeConfigurer (Ljava/lang/Class;)Lorg/springframework/security/config/annotation/SecurityConfigurer; 40 <appendix> member <vmtarget> ; # org/springframework/security/config/annotation/AbstractConfiguredSecurityBuilder$$Lambda+0x00000210bf93e2f0
instanceKlass  @bci org/springframework/security/config/annotation/AbstractConfiguredSecurityBuilder removeFromConfigurersAddedInInitializing (Ljava/lang/Class;)V 10 <appendix> member <vmtarget> ; # org/springframework/security/config/annotation/AbstractConfiguredSecurityBuilder$$Lambda+0x00000210bf93e098
instanceKlass  @bci org/springframework/security/config/annotation/AbstractConfiguredSecurityBuilder getConfigurer (Ljava/lang/Class;)Lorg/springframework/security/config/annotation/SecurityConfigurer; 35 <appendix> member <vmtarget> ; # org/springframework/security/config/annotation/AbstractConfiguredSecurityBuilder$$Lambda+0x00000210bf93de70
instanceKlass  @bci com/social/post_service/config/SecurityConfig filterChain (Lorg/springframework/security/config/annotation/web/builders/HttpSecurity;)Lorg/springframework/security/web/SecurityFilterChain; 1 <appendix> argL0 ; # com/social/post_service/config/SecurityConfig$$Lambda+0x00000210bf93dc50
instanceKlass org/springframework/security/web/DefaultSecurityFilterChain
instanceKlass org/springframework/web/cors/UrlBasedCorsConfigurationSource
instanceKlass org/springframework/security/web/authentication/logout/SecurityContextLogoutHandler
instanceKlass org/springframework/security/web/authentication/logout/LogoutSuccessHandler
instanceKlass  @bci org/springframework/security/web/authentication/ui/DefaultLogoutPageGeneratingFilter <init> ()V 20 <appendix> argL0 ; # org/springframework/security/web/authentication/ui/DefaultLogoutPageGeneratingFilter$$Lambda+0x00000210bf93c758
instanceKlass org/springframework/security/web/util/matcher/AntPathRequestMatcher$SpringAntMatcher
instanceKlass org/springframework/security/web/util/matcher/AntPathRequestMatcher$Matcher
instanceKlass org/springframework/security/web/util/matcher/AntPathRequestMatcher
instanceKlass org/springframework/security/web/util/matcher/RequestVariablesExtractor
instanceKlass  @bci org/springframework/security/web/authentication/ui/DefaultLoginPageGeneratingFilter <init> ()V 14 <appendix> argL0 ; # org/springframework/security/web/authentication/ui/DefaultLoginPageGeneratingFilter$$Lambda+0x00000210bf93baa8
instanceKlass  @bci org/springframework/security/web/authentication/ui/DefaultLoginPageGeneratingFilter <init> ()V 5 <appendix> argL0 ; # org/springframework/security/web/authentication/ui/DefaultLoginPageGeneratingFilter$$Lambda+0x00000210bf93b868
instanceKlass org/springframework/security/web/servletapi/HttpServletRequestFactory
instanceKlass org/springframework/security/core/authority/SimpleGrantedAuthority
instanceKlass org/springframework/security/core/GrantedAuthority
instanceKlass org/springframework/security/core/authority/AuthorityUtils
instanceKlass org/springframework/security/authentication/AuthenticationTrustResolverImpl
instanceKlass org/springframework/security/core/context/SecurityContextImpl
instanceKlass org/springframework/security/authentication/AuthenticationTrustResolver
instanceKlass jakarta/servlet/ServletResponseWrapper
instanceKlass org/springframework/security/core/context/DeferredSecurityContext
instanceKlass org/springframework/security/web/context/HttpSessionSecurityContextRepository
instanceKlass org/springframework/security/web/authentication/session/AbstractSessionFixationProtectionStrategy$NullEventPublisher
instanceKlass org/springframework/security/web/authentication/session/AbstractSessionFixationProtectionStrategy
instanceKlass org/springframework/security/web/context/SecurityContextRepository
instanceKlass org/springframework/security/web/session/SessionInformationExpiredStrategy
instanceKlass org/springframework/security/web/session/InvalidSessionStrategy
instanceKlass org/springframework/security/web/authentication/AuthenticationFailureHandler
instanceKlass org/springframework/security/core/session/SessionRegistry
instanceKlass org/springframework/security/config/annotation/web/configurers/HeadersConfigurer$CrossOriginResourcePolicyConfig
instanceKlass org/springframework/security/config/annotation/web/configurers/HeadersConfigurer$CrossOriginEmbedderPolicyConfig
instanceKlass org/springframework/security/config/annotation/web/configurers/HeadersConfigurer$CrossOriginOpenerPolicyConfig
instanceKlass org/springframework/security/config/annotation/web/configurers/HeadersConfigurer$PermissionsPolicyConfig
instanceKlass org/springframework/security/config/annotation/web/configurers/HeadersConfigurer$FeaturePolicyConfig
instanceKlass org/springframework/security/config/annotation/web/configurers/HeadersConfigurer$ReferrerPolicyConfig
instanceKlass org/springframework/security/config/annotation/web/configurers/HeadersConfigurer$ContentSecurityPolicyConfig
instanceKlass org/springframework/security/config/annotation/web/configurers/HeadersConfigurer$HpkpConfig
instanceKlass org/springframework/security/web/header/writers/frameoptions/XFrameOptionsHeaderWriter
instanceKlass org/springframework/security/config/annotation/web/configurers/HeadersConfigurer$FrameOptionsConfig
instanceKlass org/springframework/security/web/header/writers/HstsHeaderWriter$SecureRequestMatcher
instanceKlass org/springframework/security/web/header/writers/HstsHeaderWriter
instanceKlass org/springframework/security/config/annotation/web/configurers/HeadersConfigurer$HstsConfig
instanceKlass org/springframework/security/web/header/writers/CacheControlHeadersWriter
instanceKlass org/springframework/security/config/annotation/web/configurers/HeadersConfigurer$CacheControlConfig
instanceKlass org/springframework/security/web/header/writers/XXssProtectionHeaderWriter
instanceKlass org/springframework/security/config/annotation/web/configurers/HeadersConfigurer$XXssConfig
instanceKlass org/springframework/security/web/header/Header
instanceKlass org/springframework/security/web/header/writers/StaticHeadersWriter
instanceKlass org/springframework/security/web/header/HeaderWriter
instanceKlass org/springframework/security/config/annotation/web/configurers/HeadersConfigurer$ContentTypeOptionsConfig
instanceKlass org/springframework/security/web/AuthenticationEntryPoint
instanceKlass org/springframework/security/web/savedrequest/RequestCache
instanceKlass org/springframework/security/config/annotation/web/builders/HttpSecurity$OrderedFilter
instanceKlass org/springframework/security/web/csrf/CsrfFilter$DefaultRequiresCsrfMatcher
instanceKlass org/springframework/security/web/csrf/CsrfTokenRequestHandler
instanceKlass org/springframework/security/web/csrf/CsrfTokenRequestResolver
instanceKlass org/springframework/security/web/csrf/CsrfToken
instanceKlass org/springframework/security/web/csrf/DeferredCsrfToken
instanceKlass org/springframework/security/web/csrf/HttpSessionCsrfTokenRepository
instanceKlass org/springframework/security/config/annotation/SecurityConfigurerAdapter$CompositeObjectPostProcessor
instanceKlass org/springframework/security/web/authentication/session/SessionAuthenticationStrategy
instanceKlass org/springframework/security/web/authentication/logout/LogoutHandler
instanceKlass org/springframework/security/web/csrf/CsrfTokenRepository
instanceKlass org/springframework/security/web/access/AccessDeniedHandler
instanceKlass  @bci org/springframework/security/config/Customizer withDefaults ()Lorg/springframework/security/config/Customizer; 0 <appendix> argL0 ; # org/springframework/security/config/Customizer$$Lambda+0x00000210bf931410
instanceKlass org/springframework/security/access/intercept/AbstractSecurityInterceptor
instanceKlass org/springframework/security/config/annotation/web/builders/FilterOrderRegistration$Step
instanceKlass org/springframework/security/config/annotation/web/builders/FilterOrderRegistration
instanceKlass org/springframework/security/web/util/matcher/AnyRequestMatcher
instanceKlass org/springframework/security/web/util/matcher/RequestMatcher
instanceKlass com/netflix/appinfo/ApplicationInfoManager$1
instanceKlass org/springframework/cglib/core/EmitUtils$8
instanceKlass  @bci org/springframework/cglib/core/EmitUtils member_helper_type (Lorg/springframework/cglib/core/CodeEmitter;Ljava/util/List;Lorg/springframework/cglib/core/ObjectSwitchCallback;Lorg/springframework/cglib/core/EmitUtils$ParameterTyper;Lorg/springframework/asm/Label;Lorg/springframework/asm/Label;Ljava/util/BitSet;)V 175 <appendix> member <vmtarget> ; # org/springframework/cglib/core/EmitUtils$$Lambda+0x00000210bf925690
instanceKlass com/netflix/appinfo/ApplicationInfoManager$OptionalArgs
instanceKlass com/netflix/appinfo/ApplicationInfoManager$StatusChangeListener
instanceKlass com/netflix/appinfo/ApplicationInfoManager$InstanceStatusMapper
# instanceKlass java/lang/invoke/LambdaForm$MH+0x00000210bf921400
# instanceKlass java/lang/invoke/LambdaForm$MH+0x00000210bf921000
# instanceKlass java/lang/invoke/LambdaForm$MH+0x00000210bf920c00
# instanceKlass java/lang/invoke/LambdaForm$MH+0x00000210bf920800
# instanceKlass java/lang/invoke/LambdaForm$BMH+0x00000210bf920400
instanceKlass com/netflix/discovery/shared/Application
instanceKlass com/netflix/appinfo/InstanceInfo
instanceKlass com/netflix/discovery/shared/Applications
instanceKlass com/netflix/discovery/EurekaEventListener
instanceKlass com/netflix/appinfo/HealthCheckCallback
# instanceKlass java/lang/invoke/LambdaForm$MH+0x00000210bf920000
instanceKlass org/springframework/security/config/Customizer
instanceKlass org/springframework/security/authentication/AuthenticationProvider
instanceKlass org/springframework/security/authentication/ProviderManager
instanceKlass org/springframework/security/core/userdetails/UserDetailsService
instanceKlass org/springframework/security/config/annotation/authentication/configuration/AuthenticationConfiguration$LazyPasswordEncoder
instanceKlass org/springframework/security/config/annotation/web/configuration/HttpSecurityConfiguration$LazyPasswordEncoder
instanceKlass org/springframework/web/context/request/NativeWebRequest
instanceKlass  @bci org/springframework/web/accept/MappingMediaTypeFileExtensionResolver addFileExtension (Lorg/springframework/http/MediaType;Ljava/lang/String;)V 5 <appendix> argL0 ; # org/springframework/web/accept/MappingMediaTypeFileExtensionResolver$$Lambda+0x00000210bf91a138
instanceKlass  @bci org/springframework/web/accept/MappingMediaTypeFileExtensionResolver <init> (Ljava/util/Map;)V 58 <appendix> member <vmtarget> ; # org/springframework/web/accept/MappingMediaTypeFileExtensionResolver$$Lambda+0x00000210bf919f00
instanceKlass  @bci org/springframework/web/accept/ContentNegotiationManagerFactoryBean addMediaTypes (Ljava/util/Map;)V 6 <appendix> member <vmtarget> ; # org/springframework/web/accept/ContentNegotiationManagerFactoryBean$$Lambda+0x00000210bf919ad0
instanceKlass  @bci org/springframework/boot/autoconfigure/web/servlet/WebMvcAutoConfiguration$WebMvcAutoConfigurationAdapter configureContentNegotiation (Lorg/springframework/web/servlet/config/annotation/ContentNegotiationConfigurer;)V 51 <appendix> member <vmtarget> ; # org/springframework/boot/autoconfigure/web/servlet/WebMvcAutoConfiguration$WebMvcAutoConfigurationAdapter$$Lambda+0x00000210bf919898
instanceKlass org/springframework/web/accept/MappingMediaTypeFileExtensionResolver
instanceKlass org/springframework/web/accept/ContentNegotiationManagerFactoryBean
instanceKlass org/springframework/security/config/annotation/configuration/AutowireBeanFactoryObjectPostProcessor
instanceKlass org/springframework/web/accept/HeaderContentNegotiationStrategy
instanceKlass net/sf/jasperreports/engine/JRDataSource
instanceKlass com/social/post_service/dto/CommentResponse
instanceKlass org/springframework/aop/framework/AdvisedSupport$MethodCacheKey
instanceKlass org/springframework/aop/framework/CglibAopProxy$StaticDispatcher
instanceKlass org/springframework/aop/framework/CglibAopProxy$StaticUnadvisedInterceptor
instanceKlass org/aspectj/util/PartialOrder
instanceKlass org/springframework/aop/aspectj/autoproxy/AspectJAwareAdvisorAutoProxyCreator$PartiallyComparableAdvisorHolder
instanceKlass org/springframework/aop/support/AbstractExpressionPointcut
instanceKlass org/springframework/aop/support/ExpressionPointcut
instanceKlass org/springframework/aop/aspectj/InstantiationModelAwarePointcutAdvisor
# instanceKlass java/lang/invoke/LambdaForm$MH+0x00000210bf915400
# instanceKlass java/lang/invoke/LambdaForm$MH+0x00000210bf915000
# instanceKlass java/lang/invoke/LambdaForm$MH+0x00000210bf914c00
# instanceKlass java/lang/invoke/LambdaForm$MH+0x00000210bf914800
# instanceKlass java/lang/invoke/LambdaForm$MH+0x00000210bf914400
# instanceKlass java/lang/invoke/LambdaForm$MH+0x00000210bf914000
# instanceKlass java/lang/invoke/LambdaForm$MH+0x00000210bf90c400
instanceKlass com/cloudinary/Api
instanceKlass com/cloudinary/Search
instanceKlass com/cloudinary/Url
instanceKlass com/cloudinary/ArchiveParams
instanceKlass com/cloudinary/Uploader
instanceKlass com/cloudinary/api/ApiResponse
instanceKlass org/apache/http/HttpResponse
instanceKlass org/apache/http/HttpEntity
instanceKlass com/cloudinary/strategies/AbstractApiStrategy
instanceKlass org/apache/http/HttpEntityEnclosingRequest
instanceKlass org/apache/http/message/AbstractHttpMessage
instanceKlass org/apache/http/client/methods/AbortableHttpRequest
instanceKlass org/apache/http/client/methods/HttpExecutionAware
instanceKlass org/apache/http/client/methods/Configurable
instanceKlass org/apache/http/client/methods/HttpUriRequest
instanceKlass org/apache/http/HttpRequest
instanceKlass org/apache/http/HttpMessage
instanceKlass com/cloudinary/strategies/AbstractUploaderStrategy
instanceKlass com/cloudinary/strategies/StrategyLoader
instanceKlass com/cloudinary/utils/ObjectUtils
instanceKlass com/cloudinary/Configuration
instanceKlass com/cloudinary/utils/Analytics
instanceKlass  @bci io/github/cdimascio/dotenv/DotenvBuilder$DotenvImpl <init> (Ljava/util/List;)V 128 <appendix> argL0 ; # io/github/cdimascio/dotenv/DotenvBuilder$DotenvImpl$$Lambda+0x00000210bf90eb40
instanceKlass  @bci io/github/cdimascio/dotenv/DotenvBuilder$DotenvImpl <init> (Ljava/util/List;)V 115 <appendix> argL0 ; # io/github/cdimascio/dotenv/DotenvBuilder$DotenvImpl$$Lambda+0x00000210bf90e900
instanceKlass  @bci io/github/cdimascio/dotenv/DotenvBuilder$DotenvImpl <init> (Ljava/util/List;)V 84 <appendix> argL0 ; # io/github/cdimascio/dotenv/DotenvBuilder$DotenvImpl$$Lambda+0x00000210bf90e6c0
instanceKlass  @bci io/github/cdimascio/dotenv/DotenvBuilder$DotenvImpl <init> (Ljava/util/List;)V 71 <appendix> argL0 ; # io/github/cdimascio/dotenv/DotenvBuilder$DotenvImpl$$Lambda+0x00000210bf90e480
instanceKlass  @bci io/github/cdimascio/dotenv/DotenvBuilder$DotenvImpl <init> (Ljava/util/List;)V 15 <appendix> argL0 ; # io/github/cdimascio/dotenv/DotenvBuilder$DotenvImpl$$Lambda+0x00000210bf90e240
instanceKlass  @bci io/github/cdimascio/dotenv/DotenvBuilder$DotenvImpl <init> (Ljava/util/List;)V 10 <appendix> argL0 ; # io/github/cdimascio/dotenv/DotenvBuilder$DotenvImpl$$Lambda+0x00000210bf90e000
instanceKlass io/github/cdimascio/dotenv/DotenvBuilder$DotenvImpl
instanceKlass  @bci io/github/cdimascio/dotenv/internal/DotenvParser <init> (Lio/github/cdimascio/dotenv/internal/DotenvReader;ZZ)V 32 <appendix> argL0 ; # io/github/cdimascio/dotenv/internal/DotenvParser$$Lambda+0x00000210bf90b978
instanceKlass io/github/cdimascio/dotenv/DotenvEntry
instanceKlass  @bci io/github/cdimascio/dotenv/internal/DotenvParser <init> (Lio/github/cdimascio/dotenv/internal/DotenvReader;ZZ)V 23 <appendix> argL0 ; # io/github/cdimascio/dotenv/internal/DotenvParser$$Lambda+0x00000210bf90b508
instanceKlass  @bci io/github/cdimascio/dotenv/internal/DotenvParser <init> (Lio/github/cdimascio/dotenv/internal/DotenvReader;ZZ)V 14 <appendix> argL0 ; # io/github/cdimascio/dotenv/internal/DotenvParser$$Lambda+0x00000210bf90b2b8
instanceKlass  @bci io/github/cdimascio/dotenv/internal/DotenvParser <init> (Lio/github/cdimascio/dotenv/internal/DotenvReader;ZZ)V 5 <appendix> argL0 ; # io/github/cdimascio/dotenv/internal/DotenvParser$$Lambda+0x00000210bf90b068
instanceKlass io/github/cdimascio/dotenv/internal/DotenvReader
instanceKlass io/github/cdimascio/dotenv/internal/DotenvParser
instanceKlass io/github/cdimascio/dotenv/DotenvBuilder
instanceKlass io/github/cdimascio/dotenv/Dotenv
instanceKlass org/springframework/web/bind/annotation/RequestBody
instanceKlass com/social/post_service/dto/NotificationRequest
# instanceKlass java/lang/invoke/LambdaForm$MH+0x00000210bf90c000
instanceKlass  @bci org/hibernate/type/descriptor/java/spi/RegistryHelper createTypeDescriptor (Ljava/lang/reflect/Type;Ljava/util/function/Supplier;Lorg/hibernate/type/spi/TypeConfiguration;)Lorg/hibernate/type/descriptor/java/JavaType; 6 <appendix> member <vmtarget> ; # org/hibernate/type/descriptor/java/spi/RegistryHelper$$Lambda+0x00000210bf908a80
instanceKlass  @bci org/hibernate/type/descriptor/java/spi/JavaTypeRegistry lambda$resolveDescriptor$2 (Ljava/lang/reflect/Type;Ljava/util/function/BiFunction;)Lorg/hibernate/type/descriptor/java/JavaType; 94 <appendix> member <vmtarget> ; # org/hibernate/type/descriptor/java/spi/JavaTypeRegistry$$Lambda+0x00000210bf907c30
instanceKlass jakarta/persistence/Tuple
instanceKlass org/springframework/data/geo/GeoResults
instanceKlass feign/DefaultMethodHandler
instanceKlass feign/ReflectiveFeign$FeignInvocationHandler
instanceKlass feign/SynchronousMethodHandler
instanceKlass feign/MethodHandlerConfiguration
instanceKlass feign/RequestTemplateFactoryResolver$BuildTemplateByResolvingArgs
instanceKlass sun/reflect/annotation/AnnotationInvocationHandler$1
instanceKlass  @bci feign/template/Template toString ()Ljava/lang/String; 9 <appendix> argL0 ; # feign/template/Template$$Lambda+0x00000210bf9057d8
instanceKlass  @bci org/springframework/cloud/openfeign/support/SpringMvcContract$ConvertingExpanderFactory getExpander (Lorg/springframework/core/convert/TypeDescriptor;)Lfeign/Param$Expander; 2 <appendix> member <vmtarget> ; # org/springframework/cloud/openfeign/support/SpringMvcContract$ConvertingExpanderFactory$$Lambda+0x00000210bf905348
instanceKlass  @bci feign/RequestTemplate headers ()Ljava/util/Map; 16 <appendix> member <vmtarget> ; # feign/RequestTemplate$$Lambda+0x00000210bf905110
instanceKlass feign/template/HeaderTemplate
instanceKlass  @bci feign/template/Expression <init> (Ljava/lang/String;Ljava/lang/String;)V 14 <appendix> member <vmtarget> ; # feign/template/Expression$$Lambda+0x00000210bf904cc8
instanceKlass feign/Param$Expander
instanceKlass feign/template/Expression
instanceKlass feign/template/Expressions
instanceKlass  @bci feign/template/QueryTemplate create (Ljava/lang/String;Ljava/lang/Iterable;Ljava/nio/charset/Charset;Lfeign/CollectionFormat;Z)Lfeign/template/QueryTemplate; 41 <appendix> argL0 ; # feign/template/QueryTemplate$$Lambda+0x00000210bf903f20
instanceKlass  @bci feign/RequestTemplate appendQuery (Ljava/lang/String;Ljava/lang/Iterable;Lfeign/CollectionFormat;)Lfeign/RequestTemplate; 36 <appendix> member <vmtarget> ; # feign/RequestTemplate$$Lambda+0x00000210bf903ce8
instanceKlass  @bci org/springframework/cloud/openfeign/support/FeignUtils addTemplateParameter (Ljava/util/Collection;Ljava/lang/String;)Ljava/util/Collection; 4 <appendix> argL0 ; # org/springframework/cloud/openfeign/support/FeignUtils$$Lambda+0x00000210bf903aa8
instanceKlass org/springframework/cloud/openfeign/support/FeignUtils
instanceKlass  @bci feign/RequestTemplate queries ()Ljava/util/Map; 13 <appendix> member <vmtarget> ; # feign/RequestTemplate$$Lambda+0x00000210bf903668
instanceKlass feign/template/QueryTemplate
instanceKlass  @bci org/springframework/core/annotation/AnnotationUtils getAnnotationAttributes (Ljava/lang/reflect/AnnotatedElement;Ljava/lang/annotation/Annotation;ZZ)Lorg/springframework/core/annotation/AnnotationAttributes; 17 <appendix> argL0 ; # org/springframework/core/annotation/AnnotationUtils$$Lambda+0x00000210bf903218
instanceKlass  @bci org/springframework/core/annotation/TypeMappedAnnotation from (Ljava/lang/Object;Ljava/lang/annotation/Annotation;)Lorg/springframework/core/annotation/MergedAnnotation; 29 <appendix> argL0 ; # org/springframework/core/annotation/TypeMappedAnnotation$$Lambda+0x00000210bf902ff8
instanceKlass org/springframework/cloud/openfeign/support/SpringMvcContract$SimpleAnnotatedParameterContext
instanceKlass feign/template/Literal
instanceKlass feign/template/TemplateChunk
instanceKlass feign/template/Template$ChunkTokenizer
instanceKlass feign/template/Template
instanceKlass feign/template/UriUtils
instanceKlass org/springframework/cloud/openfeign/CollectionFormat
instanceKlass feign/Request$Body
instanceKlass feign/FeignIgnore
instanceKlass com/social/post_service/dto/UserDto
instanceKlass feign/ReflectiveFeign$TargetSpecificationVerifier
instanceKlass feign/ReflectiveFeign$ParseHandlersByName
instanceKlass  @bci feign/Feign$Builder internalBuild ()Lfeign/Feign; 105 <appendix> argL0 ; # feign/Feign$Builder$$Lambda+0x00000210bf8f9c00
instanceKlass feign/AsyncContextSupplier
instanceKlass feign/RequestTemplate$Factory
instanceKlass feign/RequestTemplateFactoryResolver
instanceKlass feign/InvocationHandlerFactory$MethodHandler
instanceKlass feign/SynchronousMethodHandler$Factory
instanceKlass  @bci feign/Capability enrich (Ljava/lang/Object;Ljava/lang/Class;Ljava/util/List;)Ljava/lang/Object; 13 <appendix> argL0 ; # feign/Capability$$Lambda+0x00000210bf8fb610
instanceKlass  @bci feign/Capability enrich (Ljava/lang/Object;Ljava/lang/Class;Ljava/util/List;)Ljava/lang/Object; 8 <appendix> member <vmtarget> ; # feign/Capability$$Lambda+0x00000210bf8fb3d8
instanceKlass  @bci feign/BaseBuilder responseInterceptorChain ()Lfeign/ResponseInterceptor$Chain; 24 <appendix> member <vmtarget> ; # feign/BaseBuilder$$Lambda+0x00000210bf8fb190
instanceKlass  @bci feign/BaseBuilder responseInterceptorChain ()Lfeign/ResponseInterceptor$Chain; 13 <appendix> argL0 ; # feign/BaseBuilder$$Lambda+0x00000210bf8faf48
instanceKlass  @bci feign/ResponseInterceptor$Chain <clinit> ()V 0 <appendix> argL0 ; # feign/ResponseInterceptor$Chain$$Lambda+0x00000210bf8fad28
instanceKlass feign/InvocationContext
instanceKlass feign/ResponseHandler
instanceKlass org/springframework/cloud/openfeign/DefaultTargeter
instanceKlass  @bci org/springframework/cloud/openfeign/FeignClientFactoryBean applyBuildCustomizers (Lorg/springframework/cloud/openfeign/FeignClientFactory;Lfeign/Feign$Builder;)V 50 <appendix> member <vmtarget> ; # org/springframework/cloud/openfeign/FeignClientFactoryBean$$Lambda+0x00000210bf8fa480
instanceKlass  @bci org/springframework/cloud/openfeign/FeignClientFactoryBean applyBuildCustomizers (Lorg/springframework/cloud/openfeign/FeignClientFactory;Lfeign/Feign$Builder;)V 35 <appendix> member <vmtarget> ; # org/springframework/cloud/openfeign/FeignClientFactoryBean$$Lambda+0x00000210bf8fa248
instanceKlass org/springframework/cloud/openfeign/loadbalancer/FeignBlockingLoadBalancerClient
# instanceKlass java/lang/invoke/LambdaForm$MH+0x00000210bf8f9000
# instanceKlass java/lang/invoke/LambdaForm$MH+0x00000210bf8f8c00
# instanceKlass java/lang/invoke/LambdaForm$MH+0x00000210bf8f8800
instanceKlass feign/Request
instanceKlass org/springframework/cloud/client/loadbalancer/DefaultResponse
instanceKlass org/springframework/cloud/client/loadbalancer/LoadBalancerLifecycle
instanceKlass org/springframework/cloud/client/loadbalancer/DefaultRequest
instanceKlass org/springframework/cloud/client/loadbalancer/LoadBalancerRequest
instanceKlass org/springframework/cloud/client/loadbalancer/TimedRequestContext
instanceKlass org/springframework/cloud/client/loadbalancer/Request
instanceKlass org/springframework/cloud/client/loadbalancer/Response
instanceKlass org/springframework/cloud/loadbalancer/blocking/client/BlockingLoadBalancerClient
instanceKlass org/springframework/cloud/client/loadbalancer/reactive/ReactiveLoadBalancer
instanceKlass  @bci org/springframework/cloud/loadbalancer/config/LoadBalancerAutoConfiguration loadBalancerClientFactory (Lorg/springframework/cloud/client/loadbalancer/LoadBalancerClientsProperties;Lorg/springframework/beans/factory/ObjectProvider;)Lorg/springframework/cloud/loadbalancer/support/LoadBalancerClientFactory; 11 <appendix> argL0 ; # org/springframework/cloud/loadbalancer/config/LoadBalancerAutoConfiguration$$Lambda+0x00000210bf8fe5d0
instanceKlass org/springframework/cloud/loadbalancer/annotation/LoadBalancerClientConfiguration
instanceKlass org/springframework/cloud/client/loadbalancer/LoadBalancerProperties$Retry$Backoff
instanceKlass org/springframework/cloud/client/loadbalancer/LoadBalancerProperties$Subset
instanceKlass org/springframework/cloud/client/loadbalancer/LoadBalancerProperties$Retry
instanceKlass org/springframework/cloud/client/loadbalancer/LoadBalancerProperties$Stats
instanceKlass org/springframework/cloud/client/loadbalancer/LoadBalancerProperties$XForwarded
instanceKlass org/springframework/cloud/client/loadbalancer/LoadBalancerProperties$HealthCheck
instanceKlass org/springframework/cloud/client/loadbalancer/LoadBalancerProperties$StickySession
instanceKlass  @bci org/springframework/cloud/openfeign/FeignClientFactoryBean configureUsingConfiguration (Lorg/springframework/cloud/openfeign/FeignClientFactory;Lfeign/Feign$Builder;)V 348 <appendix> member <vmtarget> ; # org/springframework/cloud/openfeign/FeignClientFactoryBean$$Lambda+0x00000210bf8fccb8
instanceKlass  @bci org/springframework/beans/factory/BeanFactoryUtils beansOfTypeIncludingAncestors (Lorg/springframework/beans/factory/ListableBeanFactory;Ljava/lang/Class;)Ljava/util/Map; 75 <appendix> member <vmtarget> ; # org/springframework/beans/factory/BeanFactoryUtils$$Lambda+0x00000210bf8fca80
instanceKlass org/springframework/cloud/openfeign/FeignErrorDecoderFactory
instanceKlass feign/Client$Default
instanceKlass feign/InvocationHandlerFactory$Default
instanceKlass  @bci feign/Util <clinit> ()V 199 <appendix> argL0 ; # feign/Util$$Lambda+0x00000210bf8fc000
instanceKlass  @bci feign/Util <clinit> ()V 185 <appendix> argL0 ; # feign/Util$$Lambda+0x00000210bf8f7c78
instanceKlass  @bci feign/Util <clinit> ()V 171 <appendix> argL0 ; # feign/Util$$Lambda+0x00000210bf8f7a58
instanceKlass  @bci feign/Util <clinit> ()V 157 <appendix> argL0 ; # feign/Util$$Lambda+0x00000210bf8f7838
instanceKlass  @bci feign/Util <clinit> ()V 143 <appendix> argL0 ; # feign/Util$$Lambda+0x00000210bf8f7618
instanceKlass  @bci feign/Util <clinit> ()V 129 <appendix> argL0 ; # feign/Util$$Lambda+0x00000210bf8f73f8
instanceKlass  @bci feign/Util <clinit> ()V 115 <appendix> argL0 ; # feign/Util$$Lambda+0x00000210bf8f71d8
instanceKlass  @bci feign/Util <clinit> ()V 101 <appendix> argL0 ; # feign/Util$$Lambda+0x00000210bf8f6fb8
instanceKlass  @bci feign/Util <clinit> ()V 87 <appendix> argL0 ; # feign/Util$$Lambda+0x00000210bf8f6d98
instanceKlass  @bci feign/Util <clinit> ()V 73 <appendix> argL0 ; # feign/Util$$Lambda+0x00000210bf8f6b78
instanceKlass feign/Types
instanceKlass feign/Types$WildcardTypeImpl
instanceKlass feign/Types$ParameterizedTypeImpl
instanceKlass feign/Util
instanceKlass feign/codec/ErrorDecoder$RetryAfterDecoder
instanceKlass feign/codec/ErrorDecoder$Default
instanceKlass feign/querymap/FieldQueryMapEncoder
instanceKlass feign/codec/StringDecoder
instanceKlass feign/Retryer$Default
instanceKlass  @bci feign/Contract$Default <init> ()V 74 <appendix> argL0 ; # feign/Contract$Default$$Lambda+0x00000210bf8f4f48
instanceKlass feign/HeaderMap
instanceKlass  @bci feign/Contract$Default <init> ()V 63 <appendix> argL0 ; # feign/Contract$Default$$Lambda+0x00000210bf8f4b28
instanceKlass  @cpi feign/Contract$Default 191 form vmentry <vmtarget> ; # java/lang/invoke/LambdaForm$DMH+0x00000210bf8f8400
instanceKlass feign/QueryMap
instanceKlass  @bci feign/Contract$Default <init> ()V 52 <appendix> member <vmtarget> ; # feign/Contract$Default$$Lambda+0x00000210bf8f4700
instanceKlass  @cpi feign/Contract$Default 186 form vmentry <vmtarget> ; # java/lang/invoke/LambdaForm$DMH+0x00000210bf8f8000
instanceKlass feign/DeclarativeContract$ParameterAnnotationProcessor
instanceKlass feign/Param
instanceKlass  @bci feign/Contract$Default <init> ()V 40 <appendix> argL0 ; # feign/Contract$Default$$Lambda+0x00000210bf8f40e0
instanceKlass  @bci feign/Contract$Default <init> ()V 29 <appendix> argL0 ; # feign/Contract$Default$$Lambda+0x00000210bf8f3ec0
instanceKlass feign/Body
instanceKlass  @bci feign/DeclarativeContract registerMethodAnnotation (Ljava/lang/Class;Lfeign/DeclarativeContract$AnnotationProcessor;)V 2 <appendix> member <vmtarget> ; # feign/DeclarativeContract$$Lambda+0x00000210bf8f3a68
instanceKlass  @bci feign/Contract$Default <init> ()V 18 <appendix> argL0 ; # feign/Contract$Default$$Lambda+0x00000210bf8f3848
instanceKlass feign/RequestLine
instanceKlass feign/DeclarativeContract$GuardedAnnotationProcessor
instanceKlass  @bci feign/DeclarativeContract registerClassAnnotation (Ljava/lang/Class;Lfeign/DeclarativeContract$AnnotationProcessor;)V 2 <appendix> member <vmtarget> ; # feign/DeclarativeContract$$Lambda+0x00000210bf8f3168
instanceKlass  @bci feign/Contract$Default <init> ()V 7 <appendix> argL0 ; # feign/Contract$Default$$Lambda+0x00000210bf8f2f48
instanceKlass feign/DeclarativeContract$AnnotationProcessor
instanceKlass feign/Headers
instanceKlass jdk/internal/reflect/ClassDefiner$1
instanceKlass jdk/internal/reflect/ClassDefiner
instanceKlass jdk/internal/reflect/MethodAccessorGenerator$1
instanceKlass jdk/internal/reflect/Label$PatchInfo
instanceKlass jdk/internal/reflect/Label
instanceKlass jdk/internal/reflect/UTF8
instanceKlass jdk/internal/reflect/ClassFileAssembler
instanceKlass jdk/internal/reflect/ByteVectorImpl
instanceKlass jdk/internal/reflect/ByteVector
instanceKlass jdk/internal/reflect/ByteVectorFactory
instanceKlass jdk/internal/reflect/AccessorGenerator
instanceKlass jdk/internal/reflect/ClassFileConstants
instanceKlass sun/reflect/ReflectionFactory$1
instanceKlass sun/reflect/ReflectionFactory
instanceKlass org/springframework/objenesis/instantiator/sun/SunReflectionFactoryHelper
instanceKlass org/springframework/objenesis/instantiator/sun/SunReflectionFactoryInstantiator
instanceKlass org/springframework/objenesis/strategy/PlatformDescription
instanceKlass org/springframework/cglib/proxy/Enhancer$2
instanceKlass org/springframework/cglib/proxy/Enhancer$1
instanceKlass org/springframework/cglib/proxy/Enhancer$3
instanceKlass org/springframework/aop/ThrowsAdvice
instanceKlass java/lang/invoke/MethodHandleImpl$CountingWrapper$1
instanceKlass org/springframework/aop/framework/AdvisedSupport$AdvisorKeyEntry
instanceKlass org/springframework/aop/framework/CglibAopProxy$ProxyCallbackFilter
instanceKlass org/springframework/aop/framework/CglibAopProxy$HashCodeInterceptor
instanceKlass org/springframework/aop/framework/CglibAopProxy$EqualsInterceptor
instanceKlass org/springframework/aop/framework/CglibAopProxy$SerializableNoOp
instanceKlass org/springframework/aop/framework/CglibAopProxy$DynamicUnadvisedInterceptor
instanceKlass org/springframework/aop/framework/CglibAopProxy$DynamicAdvisedInterceptor
instanceKlass org/springframework/cloud/netflix/eureka/serviceregistry/EurekaRegistration$Builder
instanceKlass com/netflix/discovery/DiscoveryClient
instanceKlass  @bci org/springframework/aop/framework/CglibAopProxy validateClassIfNecessary (Ljava/lang/Class;Ljava/lang/ClassLoader;)V 33 <appendix> member <vmtarget> ; # org/springframework/aop/framework/CglibAopProxy$$Lambda+0x00000210bf8ea980
instanceKlass org/springframework/aop/framework/CglibAopProxy$AdvisedDispatcher
instanceKlass  @bci org/springframework/cglib/transform/impl/UndeclaredThrowableStrategy <clinit> ()V 0 <appendix> argL0 ; # org/springframework/cglib/transform/impl/UndeclaredThrowableStrategy$$Lambda+0x00000210bf8ea530
instanceKlass  @cpi org/springframework/cglib/transform/impl/UndeclaredThrowableStrategy 86 form vmentry <vmtarget> ; # java/lang/invoke/LambdaForm$DMH+0x00000210bf8e9000
# instanceKlass java/lang/invoke/LambdaForm$DMH+0x00000210bf8e8c00
instanceKlass org/springframework/cglib/transform/MethodFilter
instanceKlass org/springframework/aop/framework/CglibAopProxy
instanceKlass org/springframework/aop/support/DefaultIntroductionAdvisor
instanceKlass org/springframework/aop/support/IntroductionInfoSupport
instanceKlass org/springframework/aop/IntroductionInterceptor
instanceKlass org/springframework/aop/scope/DefaultScopedObject
instanceKlass org/springframework/aop/target/AbstractBeanFactoryBasedTargetSource
instanceKlass  @bci org/springframework/beans/factory/support/DisposableBeanAdapter <init> (Ljava/lang/Object;Ljava/lang/String;Lorg/springframework/beans/factory/support/RootBeanDefinition;Ljava/util/List;)V 317 <appendix> argL0 ; # org/springframework/beans/factory/support/DisposableBeanAdapter$$Lambda+0x00000210bf8edfa8
instanceKlass com/fasterxml/jackson/databind/jsontype/impl/TypeIdResolverBase
instanceKlass com/fasterxml/jackson/databind/jsontype/TypeIdResolver
instanceKlass com/fasterxml/jackson/databind/annotation/JsonTypeIdResolver
instanceKlass com/fasterxml/jackson/annotation/JacksonAnnotation
instanceKlass com/fasterxml/jackson/annotation/JsonRootName
instanceKlass  @bci org/springframework/cloud/netflix/eureka/EurekaClientAutoConfiguration eurekaInstanceConfigBean (Lorg/springframework/cloud/commons/util/InetUtils;Lorg/springframework/cloud/netflix/eureka/metadata/ManagementMetadataProvider;)Lorg/springframework/cloud/netflix/eureka/EurekaInstanceConfigBean; 354 <appendix> member <vmtarget> ; # org/springframework/cloud/netflix/eureka/EurekaClientAutoConfiguration$$Lambda+0x00000210bf8e7440
instanceKlass org/springframework/cloud/commons/util/IdUtils
instanceKlass com/netflix/appinfo/MyDataCenterInfo
instanceKlass com/netflix/appinfo/DataCenterInfo
# instanceKlass java/lang/invoke/LambdaForm$MH+0x00000210bf8e8800
# instanceKlass java/lang/invoke/LambdaForm$MH+0x00000210bf8e8400
instanceKlass org/springframework/cloud/netflix/eureka/metadata/DefaultManagementMetadataProvider
instanceKlass  @bci jdk/internal/reflect/MethodHandleIntegerFieldAccessorImpl setInt (Ljava/lang/Object;I)V 41 <adapter> ; # java/lang/invoke/LambdaForm$MH+0x00000210bf8e8000
instanceKlass org/springframework/core/convert/support/StringToNumberConverterFactory$StringToNumber
instanceKlass org/springframework/boot/util/Instantiator$AvailableParameters
# instanceKlass java/lang/invoke/LambdaForm$MH+0x00000210bf8e3c00
# instanceKlass java/lang/invoke/LambdaForm$MH+0x00000210bf8e3800
instanceKlass org/springframework/web/servlet/resource/ResourceResolverChain
instanceKlass org/springframework/security/core/annotation/AnnotationTemplateExpressionDefaults
instanceKlass org/springframework/security/core/context/SecurityContext
instanceKlass org/springframework/security/core/context/ThreadLocalSecurityContextHolderStrategy
instanceKlass org/springframework/security/core/context/SecurityContextHolder
instanceKlass  @bci org/springframework/data/web/config/SpringDataWebConfiguration <init> (Lorg/springframework/context/ApplicationContext;Lorg/springframework/beans/factory/ObjectFactory;)V 87 <appendix> member <vmtarget> ; # org/springframework/data/web/config/SpringDataWebConfiguration$$Lambda+0x00000210bf8e4228
instanceKlass  @bci org/springframework/data/web/config/SpringDataWebConfiguration <init> (Lorg/springframework/context/ApplicationContext;Lorg/springframework/beans/factory/ObjectFactory;)V 74 <appendix> member <vmtarget> ; # org/springframework/data/web/config/SpringDataWebConfiguration$$Lambda+0x00000210bf8e4000
instanceKlass  @bci org/springframework/data/web/config/SpringDataWebConfiguration <init> (Lorg/springframework/context/ApplicationContext;Lorg/springframework/beans/factory/ObjectFactory;)V 61 <appendix> member <vmtarget> ; # org/springframework/data/web/config/SpringDataWebConfiguration$$Lambda+0x00000210bf8dfc50
instanceKlass  @bci org/springframework/data/web/config/SpringDataWebConfiguration <init> (Lorg/springframework/context/ApplicationContext;Lorg/springframework/beans/factory/ObjectFactory;)V 48 <appendix> member <vmtarget> ; # org/springframework/data/web/config/SpringDataWebConfiguration$$Lambda+0x00000210bf8dfa28
instanceKlass  @bci org/springframework/data/web/config/SpringDataWebConfiguration <init> (Lorg/springframework/context/ApplicationContext;Lorg/springframework/beans/factory/ObjectFactory;)V 35 <appendix> member <vmtarget> ; # org/springframework/data/web/config/SpringDataWebConfiguration$$Lambda+0x00000210bf8df800
instanceKlass org/springframework/boot/autoconfigure/orm/jpa/JpaBaseConfiguration$JpaWebConfiguration$1
instanceKlass org/springframework/web/context/request/async/DeferredResultProcessingInterceptor
# instanceKlass java/lang/invoke/LambdaForm$MH+0x00000210bf8e3400
# instanceKlass java/lang/invoke/LambdaForm$MH+0x00000210bf8e3000
# instanceKlass java/lang/invoke/LambdaForm$MH+0x00000210bf8e2c00
# instanceKlass java/lang/invoke/LambdaForm$MH+0x00000210bf8e2800
# instanceKlass java/lang/invoke/LambdaForm$MH+0x00000210bf8e2400
# instanceKlass java/lang/invoke/LambdaForm$DMH+0x00000210bf8e2000
instanceKlass org/springframework/web/servlet/config/annotation/WebMvcConfigurerComposite
# instanceKlass java/lang/invoke/LambdaForm$MH+0x00000210bf8e1c00
# instanceKlass java/lang/invoke/LambdaForm$MH+0x00000210bf8e1800
# instanceKlass java/lang/invoke/LambdaForm$MH+0x00000210bf8e1400
# instanceKlass java/lang/invoke/LambdaForm$MH+0x00000210bf8e1000
instanceKlass org/springframework/boot/autoconfigure/web/WebProperties$Resources$Cache$Cachecontrol
instanceKlass org/springframework/boot/autoconfigure/web/WebProperties$Resources$Cache
instanceKlass org/springframework/boot/autoconfigure/web/WebProperties$Resources$Chain$Strategy$Content
instanceKlass org/springframework/boot/autoconfigure/web/WebProperties$Resources$Chain$Strategy$Fixed
instanceKlass org/springframework/boot/autoconfigure/web/WebProperties$Resources$Chain$Strategy
instanceKlass org/springframework/boot/autoconfigure/web/servlet/WebMvcAutoConfiguration$ResourceHandlerRegistrationCustomizer
instanceKlass org/springframework/boot/autoconfigure/web/servlet/WebMvcRegistrations
instanceKlass  @bci org/springframework/context/support/DefaultLifecycleProcessor startBeans (Z)V 18 <adapter> ; # java/lang/invoke/LambdaForm$MH+0x00000210bf8e0c00
# instanceKlass java/lang/invoke/LambdaForm$DMH+0x00000210bf8e0800
instanceKlass  @bci org/springframework/context/support/DefaultLifecycleProcessor startBeans (Z)V 18 <appendix> form vmentry <vmtarget> ; # java/lang/invoke/LambdaForm$DMH+0x00000210bf8e0400
instanceKlass  @bci org/springframework/context/support/DefaultLifecycleProcessor startBeans (Z)V 18 <appendix> member <vmtarget> ; # org/springframework/context/support/DefaultLifecycleProcessor$$Lambda+0x00000210bf8dd178
instanceKlass  @cpi org/hibernate/persister/entity/mutation/InsertCoordinatorStandard 401 form vmentry <vmtarget> ; # java/lang/invoke/LambdaForm$DMH+0x00000210bf8e0000
instanceKlass org/springframework/util/ConcurrentReferenceHashMap$EntryIterator
instanceKlass org/springframework/util/ConcurrentReferenceHashMap$KeyIterator
instanceKlass  @bci org/springframework/beans/CachedIntrospectionResults clearClassLoader (Ljava/lang/ClassLoader;)V 44 <appendix> member <vmtarget> ; # org/springframework/beans/CachedIntrospectionResults$$Lambda+0x00000210bf8dc680
instanceKlass  @bci org/springframework/beans/CachedIntrospectionResults clearClassLoader (Ljava/lang/ClassLoader;)V 24 <appendix> member <vmtarget> ; # org/springframework/beans/CachedIntrospectionResults$$Lambda+0x00000210bf8dc428
instanceKlass  @bci org/springframework/beans/CachedIntrospectionResults clearClassLoader (Ljava/lang/ClassLoader;)V 4 <appendix> member <vmtarget> ; # org/springframework/beans/CachedIntrospectionResults$$Lambda+0x00000210bf8dc1d0
instanceKlass feign/ResponseInterceptor
instanceKlass feign/ResponseInterceptor$Chain
instanceKlass feign/ResponseMapper
instanceKlass feign/InvocationHandlerFactory$MethodHandler$Factory
instanceKlass feign/InvocationHandlerFactory
instanceKlass feign/codec/ErrorDecoder
instanceKlass  @bci org/springframework/core/MethodIntrospector selectMethods (Ljava/lang/Class;Lorg/springframework/core/MethodIntrospector$MetadataLookup;)Ljava/util/Map; 102 <appendix> member <vmtarget> ; # org/springframework/core/MethodIntrospector$$Lambda+0x00000210bf8daab8
instanceKlass org/springframework/core/MethodIntrospector
instanceKlass  @bci org/springframework/context/event/EventListenerMethodProcessor processBean (Ljava/lang/String;Ljava/lang/Class;)V 32 <appendix> argL0 ; # org/springframework/context/event/EventListenerMethodProcessor$$Lambda+0x00000210bf8da690
instanceKlass org/springframework/core/MethodIntrospector$MetadataLookup
instanceKlass org/springframework/context/event/EventListener
instanceKlass org/springframework/cloud/openfeign/FeignClientsConfiguration$1
instanceKlass org/springframework/cloud/openfeign/DefaultFeignLoggerFactory
instanceKlass feign/Retryer$1
instanceKlass feign/MethodMetadata
instanceKlass org/springframework/web/bind/annotation/CookieValue
instanceKlass org/springframework/cloud/openfeign/annotation/CookieValueParameterProcessor
instanceKlass org/springframework/web/bind/annotation/RequestPart
instanceKlass org/springframework/cloud/openfeign/annotation/RequestPartParameterProcessor
instanceKlass org/springframework/cloud/openfeign/SpringQueryMap
instanceKlass org/springframework/cloud/openfeign/annotation/QueryMapParameterProcessor
instanceKlass org/springframework/web/bind/annotation/RequestHeader
instanceKlass org/springframework/cloud/openfeign/annotation/RequestHeaderParameterProcessor
instanceKlass org/springframework/web/bind/annotation/RequestParam
instanceKlass org/springframework/cloud/openfeign/annotation/RequestParamParameterProcessor
instanceKlass org/springframework/web/bind/annotation/PathVariable
instanceKlass org/springframework/cloud/openfeign/annotation/PathVariableParameterProcessor
instanceKlass org/springframework/web/bind/annotation/MatrixVariable
instanceKlass org/springframework/cloud/openfeign/annotation/MatrixVariableParameterProcessor
instanceKlass org/springframework/cloud/openfeign/AnnotatedParameterProcessor$AnnotatedParameterContext
instanceKlass feign/Contract$BaseContract
instanceKlass feign/querymap/BeanQueryMapEncoder$ObjectParamMetadata
instanceKlass feign/querymap/BeanQueryMapEncoder
instanceKlass feign/form/UrlencodedFormContentProcessor
instanceKlass feign/form/MultipartFormContentProcessor
instanceKlass feign/form/ContentProcessor
instanceKlass feign/codec/Encoder$Default
instanceKlass org/springframework/cloud/openfeign/support/SpringEncoder
instanceKlass org/springframework/cloud/openfeign/support/PageableSpringEncoder
# instanceKlass java/lang/invoke/LambdaForm$MH+0x00000210bf8d0c00
# instanceKlass java/lang/invoke/LambdaForm$MH+0x00000210bf8d0800
instanceKlass feign/form/multipart/AbstractWriter
instanceKlass feign/Response
instanceKlass org/springframework/http/client/ClientHttpResponse
instanceKlass org/springframework/cloud/openfeign/support/SpringDecoder
instanceKlass org/springframework/cloud/openfeign/support/ResponseEntityDecoder
instanceKlass feign/optionals/OptionalDecoder
instanceKlass org/springframework/cloud/openfeign/support/HttpMessageConverterCustomizer
instanceKlass org/springframework/cloud/openfeign/FeignFormatterRegistrar
instanceKlass org/springframework/cloud/openfeign/AnnotatedParameterProcessor
instanceKlass feign/Logger
instanceKlass org/springframework/cloud/openfeign/clientconfig/FeignClientConfigurer
instanceKlass feign/QueryMapEncoder
instanceKlass feign/codec/Decoder
instanceKlass feign/Contract
instanceKlass feign/Retryer
instanceKlass feign/form/multipart/Writer
instanceKlass org/springframework/cloud/openfeign/FeignClientMicrometerEnabledCondition
instanceKlass org/springframework/cloud/openfeign/FeignClientsConfiguration$DefaultFeignBuilderConfiguration
instanceKlass org/springframework/cloud/openfeign/FeignClientsConfiguration$CircuitBreakerPresentFeignBuilderConfiguration
instanceKlass org/springframework/cloud/openfeign/FeignClientsConfiguration$MicrometerConfiguration
instanceKlass feign/form/FormEncoder
instanceKlass feign/codec/Encoder
instanceKlass  @bci org/springframework/beans/factory/support/AbstractAutowireCapableBeanFactory doCreateBean (Ljava/lang/String;Lorg/springframework/beans/factory/support/RootBeanDefinition;[Ljava/lang/Object;)Ljava/lang/Object; 203 <appendix> member <vmtarget> ; # org/springframework/beans/factory/support/AbstractAutowireCapableBeanFactory$$Lambda+0x00000210bf8ce670
instanceKlass  @bci org/springframework/context/annotation/AnnotationConfigApplicationContext register ([Ljava/lang/Class;)V 20 <appendix> member <vmtarget> ; # org/springframework/context/annotation/AnnotationConfigApplicationContext$$Lambda+0x00000210bf8ce448
instanceKlass org/springframework/cloud/openfeign/FeignLoggerFactory
instanceKlass org/springframework/cloud/openfeign/FeignClientsConfiguration
# instanceKlass java/lang/invoke/LambdaForm$MH+0x00000210bf8d0400
# instanceKlass java/lang/invoke/LambdaForm$MH+0x00000210bf8d0000
instanceKlass org/springframework/data/repository/core/support/RepositoryFactorySupport$ImplementationMethodExecutionInterceptor
instanceKlass org/hibernate/metamodel/model/domain/TupleType
instanceKlass  @bci org/springframework/data/jpa/repository/query/ParameterMetadataProvider next (Lorg/springframework/data/repository/query/parser/Part;)Lorg/springframework/data/jpa/repository/query/ParameterMetadataProvider$ParameterMetadata; 10 <appendix> member <vmtarget> ; # org/springframework/data/jpa/repository/query/ParameterMetadataProvider$$Lambda+0x00000210bf8ca710
instanceKlass org/springframework/data/util/Pair
instanceKlass org/hibernate/query/sqm/tree/select/SqmOrderByClause
instanceKlass org/hibernate/query/sqm/tree/select/SqmSortSpecification
instanceKlass  @bci org/hibernate/query/sqm/tree/domain/AbstractSqmPath resolvePath (Ljava/lang/String;Lorg/hibernate/query/sqm/SqmPathSource;)Lorg/hibernate/query/sqm/tree/domain/SqmPath; 57 <appendix> member <vmtarget> ; # org/hibernate/query/sqm/tree/domain/AbstractSqmPath$$Lambda+0x00000210bf8c8b58
instanceKlass  @bci org/springframework/data/jpa/repository/query/QueryParameterSetterFactory$CriteriaQueryParameterSetterFactory create (Lorg/springframework/data/jpa/repository/query/ParameterBinding;Lorg/springframework/data/jpa/repository/query/DeclaredQuery;)Lorg/springframework/data/jpa/repository/query/QueryParameterSetter; 103 <appendix> member <vmtarget> ; # org/springframework/data/jpa/repository/query/QueryParameterSetterFactory$CriteriaQueryParameterSetterFactory$$Lambda+0x00000210bf8c8910
instanceKlass org/springframework/data/jpa/repository/query/QueryParameterSetter$NamedOrIndexedQueryParameterSetter
instanceKlass  @bci org/springframework/data/jpa/repository/query/QueryParameterSetterFactory$CriteriaQueryParameterSetterFactory create (Lorg/springframework/data/jpa/repository/query/ParameterBinding;Lorg/springframework/data/jpa/repository/query/DeclaredQuery;)Lorg/springframework/data/jpa/repository/query/QueryParameterSetter; 27 <appendix> member <vmtarget> ; # org/springframework/data/jpa/repository/query/QueryParameterSetterFactory$CriteriaQueryParameterSetterFactory$$Lambda+0x00000210bf8c84b8
instanceKlass org/springframework/data/jpa/repository/query/EmptyDeclaredQuery
instanceKlass org/springframework/data/jpa/repository/query/DeclaredQuery
instanceKlass  @bci org/springframework/data/jpa/repository/query/ParameterBinderFactory getBindings (Lorg/springframework/data/jpa/repository/query/JpaParameters;)Ljava/util/List; 59 <appendix> member <vmtarget> ; # org/springframework/data/jpa/repository/query/ParameterBinderFactory$$Lambda+0x00000210bf8c7850
instanceKlass org/springframework/data/jpa/repository/query/ParameterBinding
instanceKlass  @bci org/springframework/data/jpa/repository/query/ParameterBinderFactory getBindings (Lorg/springframework/data/jpa/repository/query/JpaParameters;)Ljava/util/List; 49 <appendix> member <vmtarget> ; # org/springframework/data/jpa/repository/query/ParameterBinderFactory$$Lambda+0x00000210bf8c7178
instanceKlass org/springframework/data/jpa/repository/query/ParameterBinding$BindingIdentifier
instanceKlass org/springframework/data/jpa/repository/query/QueryParameterSetter
instanceKlass org/springframework/data/jpa/repository/query/QueryParameterSetterFactory
instanceKlass org/springframework/data/jpa/repository/query/ParameterBinding$ParameterOrigin
instanceKlass org/springframework/data/jpa/repository/query/ParameterBinderFactory
instanceKlass org/hibernate/query/sqm/tree/predicate/SqmWhereClause
instanceKlass org/hibernate/query/sqm/function/AbstractSqmSelfRenderingFunctionDescriptor$1
instanceKlass org/hibernate/query/internal/QueryHelper
instanceKlass org/hibernate/query/sqm/internal/TypecheckUtil
instanceKlass org/springframework/data/jpa/repository/query/ParameterMetadataProvider$ParameterMetadata
instanceKlass org/hibernate/query/named/NamedQueryMemento$ParameterMemento
instanceKlass org/hibernate/query/spi/QueryParameterImplementor
instanceKlass org/hibernate/query/QueryParameter
instanceKlass org/hibernate/query/sqm/tree/expression/SqmParameter
instanceKlass org/hibernate/query/sqm/internal/SqmCriteriaNodeBuilder$MultiValueParameterType
instanceKlass  @bci org/springframework/data/jpa/repository/query/ParameterMetadataProvider next (Lorg/springframework/data/repository/query/parser/Part;Ljava/lang/Class;Lorg/springframework/data/repository/query/Parameter;)Lorg/springframework/data/jpa/repository/query/ParameterMetadataProvider$ParameterMetadata; 24 <appendix> member <vmtarget> ; # org/springframework/data/jpa/repository/query/ParameterMetadataProvider$$Lambda+0x00000210bf8beda0
instanceKlass org/hibernate/metamodel/model/domain/internal/PathHelper
instanceKlass org/hibernate/query/sqm/tree/domain/SqmSimplePath
instanceKlass  @bci org/hibernate/query/sqm/tree/domain/AbstractSqmFrom getJoins ()Ljava/util/Set; 9 <appendix> argL0 ; # org/hibernate/query/sqm/tree/domain/AbstractSqmFrom$$Lambda+0x00000210bf8bc5d0
instanceKlass  @bci org/hibernate/query/sqm/tree/domain/AbstractSqmFrom getFetches ()Ljava/util/Set; 9 <appendix> argL0 ; # org/hibernate/query/sqm/tree/domain/AbstractSqmFrom$$Lambda+0x00000210bf8bc380
instanceKlass  @bci java/util/regex/Pattern and (Ljava/util/regex/Pattern$CharPredicate;Ljava/util/regex/Pattern$CharPredicate;Z)Ljava/util/regex/Pattern$CharPredicate; 14 <appendix> member <vmtarget> ; # java/util/regex/Pattern$$Lambda+0x00000210bf5f41b0
instanceKlass  @bci java/util/regex/CharPredicates ctype (I)Ljava/util/regex/Pattern$CharPredicate; 1 <appendix> member <vmtarget> ; # java/util/regex/CharPredicates$$Lambda+0x00000210bf5f3f20
instanceKlass org/springframework/data/jpa/repository/query/QueryUtils
instanceKlass org/springframework/data/jpa/repository/query/JpaQueryCreator$PredicateBuilder
instanceKlass  @bci org/springframework/data/repository/query/parser/AbstractQueryCreator createCriteria (Lorg/springframework/data/repository/query/parser/PartTree;)Ljava/lang/Object; 6 <appendix> argL0 ; # org/springframework/data/repository/query/parser/AbstractQueryCreator$$Lambda+0x00000210bf8bbd20
instanceKlass  @bci org/springframework/data/repository/query/parser/AbstractQueryCreator createQuery ()Ljava/lang/Object; 5 <appendix> argL0 ; # org/springframework/data/repository/query/parser/AbstractQueryCreator$$Lambda+0x00000210bf8bb8e8
instanceKlass org/hibernate/query/sqm/spi/SqmCreationHelper
instanceKlass org/hibernate/query/sqm/tree/domain/SqmCorrelation
instanceKlass org/hibernate/query/criteria/JpaEntityJoin
instanceKlass org/hibernate/query/criteria/JpaDerivedJoin
instanceKlass org/hibernate/query/criteria/JpaCrossJoin
instanceKlass org/hibernate/query/sqm/tree/select/SqmAliasedNode
instanceKlass org/hibernate/query/sqm/tree/select/SqmAliasedExpressionContainer
instanceKlass org/hibernate/query/sqm/tree/from/SqmFromClause
instanceKlass org/hibernate/query/criteria/JpaDerivedRoot
instanceKlass org/hibernate/query/criteria/JpaDerivedFrom
instanceKlass org/hibernate/query/sqm/tree/predicate/SqmWhereClauseContainer
instanceKlass org/hibernate/query/sqm/tree/from/SqmFromClauseContainer
instanceKlass org/hibernate/query/criteria/JpaCteCriteria
instanceKlass org/hibernate/query/criteria/JpaQueryStructure
instanceKlass org/hibernate/query/sqm/internal/ParameterCollector
instanceKlass org/springframework/data/jpa/repository/query/ParameterMetadataProvider
instanceKlass org/springframework/data/jpa/repository/query/QueryParameterSetter$QueryMetadataCache
instanceKlass org/springframework/data/repository/query/parser/AbstractQueryCreator
instanceKlass  @bci org/springframework/data/jpa/repository/query/PartTreeJpaQuery lambda$0 (Lorg/springframework/data/repository/query/parser/PartTree;)Ljava/util/Iterator; 4 <appendix> argL0 ; # org/springframework/data/jpa/repository/query/PartTreeJpaQuery$$Lambda+0x00000210bf8b1ca0
instanceKlass  @bci org/springframework/data/jpa/repository/query/PartTreeJpaQuery validate (Lorg/springframework/data/repository/query/parser/PartTree;Lorg/springframework/data/jpa/repository/query/JpaParameters;Ljava/lang/String;)V 3 <appendix> member <vmtarget> ; # org/springframework/data/jpa/repository/query/PartTreeJpaQuery$$Lambda+0x00000210bf8b1a58
instanceKlass  @bci java/lang/reflect/Executable sharedToString (IZ[Ljava/lang/Class;[Ljava/lang/Class;)Ljava/lang/String; 29 <appendix> argL0 ; # java/lang/reflect/Executable$$Lambda+0x00000210bf5f3ac0
instanceKlass  @bci org/springframework/data/repository/query/parser/OrderBySource createOrder (Ljava/lang/String;Ljava/util/Optional;Ljava/util/Optional;)Lorg/springframework/data/domain/Sort$Order; 13 <appendix> member <vmtarget> ; # org/springframework/data/repository/query/parser/OrderBySource$$Lambda+0x00000210bf8b1830
instanceKlass  @bci org/springframework/data/repository/query/parser/OrderBySource lambda$createOrder$2 (Ljava/lang/String;Ljava/util/Optional;Ljava/lang/Class;)Lorg/springframework/data/domain/Sort$Order; 17 <appendix> member <vmtarget> ; # org/springframework/data/repository/query/parser/OrderBySource$$Lambda+0x00000210bf8b1608
instanceKlass  @bci org/springframework/data/repository/query/parser/OrderBySource lambda$createOrder$2 (Ljava/lang/String;Ljava/util/Optional;Ljava/lang/Class;)Lorg/springframework/data/domain/Sort$Order; 8 <appendix> member <vmtarget> ; # org/springframework/data/repository/query/parser/OrderBySource$$Lambda+0x00000210bf8b0f80
instanceKlass  @bci org/springframework/data/repository/query/parser/OrderBySource createOrder (Ljava/lang/String;Ljava/util/Optional;Ljava/util/Optional;)Lorg/springframework/data/domain/Sort$Order; 3 <appendix> member <vmtarget> ; # org/springframework/data/repository/query/parser/OrderBySource$$Lambda+0x00000210bf8b0d38
instanceKlass org/springframework/data/domain/Sort$Order
instanceKlass org/springframework/data/repository/query/parser/OrderBySource
instanceKlass  @bci org/springframework/data/mapping/PropertyPath from (Ljava/lang/String;Lorg/springframework/data/util/TypeInformation;)Lorg/springframework/data/mapping/PropertyPath; 25 <appendix> member <vmtarget> ; # org/springframework/data/mapping/PropertyPath$$Lambda+0x00000210bf8b0210
instanceKlass org/springframework/data/mapping/PropertyPath$Property
instanceKlass  @bci java/util/regex/Pattern union (Ljava/util/regex/Pattern$CharPredicate;Ljava/util/regex/Pattern$CharPredicate;Z)Ljava/util/regex/Pattern$CharPredicate; 14 <appendix> member <vmtarget> ; # java/util/regex/Pattern$$Lambda+0x00000210bf5f3628
instanceKlass  @bci org/springframework/data/repository/query/parser/PartTree$OrPart <init> (Ljava/lang/String;Ljava/lang/Class;Z)V 30 <appendix> member <vmtarget> ; # org/springframework/data/repository/query/parser/PartTree$OrPart$$Lambda+0x00000210bf8af240
instanceKlass org/springframework/data/repository/query/parser/Part
instanceKlass  @bci org/springframework/data/repository/query/parser/PartTree$OrPart <init> (Ljava/lang/String;Ljava/lang/Class;Z)V 18 <appendix> argL0 ; # org/springframework/data/repository/query/parser/PartTree$OrPart$$Lambda+0x00000210bf8aedb8
instanceKlass  @bci org/springframework/data/repository/query/parser/PartTree$Predicate <init> (Ljava/lang/String;Ljava/lang/Class;)V 55 <appendix> member <vmtarget> ; # org/springframework/data/repository/query/parser/PartTree$Predicate$$Lambda+0x00000210bf8aeb70
instanceKlass org/springframework/data/repository/query/parser/PartTree$OrPart
instanceKlass  @bci org/springframework/data/repository/query/parser/PartTree$Predicate <init> (Ljava/lang/String;Ljava/lang/Class;)V 43 <appendix> argL0 ; # org/springframework/data/repository/query/parser/PartTree$Predicate$$Lambda+0x00000210bf8ae5d0
instanceKlass  @bci java/util/regex/CharPredicates forUnicodeBlock (Ljava/lang/String;)Ljava/util/regex/Pattern$CharPredicate; 6 <appendix> member <vmtarget> ; # java/util/regex/CharPredicates$$Lambda+0x00000210bf5f33c0
instanceKlass java/lang/Character$Subset
instanceKlass org/springframework/data/repository/query/parser/PartTree$Predicate
instanceKlass  @bci org/springframework/data/repository/query/parser/PartTree$Subject returnMaxResultsIfFirstKSubjectOrNull (Ljava/util/Optional;)Ljava/util/Optional; 1 <appendix> argL0 ; # org/springframework/data/repository/query/parser/PartTree$Subject$$Lambda+0x00000210bf8ae038
instanceKlass  @bci org/springframework/data/repository/query/parser/PartTree$Subject matches (Ljava/util/Optional;Ljava/util/regex/Pattern;)Z 2 <appendix> member <vmtarget> ; # org/springframework/data/repository/query/parser/PartTree$Subject$$Lambda+0x00000210bf8addf0
instanceKlass  @bci org/springframework/data/repository/query/parser/PartTree$Subject <init> (Ljava/util/Optional;)V 6 <appendix> argL0 ; # org/springframework/data/repository/query/parser/PartTree$Subject$$Lambda+0x00000210bf8adbb0
instanceKlass org/springframework/data/repository/query/parser/PartTree$Subject
instanceKlass  @bci java/util/regex/CharPredicates category (I)Ljava/util/regex/Pattern$CharPredicate; 1 <appendix> member <vmtarget> ; # java/util/regex/CharPredicates$$Lambda+0x00000210bf5f2950
instanceKlass org/springframework/data/repository/query/parser/PartTree
instanceKlass  @bci org/springframework/data/jpa/repository/query/AbstractJpaQuery <init> (Lorg/springframework/data/jpa/repository/query/JpaQueryMethod;Ljakarta/persistence/EntityManager;)V 62 <appendix> member <vmtarget> ; # org/springframework/data/jpa/repository/query/AbstractJpaQuery$$Lambda+0x00000210bf8ad3a8
instanceKlass  @bci org/springframework/data/jpa/repository/query/AbstractJpaQuery <init> (Lorg/springframework/data/jpa/repository/query/JpaQueryMethod;Ljakarta/persistence/EntityManager;)V 6 <appendix> member <vmtarget> ; # org/springframework/data/jpa/repository/query/AbstractJpaQuery$$Lambda+0x00000210bf8ad180
instanceKlass org/springframework/data/jpa/repository/query/ParameterBinder
instanceKlass org/springframework/data/jpa/repository/query/PartTreeJpaQuery$QueryPreparer
instanceKlass org/hibernate/resource/transaction/backend/jdbc/internal/JdbcResourceLocalTransactionCoordinatorImpl$TransactionDriverControlImpl
instanceKlass  @bci org/hibernate/internal/AbstractSharedSessionContract buildNamedQuery (Ljava/lang/String;Ljava/lang/Class;)Lorg/hibernate/query/spi/QueryImplementor; 11 <appendix> member <vmtarget> ; # org/hibernate/internal/AbstractSharedSessionContract$$Lambda+0x00000210bf8abad0
instanceKlass org/hibernate/query/sql/spi/NamedNativeQueryMemento
instanceKlass  @bci org/hibernate/internal/AbstractSharedSessionContract buildNamedQuery (Ljava/lang/String;Ljava/lang/Class;)Lorg/hibernate/query/spi/QueryImplementor; 4 <appendix> member <vmtarget> ; # org/hibernate/internal/AbstractSharedSessionContract$$Lambda+0x00000210bf8ab688
instanceKlass org/hibernate/query/sqm/spi/NamedSqmQueryMemento
instanceKlass org/springframework/data/repository/query/ParametersParameterAccessor
instanceKlass org/springframework/data/repository/query/ParameterAccessor
instanceKlass org/springframework/data/jpa/repository/query/JpaQueryExecution
instanceKlass org/springframework/data/jpa/repository/query/AbstractJpaQuery
instanceKlass org/springframework/data/jpa/repository/Query
instanceKlass  @bci org/springframework/data/jpa/repository/query/JpaQueryMethod <init> (Ljava/lang/reflect/Method;Lorg/springframework/data/repository/core/RepositoryMetadata;Lorg/springframework/data/projection/ProjectionFactory;Lorg/springframework/data/jpa/provider/QueryExtractor;)V 180 <appendix> argL0 ; # org/springframework/data/jpa/repository/query/JpaQueryMethod$$Lambda+0x00000210bf8a88a0
instanceKlass  @bci org/springframework/data/jpa/repository/query/JpaQueryMethod <init> (Ljava/lang/reflect/Method;Lorg/springframework/data/repository/core/RepositoryMetadata;Lorg/springframework/data/projection/ProjectionFactory;Lorg/springframework/data/jpa/provider/QueryExtractor;)V 147 <appendix> member <vmtarget> ; # org/springframework/data/jpa/repository/query/JpaQueryMethod$$Lambda+0x00000210bf8a8678
instanceKlass  @bci org/springframework/data/jpa/repository/query/JpaQueryMethod <init> (Ljava/lang/reflect/Method;Lorg/springframework/data/repository/core/RepositoryMetadata;Lorg/springframework/data/projection/ProjectionFactory;Lorg/springframework/data/jpa/provider/QueryExtractor;)V 134 <appendix> member <vmtarget> ; # org/springframework/data/jpa/repository/query/JpaQueryMethod$$Lambda+0x00000210bf8a8450
instanceKlass  @bci org/springframework/data/jpa/repository/query/JpaQueryMethod <init> (Ljava/lang/reflect/Method;Lorg/springframework/data/repository/core/RepositoryMetadata;Lorg/springframework/data/projection/ProjectionFactory;Lorg/springframework/data/jpa/provider/QueryExtractor;)V 121 <appendix> member <vmtarget> ; # org/springframework/data/jpa/repository/query/JpaQueryMethod$$Lambda+0x00000210bf8a8228
instanceKlass  @bci org/springframework/data/jpa/repository/query/JpaQueryMethod <init> (Ljava/lang/reflect/Method;Lorg/springframework/data/repository/core/RepositoryMetadata;Lorg/springframework/data/projection/ProjectionFactory;Lorg/springframework/data/jpa/provider/QueryExtractor;)V 108 <appendix> member <vmtarget> ; # org/springframework/data/jpa/repository/query/JpaQueryMethod$$Lambda+0x00000210bf8a8000
instanceKlass  @bci org/springframework/data/jpa/repository/query/JpaQueryMethod <init> (Ljava/lang/reflect/Method;Lorg/springframework/data/repository/core/RepositoryMetadata;Lorg/springframework/data/projection/ProjectionFactory;Lorg/springframework/data/jpa/provider/QueryExtractor;)V 95 <appendix> member <vmtarget> ; # org/springframework/data/jpa/repository/query/JpaQueryMethod$$Lambda+0x00000210bf8a7bd0
instanceKlass  @bci org/springframework/data/jpa/repository/query/JpaQueryMethod <init> (Ljava/lang/reflect/Method;Lorg/springframework/data/repository/core/RepositoryMetadata;Lorg/springframework/data/projection/ProjectionFactory;Lorg/springframework/data/jpa/provider/QueryExtractor;)V 82 <appendix> member <vmtarget> ; # org/springframework/data/jpa/repository/query/JpaQueryMethod$$Lambda+0x00000210bf8a79a8
instanceKlass org/springframework/data/jpa/repository/query/JpaEntityGraph
instanceKlass  @bci org/springframework/data/jpa/repository/query/JpaQueryMethod <init> (Ljava/lang/reflect/Method;Lorg/springframework/data/repository/core/RepositoryMetadata;Lorg/springframework/data/projection/ProjectionFactory;Lorg/springframework/data/jpa/provider/QueryExtractor;)V 68 <appendix> member <vmtarget> ; # org/springframework/data/jpa/repository/query/JpaQueryMethod$$Lambda+0x00000210bf8a7550
instanceKlass org/springframework/data/jpa/repository/Modifying
instanceKlass  @bci org/springframework/data/jpa/repository/query/JpaQueryMethod <init> (Ljava/lang/reflect/Method;Lorg/springframework/data/repository/core/RepositoryMetadata;Lorg/springframework/data/projection/ProjectionFactory;Lorg/springframework/data/jpa/provider/QueryExtractor;)V 55 <appendix> member <vmtarget> ; # org/springframework/data/jpa/repository/query/JpaQueryMethod$$Lambda+0x00000210bf8a7128
instanceKlass org/springframework/data/jpa/repository/QueryHints
instanceKlass  @bci org/springframework/data/jpa/repository/query/JpaQueryMethod <init> (Ljava/lang/reflect/Method;Lorg/springframework/data/repository/core/RepositoryMetadata;Lorg/springframework/data/projection/ProjectionFactory;Lorg/springframework/data/jpa/provider/QueryExtractor;)V 42 <appendix> member <vmtarget> ; # org/springframework/data/jpa/repository/query/JpaQueryMethod$$Lambda+0x00000210bf8a6d00
instanceKlass  @bci org/springframework/data/repository/query/QueryMethod validate ()V 101 <appendix> member <vmtarget> ; # org/springframework/data/repository/query/QueryMethod$$Lambda+0x00000210bf8a6ad8
instanceKlass  @bci org/springframework/data/repository/util/ClassUtils hasParameterAssignableToType (Ljava/lang/reflect/Method;Ljava/lang/Class;)Z 18 <appendix> member <vmtarget> ; # org/springframework/data/repository/util/ClassUtils$$Lambda+0x00000210bf8a6880
instanceKlass  @bci org/springframework/data/repository/query/QueryMethod$QueryMethodValidator <clinit> ()V 0 <appendix> argL0 ; # org/springframework/data/repository/query/QueryMethod$QueryMethodValidator$$Lambda+0x00000210bf8a6630
instanceKlass org/springframework/data/repository/query/QueryMethod$QueryMethodValidator
instanceKlass  @bci org/springframework/data/repository/query/QueryMethod <init> (Ljava/lang/reflect/Method;Lorg/springframework/data/repository/core/RepositoryMetadata;Lorg/springframework/data/projection/ProjectionFactory;)V 118 <appendix> member <vmtarget> ; # org/springframework/data/repository/query/QueryMethod$$Lambda+0x00000210bf8a6200
instanceKlass org/springframework/data/repository/query/ResultProcessor$ProjectingConverter
instanceKlass  @bci org/springframework/data/repository/query/ReturnedType of (Ljava/lang/Class;Ljava/lang/Class;Lorg/springframework/data/projection/ProjectionFactory;)Lorg/springframework/data/repository/query/ReturnedType; 33 <appendix> member <vmtarget> ; # org/springframework/data/repository/query/ReturnedType$$Lambda+0x00000210bf8a5d70
instanceKlass org/springframework/data/repository/query/ReturnedType$CacheKey
instanceKlass org/springframework/data/repository/query/ReturnedType
instanceKlass org/springframework/data/repository/query/ResultProcessor
instanceKlass  @bci org/springframework/data/repository/query/QueryMethod <init> (Ljava/lang/reflect/Method;Lorg/springframework/data/repository/core/RepositoryMetadata;Lorg/springframework/data/projection/ProjectionFactory;)V 92 <appendix> member <vmtarget> ; # org/springframework/data/repository/query/QueryMethod$$Lambda+0x00000210bf8a5040
instanceKlass  @bci org/springframework/data/repository/query/Parameters <init> (Ljava/util/List;)V 187 <appendix> member <vmtarget> ; # org/springframework/data/repository/query/Parameters$$Lambda+0x00000210bf8a4e18
instanceKlass  @bci org/springframework/data/repository/query/Parameters <init> (Lorg/springframework/data/repository/query/ParametersSource;Ljava/util/function/Function;)V 267 <appendix> member <vmtarget> ; # org/springframework/data/repository/query/Parameters$$Lambda+0x00000210bf8a4bf0
instanceKlass org/springframework/data/jpa/repository/Temporal
instanceKlass  @bci org/springframework/data/repository/query/Parameter <init> (Lorg/springframework/core/MethodParameter;Lorg/springframework/data/util/TypeInformation;)V 59 <appendix> member <vmtarget> ; # org/springframework/data/repository/query/Parameter$$Lambda+0x00000210bf8a47c8
instanceKlass  @bci org/springframework/data/repository/query/Parameter <clinit> ()V 49 <appendix> member <vmtarget> ; # org/springframework/data/repository/query/Parameter$$Lambda+0x00000210bf8a4590
instanceKlass  @bci org/springframework/data/jpa/repository/query/JpaParameters <init> (Lorg/springframework/data/repository/query/ParametersSource;)V 3 <appendix> member <vmtarget> ; # org/springframework/data/jpa/repository/query/JpaParameters$$Lambda+0x00000210bf8a4348
instanceKlass org/springframework/data/repository/query/Parameter
instanceKlass org/springframework/data/repository/query/ParametersSource$2
instanceKlass org/springframework/data/repository/query/ParametersSource
instanceKlass org/springframework/data/repository/util/ReactiveWrapperConverters$RegistryHolder
instanceKlass org/springframework/data/repository/util/ReactiveWrapperConverters$ReactiveTypeWrapper
instanceKlass org/springframework/data/repository/util/ReactiveWrapperConverters
instanceKlass  @bci org/springframework/data/repository/util/QueryExecutionConverters supports (Ljava/lang/Class;)Z 11 <appendix> member <vmtarget> ; # org/springframework/data/repository/util/QueryExecutionConverters$$Lambda+0x00000210bf8a1140
instanceKlass  @bci org/springframework/data/repository/query/QueryMethod <init> (Ljava/lang/reflect/Method;Lorg/springframework/data/repository/core/RepositoryMetadata;Lorg/springframework/data/projection/ProjectionFactory;)V 47 <appendix> member <vmtarget> ; # org/springframework/data/repository/query/QueryMethod$$Lambda+0x00000210bf8a0f08
instanceKlass  @bci org/springframework/data/repository/util/ClassUtils getNumberOfOccurrences (Ljava/lang/reflect/Method;Ljava/lang/Class;)I 13 <appendix> member <vmtarget> ; # org/springframework/data/repository/util/ClassUtils$$Lambda+0x00000210bf8a0cb0
instanceKlass  @bci org/springframework/data/repository/query/QueryMethod <init> (Ljava/lang/reflect/Method;Lorg/springframework/data/repository/core/RepositoryMetadata;Lorg/springframework/data/projection/ProjectionFactory;)V 31 <appendix> member <vmtarget> ; # org/springframework/data/repository/query/QueryMethod$$Lambda+0x00000210bf8a0a58
instanceKlass org/springframework/data/repository/query/Param
instanceKlass org/springframework/data/domain/Limit
instanceKlass org/springframework/data/domain/ScrollPosition
instanceKlass org/springframework/data/repository/query/Parameters
instanceKlass  @bci org/springframework/data/util/StreamUtils toUnmodifiableList ()Ljava/util/stream/Collector; 3 <appendix> argL0 ; # org/springframework/data/util/StreamUtils$$Lambda+0x00000210bf89ef58
instanceKlass  @bci org/springframework/data/repository/core/support/QueryExecutorMethodInterceptor <init> (Lorg/springframework/data/repository/core/RepositoryInformation;Lorg/springframework/data/projection/ProjectionFactory;Ljava/util/Optional;Lorg/springframework/data/repository/core/NamedQueries;Ljava/util/List;Ljava/util/List;)V 117 <appendix> member <vmtarget> ; # org/springframework/data/repository/core/support/QueryExecutorMethodInterceptor$$Lambda+0x00000210bf89ed10
instanceKlass org/springframework/data/repository/core/support/QueryExecutionResultHandler
instanceKlass org/springframework/data/repository/core/support/RepositoryMethodInvoker
instanceKlass org/springframework/data/repository/core/support/QueryExecutorMethodInterceptor
instanceKlass org/springframework/data/jpa/repository/query/JpaQueryLookupStrategy$NoQuery
instanceKlass org/springframework/data/jpa/repository/query/JpaQueryLookupStrategy$AbstractQueryLookupStrategy
instanceKlass org/springframework/data/repository/query/QueryLookupStrategy
instanceKlass org/springframework/data/repository/query/RepositoryQuery
instanceKlass org/springframework/data/jpa/repository/query/JpaQueryLookupStrategy
instanceKlass  @bci org/springframework/data/repository/query/CachingValueExpressionDelegate <init> (Lorg/springframework/data/repository/query/ValueExpressionDelegate;)V 22 <appendix> member <vmtarget> ; # org/springframework/data/repository/query/CachingValueExpressionDelegate$$Lambda+0x00000210bf89c868
instanceKlass  @bci org/springframework/data/projection/DefaultMethodInvokingMethodInterceptor hasDefaultMethods (Ljava/lang/Class;)Z 15 <appendix> argL0 ; # org/springframework/data/projection/DefaultMethodInvokingMethodInterceptor$$Lambda+0x00000210bf89c638
instanceKlass  @bci org/springframework/data/projection/DefaultMethodInvokingMethodInterceptor hasDefaultMethods (Ljava/lang/Class;)Z 10 <appendix> member <vmtarget> ; # org/springframework/data/projection/DefaultMethodInvokingMethodInterceptor$$Lambda+0x00000210bf89c410
instanceKlass  @bci org/springframework/data/repository/core/support/EventPublishingRepositoryProxyPostProcessor$EventPublishingMethod of (Ljava/lang/Class;)Lorg/springframework/data/repository/core/support/EventPublishingRepositoryProxyPostProcessor$EventPublishingMethod; 36 <appendix> member <vmtarget> ; # org/springframework/data/repository/core/support/EventPublishingRepositoryProxyPostProcessor$EventPublishingMethod$$Lambda+0x00000210bf89c1e8
instanceKlass org/springframework/data/util/AnnotationDetectionMethodCallback
instanceKlass org/springframework/data/domain/DomainEvents
instanceKlass org/springframework/data/repository/core/support/EventPublishingRepositoryProxyPostProcessor$EventPublishingMethod
instanceKlass org/springframework/data/jpa/repository/query/Procedure
instanceKlass org/springframework/aop/TruePointcut
instanceKlass org/springframework/aop/DynamicIntroductionAdvice
instanceKlass  @bci org/springframework/data/repository/core/RepositoryInformationSupport isQueryMethod (Ljava/lang/reflect/Method;)Z 10 <appendix> member <vmtarget> ; # org/springframework/data/repository/core/RepositoryInformationSupport$$Lambda+0x00000210bf89ab08
instanceKlass  @bci org/springframework/data/jpa/repository/support/CrudMethodMetadataPostProcessor$CrudMethodMetadataPopulatingMethodInterceptor <init> (Lorg/springframework/data/repository/core/RepositoryInformation;)V 47 <appendix> member <vmtarget> ; # org/springframework/data/jpa/repository/support/CrudMethodMetadataPostProcessor$CrudMethodMetadataPopulatingMethodInterceptor$$Lambda+0x00000210bf89a8d0
instanceKlass  @bci org/springframework/data/jpa/repository/support/CrudMethodMetadataPostProcessor$CrudMethodMetadataPopulatingMethodInterceptor <init> (Lorg/springframework/data/repository/core/RepositoryInformation;)V 41 <appendix> member <vmtarget> ; # org/springframework/data/jpa/repository/support/CrudMethodMetadataPostProcessor$CrudMethodMetadataPopulatingMethodInterceptor$$Lambda+0x00000210bf89a6a8
instanceKlass org/springframework/data/jpa/repository/support/CrudMethodMetadataPostProcessor$CrudMethodMetadataPopulatingMethodInterceptor
instanceKlass  @bci org/springframework/data/repository/core/support/RepositoryFactorySupport getRepository (Ljava/lang/Class;Lorg/springframework/data/repository/core/support/RepositoryComposition$RepositoryFragments;)Ljava/lang/Object; 439 <appendix> member <vmtarget> ; # org/springframework/data/repository/core/support/RepositoryFactorySupport$$Lambda+0x00000210bf89a230
instanceKlass java/lang/Package$1PackageInfoProxy
instanceKlass  @bci java/lang/Package getPackageInfo ()Ljava/lang/Class; 41 <appendix> member <vmtarget> ; # java/lang/Package$$Lambda+0x00000210bf5f1d08
instanceKlass org/springframework/lang/NonNullApi
instanceKlass  @bci org/springframework/data/util/NullableUtils findClasses ([Ljava/lang/String;)Ljava/util/Set; 24 <appendix> argL0 ; # org/springframework/data/util/NullableUtils$$Lambda+0x00000210bf899df0
instanceKlass  @bci org/springframework/data/util/NullableUtils findClasses ([Ljava/lang/String;)Ljava/util/Set; 14 <appendix> argL0 ; # org/springframework/data/util/NullableUtils$$Lambda+0x00000210bf899ba0
instanceKlass  @bci org/springframework/data/util/NullableUtils findClasses ([Ljava/lang/String;)Ljava/util/Set; 4 <appendix> argL0 ; # org/springframework/data/util/NullableUtils$$Lambda+0x00000210bf899960
instanceKlass org/springframework/data/util/NullableUtils
instanceKlass org/springframework/data/repository/core/support/MethodInvocationValidator
instanceKlass org/springframework/aop/target/SingletonTargetSource
instanceKlass  @bci org/springframework/data/repository/core/support/RepositoryFactorySupport$RepositoryValidator containsFragmentImplementation (Lorg/springframework/data/repository/core/support/RepositoryComposition;Ljava/lang/Class;)Z 39 <appendix> member <vmtarget> ; # org/springframework/data/repository/core/support/RepositoryFactorySupport$RepositoryValidator$$Lambda+0x00000210bf899048
instanceKlass  @bci org/springframework/data/repository/core/support/MethodLookups$RepositoryAwareMethodLookup lambda$getLookups$3 (Lorg/springframework/data/repository/core/support/MethodLookup$InvokedMethod;Ljava/lang/reflect/Method;)Z 24 <appendix> member <vmtarget> ; # org/springframework/data/repository/core/support/MethodLookups$RepositoryAwareMethodLookup$$Lambda+0x00000210bf898df0
instanceKlass  @bci org/springframework/data/repository/core/support/MethodLookups$RepositoryAwareMethodLookup lambda$getLookups$3 (Lorg/springframework/data/repository/core/support/MethodLookup$InvokedMethod;Ljava/lang/reflect/Method;)Z 14 <appendix> member <vmtarget> ; # org/springframework/data/repository/core/support/MethodLookups$RepositoryAwareMethodLookup$$Lambda+0x00000210bf898b98
instanceKlass  @bci org/springframework/data/repository/core/support/MethodLookups$RepositoryAwareMethodLookup lambda$getLookups$3 (Lorg/springframework/data/repository/core/support/MethodLookup$InvokedMethod;Ljava/lang/reflect/Method;)Z 5 <appendix> member <vmtarget> ; # org/springframework/data/repository/core/support/MethodLookups$RepositoryAwareMethodLookup$$Lambda+0x00000210bf898940
instanceKlass  @bci org/springframework/data/repository/core/support/RepositoryComposition$RepositoryFragments findMethod (Lorg/springframework/data/repository/core/support/MethodLookup$InvokedMethod;Lorg/springframework/data/repository/core/support/MethodLookup;Ljava/util/function/Supplier;)Ljava/lang/reflect/Method; 44 <appendix> member <vmtarget> ; # org/springframework/data/repository/core/support/RepositoryComposition$RepositoryFragments$$Lambda+0x00000210bf8986e8
instanceKlass  @bci org/springframework/data/repository/core/support/RepositoryComposition$RepositoryFragments methods ()Ljava/util/stream/Stream; 4 <appendix> argL0 ; # org/springframework/data/repository/core/support/RepositoryComposition$RepositoryFragments$$Lambda+0x00000210bf8984a8
instanceKlass  @bci org/springframework/data/repository/core/support/MethodLookups$RepositoryAwareMethodLookup getLookups ()Ljava/util/List; 1 <appendix> member <vmtarget> ; # org/springframework/data/repository/core/support/MethodLookups$RepositoryAwareMethodLookup$$Lambda+0x00000210bf898228
instanceKlass  @bci org/springframework/data/repository/core/support/RepositoryComposition lambda$getMethod$2 (Ljava/lang/reflect/Method;)Ljava/lang/reflect/Method; 17 <appendix> member <vmtarget> ; # org/springframework/data/repository/core/support/RepositoryComposition$$Lambda+0x00000210bf898000
instanceKlass  @bci org/springframework/data/repository/core/support/RepositoryComposition getMethod (Ljava/lang/reflect/Method;)Ljava/lang/reflect/Method; 6 <appendix> member <vmtarget> ; # org/springframework/data/repository/core/support/RepositoryComposition$$Lambda+0x00000210bf897c48
instanceKlass  @bci org/springframework/core/annotation/AnnotationUtils findAnnotation (Ljava/lang/reflect/Method;Ljava/lang/Class;)Ljava/lang/annotation/Annotation; 52 <appendix> argL0 ; # org/springframework/core/annotation/AnnotationUtils$$Lambda+0x00000210bf8979f8
instanceKlass org/springframework/data/annotation/QueryAnnotation
instanceKlass  @bci org/springframework/data/repository/core/RepositoryInformationSupport calculateQueryMethods ()Lorg/springframework/data/repository/core/RepositoryInformationSupport$DefaultQueryMethods; 28 <appendix> member <vmtarget> ; # org/springframework/data/repository/core/RepositoryInformationSupport$$Lambda+0x00000210bf8975a0
instanceKlass  @bci org/springframework/data/repository/core/RepositoryInformationSupport calculateQueryMethods ()Lorg/springframework/data/repository/core/RepositoryInformationSupport$DefaultQueryMethods; 17 <appendix> member <vmtarget> ; # org/springframework/data/repository/core/RepositoryInformationSupport$$Lambda+0x00000210bf897358
instanceKlass org/springframework/data/repository/query/ReactiveQueryByExampleExecutor
instanceKlass  @bci org/springframework/data/repository/core/support/RepositoryFactorySupport$RepositoryValidator <clinit> ()V 64 <appendix> argL0 ; # org/springframework/data/repository/core/support/RepositoryFactorySupport$RepositoryValidator$$Lambda+0x00000210bf896f28
instanceKlass  @bci org/springframework/data/repository/core/support/RepositoryFactorySupport$RepositoryValidator <clinit> ()V 49 <appendix> argL0 ; # org/springframework/data/repository/core/support/RepositoryFactorySupport$RepositoryValidator$$Lambda+0x00000210bf896cf8
instanceKlass org/springframework/data/querydsl/ReactiveQuerydslPredicateExecutor
instanceKlass  @bci org/springframework/data/repository/core/support/RepositoryFactorySupport$RepositoryValidator <clinit> ()V 34 <appendix> argL0 ; # org/springframework/data/repository/core/support/RepositoryFactorySupport$RepositoryValidator$$Lambda+0x00000210bf8968c8
instanceKlass org/springframework/data/querydsl/QuerydslPredicateExecutor
instanceKlass  @bci org/springframework/data/repository/core/support/RepositoryFactorySupport$RepositoryValidator <clinit> ()V 19 <appendix> argL0 ; # org/springframework/data/repository/core/support/RepositoryFactorySupport$RepositoryValidator$$Lambda+0x00000210bf896498
instanceKlass org/springframework/data/repository/core/support/RepositoryFactorySupport$RepositoryValidator
instanceKlass org/springframework/data/repository/core/support/RepositoryFragment$ImplementedRepositoryFragment
instanceKlass  @bci org/springframework/data/repository/core/support/RepositoryFactorySupport instantiateClass (Ljava/lang/Class;[Ljava/lang/Object;)Ljava/lang/Object; 18 <appendix> member <vmtarget> ; # org/springframework/data/repository/core/support/RepositoryFactorySupport$$Lambda+0x00000210bf8953c0
instanceKlass  @bci org/springframework/data/repository/core/support/RepositoryFactorySupport instantiateClass (Ljava/lang/Class;[Ljava/lang/Object;)Ljava/lang/Object; 8 <appendix> member <vmtarget> ; # org/springframework/data/repository/core/support/RepositoryFactorySupport$$Lambda+0x00000210bf895178
instanceKlass  @bci org/springframework/data/util/ReflectionUtils findConstructor (Ljava/lang/Class;[Ljava/lang/Object;)Ljava/util/Optional; 20 <appendix> member <vmtarget> ; # org/springframework/data/util/ReflectionUtils$$Lambda+0x00000210bf894f20
instanceKlass org/springframework/data/jpa/domain/Specification
instanceKlass org/springframework/data/jpa/repository/support/JpaMetamodelEntityInformation$IdMetadata
instanceKlass org/springframework/data/jpa/repository/query/DefaultJpaEntityMetadata
instanceKlass org/springframework/data/domain/Persistable
instanceKlass org/springframework/data/repository/core/support/AbstractEntityInformation
instanceKlass org/springframework/data/jpa/repository/support/JpaEntityInformation
instanceKlass org/springframework/data/jpa/repository/query/JpaEntityMetadata
instanceKlass  @bci org/springframework/data/repository/core/support/RepositoryFactorySupport getRepository (Ljava/lang/Class;Lorg/springframework/data/repository/core/support/RepositoryComposition$RepositoryFragments;)Ljava/lang/Object; 159 <appendix> member <vmtarget> ; # org/springframework/data/repository/core/support/RepositoryFactorySupport$$Lambda+0x00000210bf8934d8
instanceKlass org/springframework/data/repository/core/support/RepositoryFragment$StructuralRepositoryFragment
instanceKlass  @bci org/springframework/data/repository/core/RepositoryInformationSupport <init> (Ljava/util/function/Supplier;Ljava/util/function/Supplier;)V 34 <appendix> member <vmtarget> ; # org/springframework/data/repository/core/RepositoryInformationSupport$$Lambda+0x00000210bf893040
instanceKlass org/springframework/data/repository/core/RepositoryInformationSupport$DefaultQueryMethods
instanceKlass  @bci org/springframework/data/repository/core/support/DefaultRepositoryInformation <init> (Lorg/springframework/data/repository/core/RepositoryMetadata;Ljava/lang/Class;Lorg/springframework/data/repository/core/support/RepositoryComposition;)V 8 <appendix> member <vmtarget> ; # org/springframework/data/repository/core/support/DefaultRepositoryInformation$$Lambda+0x00000210bf892c08
instanceKlass  @bci org/springframework/data/repository/core/support/DefaultRepositoryInformation <init> (Lorg/springframework/data/repository/core/RepositoryMetadata;Ljava/lang/Class;Lorg/springframework/data/repository/core/support/RepositoryComposition;)V 2 <appendix> member <vmtarget> ; # org/springframework/data/repository/core/support/DefaultRepositoryInformation$$Lambda+0x00000210bf8929e0
instanceKlass org/springframework/data/repository/core/RepositoryInformationSupport
instanceKlass org/springframework/data/jpa/repository/support/SimpleJpaRepository
instanceKlass org/springframework/data/jpa/repository/support/JpaRepositoryImplementation
instanceKlass org/springframework/data/jpa/repository/JpaSpecificationExecutor
instanceKlass  @bci org/springframework/data/repository/core/support/MethodLookup and (Lorg/springframework/data/repository/core/support/MethodLookup;)Lorg/springframework/data/repository/core/support/MethodLookup; 8 <appendix> member <vmtarget> ; # org/springframework/data/repository/core/support/MethodLookup$$Lambda+0x00000210bf8913c0
instanceKlass org/springframework/data/repository/core/support/MethodLookups$RepositoryAwareMethodLookup
instanceKlass  @bci org/springframework/data/repository/core/support/MethodLookups direct ()Lorg/springframework/data/repository/core/support/MethodLookup; 7 <appendix> member <vmtarget> ; # org/springframework/data/repository/core/support/MethodLookups$$Lambda+0x00000210bf890f40
instanceKlass  @bci org/springframework/data/repository/core/support/MethodLookups direct ()Lorg/springframework/data/repository/core/support/MethodLookup; 0 <appendix> argL0 ; # org/springframework/data/repository/core/support/MethodLookups$$Lambda+0x00000210bf890cc8
instanceKlass org/springframework/data/repository/core/support/MethodLookups
instanceKlass  @bci org/springframework/data/repository/core/support/RepositoryComposition <clinit> ()V 8 <appendix> argL0 ; # org/springframework/data/repository/core/support/RepositoryComposition$$Lambda+0x00000210bf890898
instanceKlass  @bci org/springframework/data/repository/core/support/RepositoryComposition <clinit> ()V 0 <appendix> argL0 ; # org/springframework/data/repository/core/support/RepositoryComposition$$Lambda+0x00000210bf890668
instanceKlass  @bci org/springframework/data/repository/core/support/RepositoryFactorySupport getRepositoryStub (Lorg/springframework/data/repository/core/RepositoryMetadata;Lorg/springframework/data/repository/core/support/RepositoryComposition$RepositoryFragments;)Lorg/springframework/data/repository/core/support/RepositoryFactorySupport$RepositoryStub; 26 <appendix> member <vmtarget> ; # org/springframework/data/repository/core/support/RepositoryFactorySupport$$Lambda+0x00000210bf890420
instanceKlass org/springframework/data/repository/core/support/RepositoryFactorySupport$RepositoryInformationCacheKey
instanceKlass org/springframework/beans/factory/config/NamedBeanHolder
instanceKlass org/springframework/beans/factory/NamedBean
instanceKlass  @bci org/springframework/data/mapping/model/ClassGeneratingPropertyAccessorFactory hasUniquePropertyHashCodes (Lorg/springframework/data/mapping/PersistentEntity;)Z 32 <appendix> member <vmtarget> ; # org/springframework/data/mapping/model/ClassGeneratingPropertyAccessorFactory$$Lambda+0x00000210bf88f918
instanceKlass org/springframework/data/mapping/SimpleAssociationHandler
instanceKlass  @bci org/springframework/data/mapping/model/ClassGeneratingPropertyAccessorFactory hasUniquePropertyHashCodes (Lorg/springframework/data/mapping/PersistentEntity;)Z 19 <appendix> member <vmtarget> ; # org/springframework/data/mapping/model/ClassGeneratingPropertyAccessorFactory$$Lambda+0x00000210bf88f4f0
instanceKlass org/springframework/data/mapping/SimplePropertyHandler
instanceKlass  @bci org/springframework/data/jpa/mapping/JpaPersistentEntityImpl verify ()V 33 <appendix> member <vmtarget> ; # org/springframework/data/jpa/mapping/JpaPersistentEntityImpl$$Lambda+0x00000210bf88f0c8
instanceKlass  @bci org/springframework/data/mapping/context/AbstractMappingContext$PersistentPropertyFilter matches (Lorg/springframework/data/mapping/model/Property;)Z 24 <appendix> member <vmtarget> ; # org/springframework/data/mapping/context/AbstractMappingContext$PersistentPropertyFilter$$Lambda+0x00000210bf88ee70
instanceKlass  @bci org/springframework/data/util/TypeDiscoverer getPropertyInformation (Ljava/lang/String;)Ljava/util/Optional; 59 <appendix> argL0 ; # org/springframework/data/util/TypeDiscoverer$$Lambda+0x00000210bf88ec30
instanceKlass  @bci org/springframework/data/util/TypeDiscoverer getPropertyInformation (Ljava/lang/String;)Ljava/util/Optional; 51 <appendix> member <vmtarget> ; # org/springframework/data/util/TypeDiscoverer$$Lambda+0x00000210bf88e9e8
instanceKlass  @bci org/springframework/data/util/TypeDiscoverer getPropertyInformation (Ljava/lang/String;)Ljava/util/Optional; 41 <appendix> member <vmtarget> ; # org/springframework/data/util/TypeDiscoverer$$Lambda+0x00000210bf88e790
instanceKlass  @bci org/springframework/data/mapping/context/AbstractMappingContext$PersistentPropertyCreator addPropertiesForRemainingDescriptors ()V 54 <appendix> member <vmtarget> ; # org/springframework/data/mapping/context/AbstractMappingContext$PersistentPropertyCreator$$Lambda+0x00000210bf88e558
instanceKlass  @bci org/springframework/data/mapping/context/AbstractMappingContext$PersistentPropertyCreator addPropertiesForRemainingDescriptors ()V 43 <appendix> member <vmtarget> ; # org/springframework/data/mapping/context/AbstractMappingContext$PersistentPropertyCreator$$Lambda+0x00000210bf88e300
instanceKlass  @bci org/springframework/data/mapping/context/AbstractMappingContext$PersistentPropertyCreator addPropertiesForRemainingDescriptors ()V 25 <appendix> member <vmtarget> ; # org/springframework/data/mapping/context/AbstractMappingContext$PersistentPropertyCreator$$Lambda+0x00000210bf88e0b8
instanceKlass  @bci org/springframework/data/mapping/context/AbstractMappingContext$PersistentPropertyCreator addPropertiesForRemainingDescriptors ()V 14 <appendix> argL0 ; # org/springframework/data/mapping/context/AbstractMappingContext$PersistentPropertyCreator$$Lambda+0x00000210bf88de68
instanceKlass  @bci org/springframework/data/jpa/util/JpaMetamodel isSingleIdAttribute (Ljava/lang/Class;Ljava/lang/String;Ljava/lang/Class;)Z 48 <appendix> member <vmtarget> ; # org/springframework/data/jpa/util/JpaMetamodel$$Lambda+0x00000210bf88dc20
instanceKlass org/hibernate/metamodel/model/domain/internal/BasicTypeImpl
instanceKlass  @bci org/springframework/data/jpa/util/JpaMetamodel isSingleIdAttribute (Ljava/lang/Class;Ljava/lang/String;Ljava/lang/Class;)Z 39 <appendix> member <vmtarget> ; # org/springframework/data/jpa/util/JpaMetamodel$$Lambda+0x00000210bf88d430
instanceKlass  @bci org/springframework/data/jpa/util/JpaMetamodel getSingularIdAttribute (Ljakarta/persistence/metamodel/EntityType;)Ljava/util/Optional; 24 <appendix> argL0 ; # org/springframework/data/jpa/util/JpaMetamodel$$Lambda+0x00000210bf88d1e0
instanceKlass  @bci org/springframework/data/jpa/util/JpaMetamodel isSingleIdAttribute (Ljava/lang/Class;Ljava/lang/String;Ljava/lang/Class;)Z 30 <appendix> argL0 ; # org/springframework/data/jpa/util/JpaMetamodel$$Lambda+0x00000210bf88cfa0
instanceKlass  @bci org/springframework/data/jpa/util/JpaMetamodel isSingleIdAttribute (Ljava/lang/Class;Ljava/lang/String;Ljava/lang/Class;)Z 15 <appendix> member <vmtarget> ; # org/springframework/data/jpa/util/JpaMetamodel$$Lambda+0x00000210bf88cd48
instanceKlass  @bci org/hibernate/metamodel/model/domain/internal/JpaMetamodelImpl getEntities ()Ljava/util/Set; 26 <appendix> argL0 ; # org/hibernate/metamodel/model/domain/internal/JpaMetamodelImpl$$Lambda+0x00000210bf88cb08
instanceKlass  @bci org/hibernate/metamodel/model/domain/internal/JpaMetamodelImpl getEntities ()Ljava/util/Set; 16 <appendix> member <vmtarget> ; # org/hibernate/metamodel/model/domain/internal/JpaMetamodelImpl$$Lambda+0x00000210bf88c8b0
instanceKlass org/hibernate/metamodel/model/domain/internal/JpaMetamodelImpl$1
instanceKlass  @bci org/springframework/data/mapping/context/AbstractMappingContext$PersistentPropertyCreator createAndRegisterProperty (Lorg/springframework/data/mapping/model/Property;)V 119 <appendix> member <vmtarget> ; # org/springframework/data/mapping/context/AbstractMappingContext$PersistentPropertyCreator$$Lambda+0x00000210bf88c470
instanceKlass  @bci org/springframework/data/mapping/model/AbstractPersistentProperty detectEntityTypes (Lorg/springframework/data/mapping/model/SimpleTypeHolder;)Ljava/util/Set; 41 <appendix> argL0 ; # org/springframework/data/mapping/model/AbstractPersistentProperty$$Lambda+0x00000210bf88c220
instanceKlass  @bci org/springframework/data/mapping/model/AbstractPersistentProperty detectEntityTypes (Lorg/springframework/data/mapping/model/SimpleTypeHolder;)Ljava/util/Set; 31 <appendix> member <vmtarget> ; # org/springframework/data/mapping/model/AbstractPersistentProperty$$Lambda+0x00000210bf88bfc8
instanceKlass  @bci org/springframework/data/util/NullableWrapperConverters supports (Ljava/lang/Class;)Z 10 <appendix> argL0 ; # org/springframework/data/util/NullableWrapperConverters$$Lambda+0x00000210bf88bd88
instanceKlass  @bci org/springframework/data/jpa/mapping/JpaPersistentPropertyImpl lambda$2 (Lorg/springframework/data/jpa/util/JpaMetamodel;)Ljava/lang/Boolean; 9 <appendix> member <vmtarget> ; # org/springframework/data/jpa/mapping/JpaPersistentPropertyImpl$$Lambda+0x00000210bf88bb30
instanceKlass  @bci org/springframework/data/mapping/model/BasicPersistentEntity addPersistentProperty (Lorg/springframework/data/mapping/PersistentProperty;)V 71 <appendix> member <vmtarget> ; # org/springframework/data/mapping/model/BasicPersistentEntity$$Lambda+0x00000210bf88b8e8
instanceKlass  @bci org/springframework/data/jpa/mapping/JpaPersistentPropertyImpl <init> (Lorg/springframework/data/jpa/util/JpaMetamodel;Lorg/springframework/data/mapping/model/Property;Lorg/springframework/data/mapping/PersistentEntity;Lorg/springframework/data/mapping/model/SimpleTypeHolder;)V 68 <appendix> member <vmtarget> ; # org/springframework/data/jpa/mapping/JpaPersistentPropertyImpl$$Lambda+0x00000210bf88b6c0
instanceKlass  @bci org/springframework/data/jpa/mapping/JpaPersistentPropertyImpl <init> (Lorg/springframework/data/jpa/util/JpaMetamodel;Lorg/springframework/data/mapping/model/Property;Lorg/springframework/data/mapping/PersistentEntity;Lorg/springframework/data/mapping/model/SimpleTypeHolder;)V 54 <appendix> member <vmtarget> ; # org/springframework/data/jpa/mapping/JpaPersistentPropertyImpl$$Lambda+0x00000210bf88b498
instanceKlass  @bci org/springframework/data/jpa/mapping/JpaPersistentPropertyImpl lambda$0 ()Ljava/lang/Boolean; 16 <appendix> member <vmtarget> ; # org/springframework/data/jpa/mapping/JpaPersistentPropertyImpl$$Lambda+0x00000210bf88b240
instanceKlass org/springframework/data/annotation/Reference
instanceKlass org/springframework/data/annotation/Transient
instanceKlass  @bci org/springframework/data/mapping/model/BasicPersistentEntity doFindAnnotation (Ljava/lang/Class;)Ljava/util/Optional; 6 <appendix> member <vmtarget> ; # org/springframework/data/mapping/model/BasicPersistentEntity$$Lambda+0x00000210bf88abf8
instanceKlass org/springframework/data/annotation/AccessType
instanceKlass  @bci org/springframework/data/jpa/mapping/JpaPersistentPropertyImpl <init> (Lorg/springframework/data/jpa/util/JpaMetamodel;Lorg/springframework/data/mapping/model/Property;Lorg/springframework/data/mapping/PersistentEntity;Lorg/springframework/data/mapping/model/SimpleTypeHolder;)V 16 <appendix> member <vmtarget> ; # org/springframework/data/jpa/mapping/JpaPersistentPropertyImpl$$Lambda+0x00000210bf88a7d0
instanceKlass  @bci org/springframework/core/annotation/AnnotatedElementUtils findMergedAnnotation (Ljava/lang/reflect/AnnotatedElement;Ljava/lang/Class;)Ljava/lang/annotation/Annotation; 41 <appendix> argL0 ; # org/springframework/core/annotation/AnnotatedElementUtils$$Lambda+0x00000210bf88a580
instanceKlass  @bci org/springframework/data/mapping/model/AnnotationBasedPersistentProperty lambda$doFindAnnotation$12 (Ljava/lang/Class;)Ljava/util/Optional; 15 <appendix> argL0 ; # org/springframework/data/mapping/model/AnnotationBasedPersistentProperty$$Lambda+0x00000210bf88a340
instanceKlass  @bci org/springframework/data/mapping/model/AnnotationBasedPersistentProperty lambda$doFindAnnotation$12 (Ljava/lang/Class;)Ljava/util/Optional; 5 <appendix> member <vmtarget> ; # org/springframework/data/mapping/model/AnnotationBasedPersistentProperty$$Lambda+0x00000210bf88a0f8
instanceKlass  @bci org/springframework/data/mapping/model/AnnotationBasedPersistentProperty doFindAnnotation (Ljava/lang/Class;)Ljava/util/Optional; 26 <appendix> member <vmtarget> ; # org/springframework/data/mapping/model/AnnotationBasedPersistentProperty$$Lambda+0x00000210bf889eb0
instanceKlass  @bci org/springframework/core/annotation/AnnotatedElementUtils getMergedAnnotation (Ljava/lang/reflect/AnnotatedElement;Ljava/lang/Class;)Ljava/lang/annotation/Annotation; 41 <appendix> argL0 ; # org/springframework/core/annotation/AnnotatedElementUtils$$Lambda+0x00000210bf889c60
instanceKlass  @bci org/springframework/data/mapping/model/AnnotationBasedPersistentProperty populateAnnotationCache (Lorg/springframework/data/mapping/model/Property;)V 37 <appendix> member <vmtarget> ; # org/springframework/data/mapping/model/AnnotationBasedPersistentProperty$$Lambda+0x00000210bf889a28
instanceKlass  @bci org/springframework/data/util/Optionals lambda$toStream$0 (Ljava/util/Optional;)Ljava/util/stream/Stream; 9 <appendix> argL0 ; # org/springframework/data/util/Optionals$$Lambda+0x00000210bf889808
instanceKlass  @bci org/springframework/data/util/Optionals lambda$toStream$0 (Ljava/util/Optional;)Ljava/util/stream/Stream; 1 <appendix> argL0 ; # org/springframework/data/util/Optionals$$Lambda+0x00000210bf8895c8
instanceKlass  @bci org/springframework/data/mapping/model/AnnotationBasedPersistentProperty populateAnnotationCache (Lorg/springframework/data/mapping/model/Property;)V 22 <appendix> member <vmtarget> ; # org/springframework/data/mapping/model/AnnotationBasedPersistentProperty$$Lambda+0x00000210bf889390
instanceKlass  @bci org/springframework/data/util/Optionals toStream ([Ljava/util/Optional;)Ljava/util/stream/Stream; 15 <appendix> argL0 ; # org/springframework/data/util/Optionals$$Lambda+0x00000210bf889150
instanceKlass  @bci org/springframework/data/mapping/model/AnnotationBasedPersistentProperty <init> (Lorg/springframework/data/mapping/model/Property;Lorg/springframework/data/mapping/PersistentEntity;Lorg/springframework/data/mapping/model/SimpleTypeHolder;)V 98 <appendix> member <vmtarget> ; # org/springframework/data/mapping/model/AnnotationBasedPersistentProperty$$Lambda+0x00000210bf888f28
instanceKlass  @bci org/springframework/data/mapping/model/AnnotationBasedPersistentProperty <init> (Lorg/springframework/data/mapping/model/Property;Lorg/springframework/data/mapping/PersistentEntity;Lorg/springframework/data/mapping/model/SimpleTypeHolder;)V 85 <appendix> member <vmtarget> ; # org/springframework/data/mapping/model/AnnotationBasedPersistentProperty$$Lambda+0x00000210bf888d00
instanceKlass  @bci org/springframework/data/mapping/model/AnnotationBasedPersistentProperty <init> (Lorg/springframework/data/mapping/model/Property;Lorg/springframework/data/mapping/PersistentEntity;Lorg/springframework/data/mapping/model/SimpleTypeHolder;)V 72 <appendix> member <vmtarget> ; # org/springframework/data/mapping/model/AnnotationBasedPersistentProperty$$Lambda+0x00000210bf888ad8
instanceKlass  @bci org/springframework/data/mapping/model/AnnotationBasedPersistentProperty <init> (Lorg/springframework/data/mapping/model/Property;Lorg/springframework/data/mapping/PersistentEntity;Lorg/springframework/data/mapping/model/SimpleTypeHolder;)V 59 <appendix> member <vmtarget> ; # org/springframework/data/mapping/model/AnnotationBasedPersistentProperty$$Lambda+0x00000210bf8888b0
instanceKlass  @bci org/springframework/data/mapping/model/AnnotationBasedPersistentProperty <init> (Lorg/springframework/data/mapping/model/Property;Lorg/springframework/data/mapping/PersistentEntity;Lorg/springframework/data/mapping/model/SimpleTypeHolder;)V 46 <appendix> member <vmtarget> ; # org/springframework/data/mapping/model/AnnotationBasedPersistentProperty$$Lambda+0x00000210bf888688
instanceKlass  @bci org/springframework/data/mapping/model/AnnotationBasedPersistentProperty <init> (Lorg/springframework/data/mapping/model/Property;Lorg/springframework/data/mapping/PersistentEntity;Lorg/springframework/data/mapping/model/SimpleTypeHolder;)V 33 <appendix> member <vmtarget> ; # org/springframework/data/mapping/model/AnnotationBasedPersistentProperty$$Lambda+0x00000210bf888460
instanceKlass  @bci org/springframework/data/mapping/model/AnnotationBasedPersistentProperty <init> (Lorg/springframework/data/mapping/model/Property;Lorg/springframework/data/mapping/PersistentEntity;Lorg/springframework/data/mapping/model/SimpleTypeHolder;)V 20 <appendix> member <vmtarget> ; # org/springframework/data/mapping/model/AnnotationBasedPersistentProperty$$Lambda+0x00000210bf888238
instanceKlass  @bci org/springframework/data/mapping/model/AbstractPersistentProperty <init> (Lorg/springframework/data/mapping/model/Property;Lorg/springframework/data/mapping/PersistentEntity;Lorg/springframework/data/mapping/model/SimpleTypeHolder;)V 262 <appendix> member <vmtarget> ; # org/springframework/data/mapping/model/AbstractPersistentProperty$$Lambda+0x00000210bf887dd0
instanceKlass  @bci org/springframework/data/mapping/model/Property findWither (Lorg/springframework/data/util/TypeInformation;Ljava/lang/String;Ljava/lang/Class;)Ljava/util/Optional; 42 <appendix> member <vmtarget> ; # org/springframework/data/mapping/model/Property$$Lambda+0x00000210bf888000
instanceKlass  @bci org/springframework/data/mapping/model/Property findWither (Lorg/springframework/data/util/TypeInformation;Ljava/lang/String;Ljava/lang/Class;)Ljava/util/Optional; 34 <appendix> member <vmtarget> ; # org/springframework/data/mapping/model/Property$$Lambda+0x00000210bf887ba8
instanceKlass  @bci org/springframework/data/mapping/model/AbstractPersistentProperty <init> (Lorg/springframework/data/mapping/model/Property;Lorg/springframework/data/mapping/PersistentEntity;Lorg/springframework/data/mapping/model/SimpleTypeHolder;)V 152 <appendix> member <vmtarget> ; # org/springframework/data/mapping/model/AbstractPersistentProperty$$Lambda+0x00000210bf887980
instanceKlass  @bci org/springframework/data/mapping/model/AbstractPersistentProperty <init> (Lorg/springframework/data/mapping/model/Property;Lorg/springframework/data/mapping/PersistentEntity;Lorg/springframework/data/mapping/model/SimpleTypeHolder;)V 113 <appendix> member <vmtarget> ; # org/springframework/data/mapping/model/AbstractPersistentProperty$$Lambda+0x00000210bf887758
instanceKlass  @bci org/springframework/data/mapping/model/AbstractPersistentProperty <init> (Lorg/springframework/data/mapping/model/Property;Lorg/springframework/data/mapping/PersistentEntity;Lorg/springframework/data/mapping/model/SimpleTypeHolder;)V 100 <appendix> member <vmtarget> ; # org/springframework/data/mapping/model/AbstractPersistentProperty$$Lambda+0x00000210bf887530
instanceKlass  @bci org/springframework/data/mapping/model/AbstractPersistentProperty <init> (Lorg/springframework/data/mapping/model/Property;Lorg/springframework/data/mapping/PersistentEntity;Lorg/springframework/data/mapping/model/SimpleTypeHolder;)V 86 <appendix> member <vmtarget> ; # org/springframework/data/mapping/model/AbstractPersistentProperty$$Lambda+0x00000210bf887308
instanceKlass  @bci org/springframework/data/mapping/model/AbstractPersistentProperty <init> (Lorg/springframework/data/mapping/model/Property;Lorg/springframework/data/mapping/PersistentEntity;Lorg/springframework/data/mapping/model/SimpleTypeHolder;)V 63 <appendix> member <vmtarget> ; # org/springframework/data/mapping/model/AbstractPersistentProperty$$Lambda+0x00000210bf8870e0
instanceKlass org/springframework/data/mapping/Association
instanceKlass  @bci org/springframework/data/mapping/model/Property lambda$new$3 ()Ljava/lang/String; 6 <appendix> argL0 ; # org/springframework/data/mapping/model/Property$$Lambda+0x00000210bf886c80
instanceKlass  @bci org/springframework/data/mapping/model/Property lambda$new$3 ()Ljava/lang/String; 1 <appendix> argL0 ; # org/springframework/data/mapping/model/Property$$Lambda+0x00000210bf886a40
instanceKlass jakarta/persistence/OrderColumn
instanceKlass org/springframework/data/mapping/model/AbstractPersistentProperty
instanceKlass  @bci org/springframework/data/mapping/context/AbstractMappingContext$PersistentPropertyCreator doWith (Ljava/lang/reflect/Field;)V 47 <appendix> member <vmtarget> ; # org/springframework/data/mapping/context/AbstractMappingContext$PersistentPropertyCreator$$Lambda+0x00000210bf8856d0
instanceKlass  @bci org/springframework/data/mapping/model/Property <init> (Lorg/springframework/data/util/TypeInformation;Ljava/util/Optional;Ljava/util/Optional;)V 170 <appendix> member <vmtarget> ; # org/springframework/data/mapping/model/Property$$Lambda+0x00000210bf8854a8
instanceKlass  @bci org/springframework/data/util/TypeDiscoverer getParameterTypes (Ljava/lang/reflect/Method;)Ljava/util/List; 34 <appendix> argL0 ; # org/springframework/data/util/TypeDiscoverer$$Lambda+0x00000210bf885268
instanceKlass  @bci org/springframework/data/util/TypeDiscoverer getParameterTypes (Ljava/lang/reflect/Method;)Ljava/util/List; 24 <appendix> member <vmtarget> ; # org/springframework/data/util/TypeDiscoverer$$Lambda+0x00000210bf885020
instanceKlass  @bci org/springframework/data/util/TypeDiscoverer getParameterTypes (Ljava/lang/reflect/Method;)Ljava/util/List; 13 <appendix> argL0 ; # org/springframework/data/util/TypeDiscoverer$$Lambda+0x00000210bf884de0
instanceKlass  @bci org/springframework/data/mapping/model/Property <init> (Lorg/springframework/data/util/TypeInformation;Ljava/util/Optional;Ljava/util/Optional;)V 156 <appendix> member <vmtarget> ; # org/springframework/data/mapping/model/Property$$Lambda+0x00000210bf884b88
instanceKlass  @bci org/springframework/data/mapping/model/Property <init> (Lorg/springframework/data/util/TypeInformation;Ljava/util/Optional;Ljava/util/Optional;)V 146 <appendix> member <vmtarget> ; # org/springframework/data/mapping/model/Property$$Lambda+0x00000210bf884930
instanceKlass  @bci org/springframework/data/mapping/model/Property <init> (Lorg/springframework/data/util/TypeInformation;Ljava/util/Optional;Ljava/util/Optional;)V 137 <appendix> argL0 ; # org/springframework/data/mapping/model/Property$$Lambda+0x00000210bf8846f0
instanceKlass  @bci org/springframework/data/mapping/model/Property <init> (Lorg/springframework/data/util/TypeInformation;Ljava/util/Optional;Ljava/util/Optional;)V 124 <appendix> member <vmtarget> ; # org/springframework/data/mapping/model/Property$$Lambda+0x00000210bf884498
instanceKlass  @bci org/springframework/data/mapping/model/Property <init> (Lorg/springframework/data/util/TypeInformation;Ljava/util/Optional;Ljava/util/Optional;)V 114 <appendix> member <vmtarget> ; # org/springframework/data/mapping/model/Property$$Lambda+0x00000210bf884240
instanceKlass  @bci org/springframework/data/mapping/model/Property <init> (Lorg/springframework/data/util/TypeInformation;Ljava/util/Optional;Ljava/util/Optional;)V 105 <appendix> argL0 ; # org/springframework/data/mapping/model/Property$$Lambda+0x00000210bf884000
instanceKlass  @bci org/springframework/data/mapping/model/Property <init> (Lorg/springframework/data/util/TypeInformation;Ljava/util/Optional;Ljava/util/Optional;)V 92 <appendix> member <vmtarget> ; # org/springframework/data/mapping/model/Property$$Lambda+0x00000210bf883dd8
instanceKlass  @bci org/springframework/data/mapping/model/Property <init> (Lorg/springframework/data/util/TypeInformation;Ljava/util/Optional;Ljava/util/Optional;)V 78 <appendix> member <vmtarget> ; # org/springframework/data/mapping/model/Property$$Lambda+0x00000210bf883bb0
instanceKlass  @bci org/springframework/data/mapping/model/Property <init> (Lorg/springframework/data/util/TypeInformation;Ljava/util/Optional;Ljava/util/Optional;)V 65 <appendix> member <vmtarget> ; # org/springframework/data/mapping/model/Property$$Lambda+0x00000210bf883988
instanceKlass  @bci org/springframework/data/mapping/model/Property withFieldOrDescriptor (Ljava/util/function/Function;Ljava/util/function/Function;)Ljava/lang/Object; 27 <appendix> argL0 ; # org/springframework/data/mapping/model/Property$$Lambda+0x00000210bf883768
instanceKlass org/springframework/core/SerializableTypeWrapper$FieldTypeProvider
instanceKlass  @bci org/springframework/data/util/TypeDiscoverer getProperty (Ljava/lang/String;)Lorg/springframework/data/util/TypeInformation; 18 <appendix> member <vmtarget> ; # org/springframework/data/util/TypeDiscoverer$$Lambda+0x00000210bf8832e0
instanceKlass  @bci org/springframework/data/util/Optionals firstNonEmpty (Ljava/lang/Iterable;)Ljava/util/Optional; 25 <appendix> argL0 ; # org/springframework/data/util/Optionals$$Lambda+0x00000210bf883090
instanceKlass  @bci org/springframework/data/util/Optionals firstNonEmpty (Ljava/lang/Iterable;)Ljava/util/Optional; 15 <appendix> argL0 ; # org/springframework/data/util/Optionals$$Lambda+0x00000210bf882e50
instanceKlass  @bci org/springframework/data/util/Streamable of ([Ljava/lang/Object;)Lorg/springframework/data/util/Streamable; 1 <appendix> member <vmtarget> ; # org/springframework/data/util/Streamable$$Lambda+0x00000210bf882b08
instanceKlass  @bci org/springframework/data/mapping/model/Property withFieldOrDescriptor (Ljava/util/function/Function;Ljava/util/function/Function;)Ljava/lang/Object; 18 <appendix> member <vmtarget> ; # org/springframework/data/mapping/model/Property$$Lambda+0x00000210bf8828e0
instanceKlass  @bci org/springframework/data/mapping/model/Property withFieldOrDescriptor (Ljava/util/function/Function;Ljava/util/function/Function;)Ljava/lang/Object; 8 <appendix> member <vmtarget> ; # org/springframework/data/mapping/model/Property$$Lambda+0x00000210bf8826b8
instanceKlass  @bci org/springframework/data/mapping/model/Property <init> (Lorg/springframework/data/util/TypeInformation;Ljava/util/Optional;Ljava/util/Optional;)V 49 <appendix> member <vmtarget> ; # org/springframework/data/mapping/model/Property$$Lambda+0x00000210bf882470
instanceKlass  @bci org/springframework/data/mapping/model/Property <init> (Lorg/springframework/data/util/TypeInformation;Ljava/util/Optional;Ljava/util/Optional;)V 43 <appendix> member <vmtarget> ; # org/springframework/data/mapping/model/Property$$Lambda+0x00000210bf882228
instanceKlass org/springframework/data/util/Optionals
instanceKlass  @bci org/springframework/data/mapping/context/AbstractMappingContext$PersistentPropertyCreator doWith (Ljava/lang/reflect/Field;)V 37 <appendix> member <vmtarget> ; # org/springframework/data/mapping/context/AbstractMappingContext$PersistentPropertyCreator$$Lambda+0x00000210bf881de0
instanceKlass org/springframework/data/util/KotlinReflectionUtils
instanceKlass  @bci org/springframework/data/mapping/context/AbstractMappingContext$PersistentPropertyFilter matches (Ljava/lang/reflect/Field;)Z 21 <appendix> member <vmtarget> ; # org/springframework/data/mapping/context/AbstractMappingContext$PersistentPropertyFilter$$Lambda+0x00000210bf881980
instanceKlass org/springframework/data/mapping/context/AbstractMappingContext$PersistentPropertyFilter$PropertyMatch
instanceKlass org/springframework/data/mapping/context/AbstractMappingContext$PersistentPropertyCreator
instanceKlass  @bci org/springframework/data/mapping/model/BasicPersistentEntity <init> (Lorg/springframework/data/util/TypeInformation;Ljava/util/Comparator;)V 187 <appendix> member <vmtarget> ; # org/springframework/data/mapping/model/BasicPersistentEntity$$Lambda+0x00000210bf880a80
instanceKlass  @bci org/springframework/data/mapping/model/BasicPersistentEntity <init> (Lorg/springframework/data/util/TypeInformation;Ljava/util/Comparator;)V 174 <appendix> member <vmtarget> ; # org/springframework/data/mapping/model/BasicPersistentEntity$$Lambda+0x00000210bf880858
instanceKlass  @bci org/springframework/data/mapping/model/BasicPersistentEntity <init> (Lorg/springframework/data/util/TypeInformation;Ljava/util/Comparator;)V 161 <appendix> member <vmtarget> ; # org/springframework/data/mapping/model/BasicPersistentEntity$$Lambda+0x00000210bf880630
instanceKlass  @bci org/springframework/data/mapping/model/BasicPersistentEntity <init> (Lorg/springframework/data/util/TypeInformation;Ljava/util/Comparator;)V 147 <appendix> member <vmtarget> ; # org/springframework/data/mapping/model/BasicPersistentEntity$$Lambda+0x00000210bf880408
instanceKlass org/springframework/data/mapping/Alias
instanceKlass org/springframework/data/mapping/Parameter
instanceKlass org/springframework/data/mapping/InstanceCreatorMetadataSupport
instanceKlass  @bci org/springframework/core/annotation/AnnotationUtils findAnnotation (Ljava/lang/reflect/AnnotatedElement;Ljava/lang/Class;)Ljava/lang/annotation/Annotation; 54 <appendix> argL0 ; # org/springframework/core/annotation/AnnotationUtils$$Lambda+0x00000210bf87d4a0
instanceKlass org/springframework/data/mapping/model/PreferredConstructorDiscoverer
instanceKlass org/springframework/data/annotation/PersistenceCreator
instanceKlass org/springframework/data/mapping/model/InstanceCreatorMetadataDiscoverer
instanceKlass  @bci org/springframework/data/jpa/mapping/JpaMetamodelMappingContext$Metamodels getRequiredMetamodel (Lorg/springframework/data/util/TypeInformation;)Lorg/springframework/data/jpa/util/JpaMetamodel; 8 <appendix> member <vmtarget> ; # org/springframework/data/jpa/mapping/JpaMetamodelMappingContext$Metamodels$$Lambda+0x00000210bf87f0f0
instanceKlass  @bci org/springframework/data/jpa/util/JpaMetamodel <init> (Ljakarta/persistence/metamodel/Metamodel;)V 30 <appendix> member <vmtarget> ; # org/springframework/data/jpa/util/JpaMetamodel$$Lambda+0x00000210bf87eec8
instanceKlass  @bci org/springframework/data/jpa/util/JpaMetamodel <init> (Ljakarta/persistence/metamodel/Metamodel;)V 17 <appendix> member <vmtarget> ; # org/springframework/data/jpa/util/JpaMetamodel$$Lambda+0x00000210bf87eca0
instanceKlass  @bci org/springframework/data/jpa/util/JpaMetamodel of (Ljakarta/persistence/metamodel/Metamodel;)Lorg/springframework/data/jpa/util/JpaMetamodel; 4 <appendix> argL0 ; # org/springframework/data/jpa/util/JpaMetamodel$$Lambda+0x00000210bf87ea60
instanceKlass org/springframework/data/jpa/util/JpaMetamodel
instanceKlass org/springframework/data/annotation/Version
instanceKlass org/springframework/data/mapping/PersistentPropertyPathAccessor
instanceKlass org/springframework/data/mapping/IdentifierAccessor
instanceKlass org/springframework/data/support/IsNewStrategy
instanceKlass  @bci org/springframework/data/repository/core/support/RepositoryFactoryBeanSupport afterPropertiesSet ()V 240 <appendix> member <vmtarget> ; # org/springframework/data/repository/core/support/RepositoryFactoryBeanSupport$$Lambda+0x00000210bf87e000
instanceKlass  @bci org/springframework/data/repository/core/support/RepositoryFactoryBeanSupport afterPropertiesSet ()V 224 <appendix> member <vmtarget> ; # org/springframework/data/repository/core/support/RepositoryFactoryBeanSupport$$Lambda+0x00000210bf87bbb8
instanceKlass  @bci org/springframework/data/repository/core/support/RepositoryFactoryBeanSupport afterPropertiesSet ()V 190 <appendix> argL0 ; # org/springframework/data/repository/core/support/RepositoryFactoryBeanSupport$$Lambda+0x00000210bf87b998
instanceKlass  @bci org/springframework/data/repository/core/support/RepositoryFactoryBeanSupport afterPropertiesSet ()V 174 <appendix> argL0 ; # org/springframework/data/repository/core/support/RepositoryFactoryBeanSupport$$Lambda+0x00000210bf87b778
instanceKlass  @bci org/springframework/data/repository/core/support/RepositoryFactoryBeanSupport afterPropertiesSet ()V 166 <appendix> argL0 ; # org/springframework/data/repository/core/support/RepositoryFactoryBeanSupport$$Lambda+0x00000210bf87b538
instanceKlass  @bci org/springframework/data/repository/core/support/RepositoryFactoryBeanSupport afterPropertiesSet ()V 152 <appendix> member <vmtarget> ; # org/springframework/data/repository/core/support/RepositoryFactoryBeanSupport$$Lambda+0x00000210bf87b300
instanceKlass  @bci org/springframework/data/repository/core/support/RepositoryFactoryBeanSupport afterPropertiesSet ()V 139 <appendix> member <vmtarget> ; # org/springframework/data/repository/core/support/RepositoryFactoryBeanSupport$$Lambda+0x00000210bf87b0c8
instanceKlass org/springframework/data/repository/core/support/EventPublishingRepositoryProxyPostProcessor
instanceKlass org/springframework/data/jpa/repository/query/BeanFactoryQueryRewriterProvider
instanceKlass org/springframework/data/jpa/repository/support/QueryHints
instanceKlass org/springframework/aop/framework/JdkDynamicAopProxy$ProxiedInterfacesCache
instanceKlass org/springframework/aop/framework/JdkDynamicAopProxy
instanceKlass org/springframework/data/jpa/repository/support/CrudMethodMetadataPostProcessor$ThreadBoundTargetSource
instanceKlass org/springframework/data/jpa/repository/support/CrudMethodMetadata
instanceKlass org/springframework/aop/framework/AopProxy
instanceKlass org/springframework/aop/framework/DefaultAopProxyFactory
instanceKlass org/springframework/aop/framework/DefaultAdvisorChainFactory
instanceKlass org/springframework/aop/target/EmptyTargetSource
instanceKlass org/springframework/aop/framework/AopProxyFactory
instanceKlass org/springframework/aop/framework/AdvisorChainFactory
instanceKlass  @bci org/springframework/data/jpa/repository/support/JpaRepositoryFactory <init> (Ljakarta/persistence/EntityManager;)V 79 <appendix> argL0 ; # org/springframework/data/jpa/repository/support/JpaRepositoryFactory$$Lambda+0x00000210bf878f78
instanceKlass  @bci org/springframework/data/jpa/repository/query/QueryRewriterProvider simple ()Lorg/springframework/data/jpa/repository/query/QueryRewriterProvider; 0 <appendix> argL0 ; # org/springframework/data/jpa/repository/query/QueryRewriterProvider$$Lambda+0x00000210bf878d58
instanceKlass org/springframework/data/jpa/repository/QueryRewriter
instanceKlass org/springframework/data/jpa/repository/query/DefaultJpaQueryMethodFactory
instanceKlass org/springframework/data/jpa/repository/support/CrudMethodMetadataPostProcessor
# instanceKlass java/lang/invoke/LambdaForm$MH+0x00000210bf87c400
# instanceKlass java/lang/invoke/LambdaForm$MH+0x00000210bf87c000
instanceKlass org/hibernate/resource/transaction/backend/jta/internal/JtaTransactionCoordinatorImpl
instanceKlass org/hibernate/resource/transaction/backend/jta/internal/synchronization/SynchronizationCallbackTarget
instanceKlass org/springframework/orm/jpa/ExtendedEntityManagerCreator$ExtendedEntityManagerInvocationHandler
instanceKlass  @bci org/springframework/orm/jpa/ExtendedEntityManagerCreator createProxy (Ljakarta/persistence/EntityManager;Ljava/lang/Class;Ljava/lang/ClassLoader;Lorg/springframework/dao/support/PersistenceExceptionTranslator;Ljava/lang/Boolean;ZZ)Ljakarta/persistence/EntityManager; 14 <appendix> argL0 ; # org/springframework/orm/jpa/ExtendedEntityManagerCreator$$Lambda+0x00000210bf8778e8
instanceKlass org/springframework/orm/jpa/ExtendedEntityManagerCreator
instanceKlass org/checkerframework/dataflow/qual/SideEffectFree
instanceKlass org/hibernate/stat/internal/QueryStatisticsImpl
instanceKlass org/hibernate/stat/internal/CacheRegionStatisticsImpl
instanceKlass org/hibernate/stat/internal/AbstractCacheableDataStatistics
instanceKlass  @bci org/hibernate/stat/internal/StatisticsImpl <init> (Lorg/hibernate/engine/spi/SessionFactoryImplementor;)V 601 <appendix> member <vmtarget> ; # org/hibernate/stat/internal/StatisticsImpl$$Lambda+0x00000210bf875f08
instanceKlass  @bci org/hibernate/stat/internal/StatisticsImpl <init> (Lorg/hibernate/engine/spi/SessionFactoryImplementor;)V 559 <appendix> member <vmtarget> ; # org/hibernate/stat/internal/StatisticsImpl$$Lambda+0x00000210bf875cd0
instanceKlass org/hibernate/stat/internal/StatsNamedContainer
instanceKlass org/hibernate/stat/QueryStatistics
instanceKlass org/hibernate/stat/CollectionStatistics
instanceKlass org/hibernate/stat/EntityStatistics
instanceKlass org/hibernate/stat/CacheRegionStatistics
instanceKlass org/hibernate/stat/NaturalIdStatistics
instanceKlass org/hibernate/stat/CacheableDataStatistics
instanceKlass org/hibernate/stat/internal/StatisticsImpl
instanceKlass org/hibernate/engine/spi/ExecutableList$Sorter
instanceKlass org/hibernate/engine/spi/ActionQueue
instanceKlass org/hibernate/engine/internal/EntityEntryContext
instanceKlass org/hibernate/internal/util/MarkerObject
instanceKlass org/hibernate/engine/spi/EntityHolder
instanceKlass org/hibernate/engine/spi/NaturalIdResolutions
instanceKlass org/hibernate/engine/internal/StatefulPersistenceContext
instanceKlass org/hibernate/internal/NonContextualJdbcConnectionAccess
instanceKlass  @bci org/hibernate/internal/AbstractSharedSessionContract createJdbcSessionContext (Lorg/hibernate/resource/jdbc/spi/StatementInspector;)Lorg/hibernate/internal/JdbcSessionContextImpl; 43 <appendix> member <vmtarget> ; # org/hibernate/internal/AbstractSharedSessionContract$$Lambda+0x00000210bf8707b0
instanceKlass org/hibernate/internal/JdbcObserverImpl
instanceKlass org/hibernate/internal/JdbcSessionContextImpl
instanceKlass org/hibernate/internal/SharedSessionCreationOptions
instanceKlass org/hibernate/resource/jdbc/internal/EmptyStatementInspector
instanceKlass org/hibernate/engine/internal/SessionEventListenerManagerImpl
instanceKlass org/hibernate/cache/internal/NoCachingTransactionSynchronizationImpl
instanceKlass org/hibernate/engine/transaction/spi/TransactionObserver
instanceKlass org/hibernate/resource/transaction/spi/TransactionObserver
instanceKlass org/hibernate/engine/spi/PersistenceContext
instanceKlass org/hibernate/engine/spi/SessionEventListenerManager
instanceKlass org/hibernate/engine/transaction/spi/TransactionImplementor
instanceKlass org/hibernate/engine/spi/ExceptionConverter
instanceKlass org/hibernate/query/sql/spi/NativeQueryImplementor
instanceKlass org/hibernate/query/TupleTransformer
instanceKlass org/hibernate/graph/spi/RootGraphImplementor
instanceKlass org/hibernate/query/spi/QueryImplementor
instanceKlass org/hibernate/internal/AbstractSharedSessionContract
instanceKlass org/hibernate/loader/internal/LoadAccessContext
instanceKlass org/hibernate/event/spi/EventSource
instanceKlass org/springframework/transaction/support/TransactionSynchronizationUtils$ScopedProxyUnwrapper
instanceKlass org/springframework/core/InfrastructureProxy
instanceKlass org/springframework/aop/scope/ScopedObject
instanceKlass org/springframework/aop/RawTargetAccess
instanceKlass org/springframework/transaction/support/TransactionSynchronizationUtils
instanceKlass org/springframework/transaction/support/TransactionSynchronizationManager
instanceKlass org/springframework/transaction/support/TransactionSynchronization
instanceKlass org/springframework/orm/jpa/EntityManagerFactoryUtils
instanceKlass  @bci org/springframework/data/repository/core/support/RepositoryFactorySupport createProjectionFactory ()Lorg/springframework/data/util/Lazy; 1 <appendix> member <vmtarget> ; # org/springframework/data/repository/core/support/RepositoryFactorySupport$$Lambda+0x00000210bf867290
instanceKlass org/springframework/data/repository/core/support/RepositoryFactorySupport$QueryCollectingQueryCreationListener
instanceKlass org/springframework/data/repository/util/QueryExecutionConverters$IterableToStreamableConverter
instanceKlass org/springframework/util/concurrent/SuccessCallback
instanceKlass org/springframework/util/concurrent/FailureCallback
instanceKlass org/springframework/scheduling/annotation/AsyncResult
instanceKlass  @bci org/springframework/data/repository/util/QueryExecutionConverters$AbstractWrapperTypeConverter getConvertibleTypes ()Ljava/util/Set; 7 <appendix> argL0 ; # org/springframework/data/repository/util/QueryExecutionConverters$AbstractWrapperTypeConverter$$Lambda+0x00000210bf865b28
instanceKlass  @bci org/springframework/data/util/CustomCollections registerConvertersIn (Lorg/springframework/core/convert/converter/ConverterRegistry;)V 10 <appendix> member <vmtarget> ; # org/springframework/data/util/CustomCollections$$Lambda+0x00000210bf8658f0
instanceKlass  @bci org/springframework/data/repository/util/QueryExecutionConverters <clinit> ()V 298 <appendix> member <vmtarget> ; # org/springframework/data/repository/util/QueryExecutionConverters$$Lambda+0x00000210bf8656b8
instanceKlass  @bci org/springframework/data/repository/util/QueryExecutionConverters <clinit> ()V 277 <appendix> member <vmtarget> ; # org/springframework/data/repository/util/QueryExecutionConverters$$Lambda+0x00000210bf865480
instanceKlass  @bci org/springframework/data/repository/util/QueryExecutionConverters <clinit> ()V 259 <appendix> argL0 ; # org/springframework/data/repository/util/QueryExecutionConverters$$Lambda+0x00000210bf865240
instanceKlass  @bci java/util/stream/Collectors toUnmodifiableSet ()Ljava/util/stream/Collector; 19 <appendix> argL0 ; # java/util/stream/Collectors$$Lambda+0x00000210bf5f18d0
instanceKlass  @bci java/util/stream/Collectors toUnmodifiableSet ()Ljava/util/stream/Collector; 14 <appendix> argL0 ; # java/util/stream/Collectors$$Lambda+0x00000210bf5f1688
instanceKlass  @bci java/util/stream/Collectors toUnmodifiableSet ()Ljava/util/stream/Collector; 9 <appendix> argL0 ; # java/util/stream/Collectors$$Lambda+0x00000210bf5f1458
instanceKlass  @bci java/util/stream/Collectors toUnmodifiableSet ()Ljava/util/stream/Collector; 4 <appendix> argL0 ; # java/util/stream/Collectors$$Lambda+0x00000210bf5f1238
instanceKlass  @bci org/springframework/data/util/CustomCollections getUnwrappers ()Ljava/util/Set; 8 <appendix> argL0 ; # org/springframework/data/util/CustomCollections$$Lambda+0x00000210bf865000
instanceKlass  @bci org/springframework/data/util/CustomCollections$SearchableTypes <clinit> ()V 16 <appendix> argL0 ; # org/springframework/data/util/CustomCollections$SearchableTypes$$Lambda+0x00000210bf864dc0
instanceKlass  @bci org/springframework/data/util/CustomCollections$SearchableTypes <clinit> ()V 8 <appendix> argL0 ; # org/springframework/data/util/CustomCollections$SearchableTypes$$Lambda+0x00000210bf864b70
instanceKlass  @bci org/springframework/data/util/CustomCollections$SearchableTypes <clinit> ()V 0 <appendix> argL0 ; # org/springframework/data/util/CustomCollections$SearchableTypes$$Lambda+0x00000210bf864920
instanceKlass org/springframework/data/util/CustomCollections$SearchableTypes
instanceKlass  @bci org/springframework/data/util/CustomCollections <clinit> ()V 90 <appendix> argL0 ; # org/springframework/data/util/CustomCollections$$Lambda+0x00000210bf8644c8
instanceKlass  @bci org/springframework/data/util/CustomCollections <clinit> ()V 69 <appendix> argL0 ; # org/springframework/data/util/CustomCollections$$Lambda+0x00000210bf864278
instanceKlass org/springframework/data/util/CustomCollections$EclipseCollections
instanceKlass org/springframework/data/util/CustomCollections$VavrCollections
instanceKlass org/springframework/data/util/CustomCollectionRegistrar
instanceKlass org/springframework/data/util/CustomCollections
instanceKlass org/springframework/data/repository/util/QueryExecutionConverters$AbstractWrapperTypeConverter
instanceKlass org/springframework/data/domain/Window
instanceKlass org/springframework/util/concurrent/ListenableFuture
instanceKlass org/springframework/data/repository/util/QueryExecutionConverters$WrapperType
instanceKlass org/springframework/data/repository/util/QueryExecutionConverters
instanceKlass  @bci org/springframework/data/expression/DefaultValueExpressionParser <clinit> ()V 39 <appendix> argL0 ; # org/springframework/data/expression/DefaultValueExpressionParser$$Lambda+0x00000210bf862688
instanceKlass org/springframework/expression/ParserContext$1
instanceKlass org/springframework/data/expression/ValueExpression
instanceKlass org/springframework/data/expression/DefaultValueExpressionParser
instanceKlass  @bci org/springframework/data/repository/core/support/RepositoryFactorySupport <clinit> ()V 20 <appendix> argL0 ; # org/springframework/data/repository/core/support/RepositoryFactorySupport$$Lambda+0x00000210bf861df0
instanceKlass org/springframework/data/expression/ValueParserConfiguration
instanceKlass org/springframework/data/repository/core/support/QueryCreationListener
instanceKlass org/springframework/data/jpa/repository/query/QueryRewriterProvider
instanceKlass org/springframework/data/repository/query/ValueExpressionDelegate
instanceKlass org/springframework/data/expression/ValueExpressionParser
instanceKlass org/springframework/data/jpa/repository/support/JpaRepositoryConfigurationAware
instanceKlass org/springframework/data/repository/core/support/PersistenceExceptionTranslationRepositoryProxyPostProcessor
instanceKlass org/springframework/data/repository/core/support/TransactionalRepositoryProxyPostProcessor
instanceKlass  @bci org/springframework/data/repository/core/support/RepositoryFactoryBeanSupport createDefaultEvaluationContextProvider (Lorg/springframework/beans/factory/ListableBeanFactory;)Ljava/util/Optional; 5 <appendix> argL0 ; # org/springframework/data/repository/core/support/RepositoryFactoryBeanSupport$$Lambda+0x00000210bf8608c0
instanceKlass  @bci org/springframework/data/spel/ExtensionAwareEvaluationContextProvider <init> (Lorg/springframework/beans/factory/ListableBeanFactory;)V 2 <appendix> member <vmtarget> ; # org/springframework/data/spel/ExtensionAwareEvaluationContextProvider$$Lambda+0x00000210bf860698
instanceKlass  @bci org/springframework/data/util/Lazy of (Ljava/lang/Object;)Lorg/springframework/data/util/Lazy; 11 <appendix> member <vmtarget> ; # org/springframework/data/util/Lazy$$Lambda+0x00000210bf860470
instanceKlass org/springframework/expression/MethodResolver
instanceKlass org/springframework/data/spel/ExtensionAwareEvaluationContextProvider
instanceKlass org/springframework/data/spel/ReactiveExtensionAwareEvaluationContextProvider
instanceKlass org/springframework/data/spel/ReactiveEvaluationContextProvider
instanceKlass org/springframework/data/expression/ValueEvaluationContextProvider
instanceKlass org/springframework/data/repository/query/QueryMethodValueEvaluationContextAccessor
instanceKlass org/springframework/data/repository/query/ExtensionAwareQueryMethodEvaluationContextProvider
instanceKlass org/springframework/data/mapping/PropertyPath
instanceKlass org/springframework/data/mapping/PersistentPropertyPaths
instanceKlass org/springframework/data/mapping/model/Property
instanceKlass org/springframework/data/mapping/model/BasicPersistentEntity
instanceKlass org/springframework/data/jpa/mapping/JpaPersistentEntity
instanceKlass  @bci org/springframework/data/mapping/context/AbstractMappingContext initialize ()V 5 <appendix> member <vmtarget> ; # org/springframework/data/mapping/context/AbstractMappingContext$$Lambda+0x00000210bf85e1f8
instanceKlass org/springframework/data/jpa/provider/JpaClassUtils
instanceKlass org/hibernate/query/TypedParameterValue
instanceKlass org/springframework/data/util/CloseableIterator
instanceKlass org/springframework/data/jpa/provider/QueryComment
instanceKlass org/springframework/data/jpa/provider/QueryExtractor
instanceKlass org/springframework/data/jpa/mapping/JpaMetamodelMappingContext$Metamodels
instanceKlass org/springframework/data/mapping/model/InstantiationAwarePropertyAccessorFactory
instanceKlass  @bci org/springframework/data/mapping/model/ClassGeneratingPropertyAccessorFactory <init> ()V 50 <appendix> argL0 ; # org/springframework/data/mapping/model/ClassGeneratingPropertyAccessorFactory$$Lambda+0x00000210bf85bd50
instanceKlass  @bci org/springframework/data/mapping/model/ClassGeneratingPropertyAccessorFactory <init> ()V 5 <appendix> argL0 ; # org/springframework/data/mapping/model/ClassGeneratingPropertyAccessorFactory$$Lambda+0x00000210bf85b8f8
instanceKlass org/springframework/data/mapping/PersistentPropertyAccessor
instanceKlass org/springframework/data/mapping/model/ClassGeneratingPropertyAccessorFactory
instanceKlass org/springframework/data/mapping/model/ClassGeneratingEntityInstantiator$ObjectInstantiator
instanceKlass org/springframework/data/mapping/model/ClassGeneratingEntityInstantiator$ObjectInstantiatorClassGenerator
instanceKlass org/springframework/data/mapping/InstanceCreatorMetadata
instanceKlass org/springframework/data/mapping/model/ClassGeneratingEntityInstantiator
instanceKlass org/springframework/data/mapping/model/EntityInstantiator
instanceKlass org/springframework/data/mapping/model/EntityInstantiators
instanceKlass  @bci org/springframework/data/mapping/context/PersistentPropertyPathFactory <clinit> ()V 0 <appendix> argL0 ; # org/springframework/data/mapping/context/PersistentPropertyPathFactory$$Lambda+0x00000210bf85a3a8
instanceKlass org/springframework/data/mapping/PersistentPropertyPath
instanceKlass org/springframework/data/mapping/context/PersistentPropertyPathFactory
instanceKlass  @bci org/springframework/data/mapping/model/SimpleTypeHolder register (Ljava/util/Collection;)V 2 <appendix> member <vmtarget> ; # org/springframework/data/mapping/model/SimpleTypeHolder$$Lambda+0x00000210bf859d28
instanceKlass org/springframework/data/mapping/model/SimpleTypeHolder
instanceKlass  @bci org/springframework/data/domain/ManagedTypes fromIterable (Ljava/lang/Iterable;)Lorg/springframework/data/domain/ManagedTypes; 12 <appendix> member <vmtarget> ; # org/springframework/data/domain/ManagedTypes$$Lambda+0x00000210bf8598d8
instanceKlass org/springframework/data/domain/ManagedTypes
instanceKlass  @bci org/springframework/data/spel/EvaluationContextProvider <clinit> ()V 0 <appendix> argL0 ; # org/springframework/data/spel/EvaluationContextProvider$$Lambda+0x00000210bf8594a8
instanceKlass  @bci org/springframework/data/jpa/repository/config/JpaMetamodelMappingContextFactoryBean getMetamodels ()Ljava/util/Set; 38 <appendix> argL0 ; # org/springframework/data/jpa/repository/config/JpaMetamodelMappingContextFactoryBean$$Lambda+0x00000210bf859268
instanceKlass org/springframework/data/jpa/mapping/JpaPersistentProperty
instanceKlass org/springframework/data/mapping/PersistentProperty
instanceKlass org/springframework/data/jpa/provider/ProxyIdAccessor
instanceKlass org/springframework/data/mapping/model/MutablePersistentEntity
instanceKlass org/springframework/data/mapping/model/PersistentPropertyAccessorFactory
instanceKlass org/hibernate/query/NativeQuery
instanceKlass org/hibernate/jdbc/Work
instanceKlass org/hibernate/procedure/ProcedureCall
instanceKlass org/hibernate/query/named/NameableQuery
instanceKlass jakarta/persistence/StoredProcedureQuery
instanceKlass org/hibernate/query/SynchronizeableQuery
instanceKlass org/hibernate/Transaction
instanceKlass jakarta/persistence/EntityTransaction
instanceKlass org/hibernate/IdentifierLoadAccess
instanceKlass org/hibernate/NaturalIdMultiLoadAccess
instanceKlass org/hibernate/stat/SessionStatistics
instanceKlass org/hibernate/SharedSessionBuilder
instanceKlass org/hibernate/SimpleNaturalIdLoadAccess
instanceKlass org/hibernate/NaturalIdLoadAccess
instanceKlass org/hibernate/LobHelper
instanceKlass org/hibernate/MultiIdentifierLoadAccess
instanceKlass org/hibernate/Session$LockRequest
instanceKlass org/hibernate/query/Query
instanceKlass org/hibernate/query/MutationQuery
instanceKlass org/hibernate/query/SelectionQuery
instanceKlass org/hibernate/query/CommonQueryContract
instanceKlass jakarta/persistence/TypedQuery
instanceKlass org/springframework/orm/jpa/SharedEntityManagerCreator$SharedEntityManagerInvocationHandler
instanceKlass org/springframework/orm/jpa/EntityManagerProxy
instanceKlass sun/reflect/generics/reflectiveObjects/GenericArrayTypeImpl
instanceKlass java/lang/SafeVarargs
instanceKlass org/springframework/data/repository/core/support/MethodLookup
instanceKlass org/springframework/data/repository/core/support/MethodLookup$InvokedMethod
instanceKlass org/springframework/data/repository/core/support/MethodLookup$MethodPredicate
instanceKlass  @bci org/springframework/data/repository/core/support/RepositoryFragmentsFactoryBean afterPropertiesSet ()V 10 <appendix> member <vmtarget> ; # org/springframework/data/repository/core/support/RepositoryFragmentsFactoryBean$$Lambda+0x00000210bf8563a0
instanceKlass org/springframework/data/querydsl/SimpleEntityPathResolver
instanceKlass  @bci org/springframework/data/jpa/repository/support/JpaRepositoryFactoryBean setEntityPathResolver (Lorg/springframework/beans/factory/ObjectProvider;)V 2 <appendix> argL0 ; # org/springframework/data/jpa/repository/support/JpaRepositoryFactoryBean$$Lambda+0x00000210bf855f50
instanceKlass org/springframework/data/repository/query/QueryMethod
instanceKlass com/social/post_service/dto/PostResponse
instanceKlass org/springframework/web/multipart/MultipartFile
instanceKlass org/springframework/http/HttpEntity
instanceKlass org/springframework/security/oauth2/core/AbstractOAuth2Token
instanceKlass org/springframework/security/oauth2/core/OAuth2Token
instanceKlass org/springframework/security/oauth2/jwt/JwtClaimAccessor
instanceKlass org/springframework/security/oauth2/core/ClaimAccessor
instanceKlass  @bci jdk/internal/reflect/MethodHandleObjectFieldAccessorImpl set (Ljava/lang/Object;Ljava/lang/Object;)V 41 <adapter> ; # java/lang/invoke/LambdaForm$MH+0x00000210bf850000
instanceKlass org/springframework/beans/factory/SmartFactoryBean
instanceKlass org/springframework/beans/factory/support/DefaultListableBeanFactory$3
instanceKlass javax/naming/Reference
instanceKlass jakarta/persistence/Query
instanceKlass org/hibernate/engine/spi/FilterDefinition
instanceKlass org/springframework/orm/jpa/AbstractEntityManagerFactoryBean$ManagedEntityManagerFactoryInvocationHandler
instanceKlass org/hibernate/internal/SessionFactoryRegistry$1
instanceKlass org/hibernate/internal/SessionFactoryRegistry
instanceKlass org/hibernate/tool/schema/extract/internal/IndexInformationImpl$Builder
instanceKlass org/hibernate/tool/schema/extract/internal/IndexInformationImpl
instanceKlass org/hibernate/tool/schema/extract/spi/IndexInformation
instanceKlass  @bci org/hibernate/tool/schema/extract/internal/AbstractInformationExtractorImpl getIndexes (Lorg/hibernate/tool/schema/extract/spi/TableInformation;)Ljava/lang/Iterable; 82 <appendix> member <vmtarget> ; # org/hibernate/tool/schema/extract/internal/AbstractInformationExtractorImpl$$Lambda+0x00000210bf84eb88
instanceKlass org/hibernate/tool/schema/internal/ColumnDefinitions
instanceKlass org/hibernate/tool/schema/extract/internal/ColumnInformationImpl
instanceKlass org/postgresql/util/NumberParser
instanceKlass  @bci org/hibernate/tool/schema/extract/internal/AbstractInformationExtractorImpl populateTablesWithColumns (Ljava/lang/String;Ljava/lang/String;Lorg/hibernate/tool/schema/extract/spi/NameSpaceTablesInformation;)V 8 <appendix> member <vmtarget> ; # org/hibernate/tool/schema/extract/internal/AbstractInformationExtractorImpl$$Lambda+0x00000210bf84dbe8
instanceKlass org/hibernate/tool/schema/extract/internal/TableInformationImpl
instanceKlass org/postgresql/util/ByteStreamWriter
instanceKlass org/postgresql/util/StreamWrapper
instanceKlass org/postgresql/util/IntList
instanceKlass  @bci org/hibernate/tool/schema/extract/internal/AbstractInformationExtractorImpl getTables (Lorg/hibernate/boot/model/naming/Identifier;Lorg/hibernate/boot/model/naming/Identifier;)Lorg/hibernate/tool/schema/extract/spi/NameSpaceTablesInformation; 191 <appendix> member <vmtarget> ; # org/hibernate/tool/schema/extract/internal/AbstractInformationExtractorImpl$$Lambda+0x00000210bf84cad8
instanceKlass org/hibernate/engine/jdbc/env/internal/NormalizingIdentifierHelperImpl$1
instanceKlass org/hibernate/tool/schema/extract/spi/NameSpaceTablesInformation
instanceKlass org/hibernate/tool/schema/internal/SchemaCreatorImpl
instanceKlass org/hibernate/tool/schema/internal/SchemaDropperImpl
instanceKlass org/hibernate/engine/jdbc/internal/FormatStyle$NoFormatImpl
instanceKlass org/hibernate/engine/jdbc/internal/HighlightingFormatter
instanceKlass org/hibernate/engine/jdbc/internal/DDLFormatterImpl
instanceKlass org/hibernate/engine/jdbc/internal/BasicFormatterImpl
instanceKlass org/hibernate/tool/schema/internal/exec/GenerationTargetToDatabase
instanceKlass  @bci org/hibernate/internal/util/config/ConfigurationHelper getString (Ljava/lang/String;Ljava/util/Map;Ljava/lang/String;)Ljava/lang/String; 3 <appendix> member <vmtarget> ; # org/hibernate/internal/util/config/ConfigurationHelper$$Lambda+0x00000210bf843dd0
instanceKlass com/zaxxer/hikari/pool/ProxyResultSet
instanceKlass com/zaxxer/hikari/pool/ProxyStatement
instanceKlass java/sql/ParameterMetaData
instanceKlass  @bci org/hibernate/tool/schema/extract/internal/SequenceInformationExtractorLegacyImpl extractMetadata (Lorg/hibernate/tool/schema/extract/spi/ExtractionContext;)Ljava/lang/Iterable; 32 <appendix> member <vmtarget> ; # org/hibernate/tool/schema/extract/internal/SequenceInformationExtractorLegacyImpl$$Lambda+0x00000210bf843330
instanceKlass org/hibernate/tool/schema/extract/spi/ExtractionContext$ResultSetProcessor
instanceKlass org/hibernate/tool/schema/extract/internal/SequenceInformationExtractorLegacyImpl
instanceKlass org/hibernate/tool/schema/extract/spi/ColumnInformation
instanceKlass org/hibernate/tool/schema/extract/spi/PrimaryKeyInformation
instanceKlass org/hibernate/tool/schema/extract/spi/TableInformation
instanceKlass org/hibernate/tool/schema/extract/internal/AbstractInformationExtractorImpl$ForeignKeyBuilder
instanceKlass org/hibernate/tool/schema/extract/internal/AbstractInformationExtractorImpl
instanceKlass org/hibernate/tool/schema/internal/exec/ImprovedExtractionContextImpl
instanceKlass org/hibernate/tool/schema/extract/spi/InformationExtractor
instanceKlass org/hibernate/tool/schema/internal/HibernateSchemaManagementTool$HibernateExtractionTool
instanceKlass org/hibernate/tool/schema/extract/internal/DatabaseInformationImpl
instanceKlass org/hibernate/tool/schema/extract/spi/ExtractionContext$DatabaseObjectAccess
instanceKlass org/hibernate/tool/schema/spi/ScriptTargetOutput
instanceKlass org/hibernate/tool/schema/internal/exec/AbstractScriptSourceInput
instanceKlass org/hibernate/tool/schema/spi/ScriptSourceInput
instanceKlass org/hibernate/tool/schema/extract/spi/DatabaseInformation
instanceKlass org/hibernate/tool/schema/internal/Helper
instanceKlass org/hibernate/resource/transaction/backend/jdbc/internal/DdlTransactionIsolatorNonJtaImpl
instanceKlass org/hibernate/tool/schema/internal/exec/JdbcConnectionAccessProvidedConnectionImpl
instanceKlass org/hibernate/tool/schema/internal/HibernateSchemaManagementTool$JdbcContextImpl
instanceKlass  @bci org/hibernate/tool/schema/internal/HibernateSchemaManagementTool resolveJdbcContext (Ljava/util/Map;)Lorg/hibernate/tool/schema/internal/exec/JdbcContext; 73 <appendix> member <vmtarget> ; # org/hibernate/tool/schema/internal/HibernateSchemaManagementTool$$Lambda+0x00000210bf8455b0
instanceKlass  @bci org/hibernate/tool/schema/internal/HibernateSchemaManagementTool resolveJdbcContext (Ljava/util/Map;)Lorg/hibernate/tool/schema/internal/exec/JdbcContext; 64 <appendix> member <vmtarget> ; # org/hibernate/tool/schema/internal/HibernateSchemaManagementTool$$Lambda+0x00000210bf845388
instanceKlass  @bci org/hibernate/tool/schema/internal/HibernateSchemaManagementTool resolveJdbcContext (Ljava/util/Map;)Lorg/hibernate/tool/schema/internal/exec/JdbcContext; 28 <appendix> member <vmtarget> ; # org/hibernate/tool/schema/internal/HibernateSchemaManagementTool$$Lambda+0x00000210bf845160
instanceKlass  @bci org/hibernate/tool/schema/internal/HibernateSchemaManagementTool resolveJdbcContext (Ljava/util/Map;)Lorg/hibernate/tool/schema/internal/exec/JdbcContext; 19 <appendix> member <vmtarget> ; # org/hibernate/tool/schema/internal/HibernateSchemaManagementTool$$Lambda+0x00000210bf844f38
instanceKlass org/hibernate/tool/schema/internal/HibernateSchemaManagementTool$JdbcContextBuilder
instanceKlass org/hibernate/tool/schema/internal/DefaultSchemaFilter
instanceKlass org/hibernate/tool/schema/internal/DefaultSchemaFilterProvider
instanceKlass org/hibernate/tool/schema/spi/SchemaFilterProvider
instanceKlass org/hibernate/tool/schema/spi/SchemaFilter
instanceKlass org/hibernate/tool/schema/internal/AbstractSchemaMigrator
instanceKlass org/hibernate/tool/schema/spi/SchemaManagementToolCoordinator$2
instanceKlass org/hibernate/tool/schema/spi/SchemaManagementToolCoordinator$MigrateSettingSelector
instanceKlass org/hibernate/tool/schema/spi/SchemaManagementToolCoordinator$4
instanceKlass  @bci org/hibernate/tool/schema/spi/SchemaManagementToolCoordinator lambda$process$5 (Lorg/hibernate/boot/Metadata;Lorg/hibernate/tool/schema/spi/SchemaManagementTool;Lorg/hibernate/service/ServiceRegistry;Lorg/hibernate/tool/schema/spi/ExecutionOptions;Lorg/hibernate/tool/schema/spi/DelayedDropRegistry;Ljava/util/Map;Lorg/hibernate/tool/schema/Action;Ljava/util/Set;)V 8 <appendix> member <vmtarget> ; # org/hibernate/tool/schema/spi/SchemaManagementToolCoordinator$$Lambda+0x00000210bf83e640
instanceKlass org/hibernate/tool/schema/spi/ContributableMatcher
instanceKlass  @bci org/hibernate/tool/schema/spi/SchemaManagementToolCoordinator process (Lorg/hibernate/boot/Metadata;Lorg/hibernate/service/ServiceRegistry;Ljava/util/Map;Lorg/hibernate/tool/schema/spi/DelayedDropRegistry;)V 354 <appendix> member <vmtarget> ; # org/hibernate/tool/schema/spi/SchemaManagementToolCoordinator$$Lambda+0x00000210bf83e208
instanceKlass  @cpi org/hibernate/tool/schema/spi/SchemaManagementToolCoordinator 291 form vmentry <vmtarget> ; # java/lang/invoke/LambdaForm$DMH+0x00000210bf840000
instanceKlass org/hibernate/tool/schema/spi/SchemaManagementToolCoordinator$1
instanceKlass org/hibernate/tool/schema/internal/ExceptionHandlerLoggedImpl
instanceKlass org/hibernate/tool/schema/internal/exec/GenerationTarget
instanceKlass org/hibernate/tool/schema/spi/ExtractionTool
instanceKlass org/hibernate/tool/schema/spi/SchemaTruncator
instanceKlass org/hibernate/tool/schema/spi/SchemaValidator
instanceKlass org/hibernate/tool/schema/spi/SchemaMigrator
instanceKlass org/hibernate/tool/schema/spi/SchemaDropper
instanceKlass org/hibernate/tool/schema/spi/SchemaCreator
instanceKlass org/hibernate/tool/schema/internal/HibernateSchemaManagementTool
instanceKlass org/hibernate/tool/schema/spi/ExceptionHandler
instanceKlass org/hibernate/tool/schema/spi/JpaTargetAndSourceDescriptor
instanceKlass org/hibernate/tool/schema/spi/ExecutionOptions
instanceKlass org/hibernate/tool/schema/spi/SourceDescriptor
instanceKlass org/hibernate/tool/schema/spi/TargetDescriptor
instanceKlass org/hibernate/tool/schema/spi/SchemaManagementToolCoordinator$SettingSelector
instanceKlass org/hibernate/tool/schema/spi/SchemaManagementToolCoordinator
instanceKlass  @bci org/hibernate/boot/internal/SessionFactoryObserverForSchemaExport sessionFactoryCreated (Lorg/hibernate/SessionFactory;)V 15 <appendix> member <vmtarget> ; # org/hibernate/boot/internal/SessionFactoryObserverForSchemaExport$$Lambda+0x00000210bf83b588
instanceKlass org/hibernate/tool/schema/spi/DelayedDropAction
instanceKlass  @bci org/hibernate/query/internal/NamedObjectRepositoryImpl prepare (Lorg/hibernate/engine/spi/SessionFactoryImplementor;Lorg/hibernate/boot/Metadata;)V 42 <appendix> member <vmtarget> ; # org/hibernate/query/internal/NamedObjectRepositoryImpl$$Lambda+0x00000210bf83b150
instanceKlass  @bci org/hibernate/query/internal/NamedObjectRepositoryImpl prepare (Lorg/hibernate/engine/spi/SessionFactoryImplementor;Lorg/hibernate/boot/Metadata;)V 29 <appendix> member <vmtarget> ; # org/hibernate/query/internal/NamedObjectRepositoryImpl$$Lambda+0x00000210bf83af18
instanceKlass  @bci org/hibernate/query/internal/NamedObjectRepositoryImpl prepare (Lorg/hibernate/engine/spi/SessionFactoryImplementor;Lorg/hibernate/boot/Metadata;)V 16 <appendix> member <vmtarget> ; # org/hibernate/query/internal/NamedObjectRepositoryImpl$$Lambda+0x00000210bf83ace0
instanceKlass org/hibernate/boot/query/NamedNativeQueryDefinition
instanceKlass  @bci org/hibernate/query/internal/NamedObjectRepositoryImpl prepare (Lorg/hibernate/engine/spi/SessionFactoryImplementor;Lorg/hibernate/boot/Metadata;)V 3 <appendix> member <vmtarget> ; # org/hibernate/query/internal/NamedObjectRepositoryImpl$$Lambda+0x00000210bf83a8a8
instanceKlass jakarta/transaction/Synchronization
instanceKlass jakarta/transaction/UserTransaction
instanceKlass org/hibernate/persister/entity/SessionFactoryBasedWrapperOptions
instanceKlass org/hibernate/StatelessSession
instanceKlass org/hibernate/internal/SessionFactoryImpl$StatelessSessionBuilderImpl
instanceKlass org/hibernate/resource/transaction/backend/jta/internal/synchronization/ExceptionMapper
instanceKlass org/hibernate/internal/SessionFactoryImpl$SessionBuilderImpl
instanceKlass org/hibernate/internal/SessionCreationOptions
instanceKlass org/hibernate/engine/profile/FetchProfile
instanceKlass org/hibernate/internal/FetchProfileHelper
instanceKlass  @bci org/hibernate/metamodel/model/domain/internal/JpaMetamodelImpl processJpa (Lorg/hibernate/boot/spi/MetadataImplementor;Lorg/hibernate/metamodel/MappingMetamodel;Ljava/util/Map;Lorg/hibernate/metamodel/internal/JpaStaticMetaModelPopulationSetting;Lorg/hibernate/metamodel/internal/JpaMetaModelPopulationSetting;Ljava/util/Collection;Lorg/hibernate/metamodel/spi/RuntimeModelCreationContext;)V 302 <appendix> member <vmtarget> ; # org/hibernate/metamodel/model/domain/internal/JpaMetamodelImpl$$Lambda+0x00000210bf8386e0
instanceKlass org/hibernate/metamodel/internal/PluralAttributeMetadata
instanceKlass  @bci org/hibernate/metamodel/internal/MetadataContext wrapUp ()V 246 <appendix> member <vmtarget> ; # org/hibernate/metamodel/internal/MetadataContext$$Lambda+0x00000210bf8384a8
instanceKlass org/hibernate/metamodel/model/domain/internal/AbstractSqmPathSource
instanceKlass org/hibernate/query/sqm/internal/SqmMappingModelHelper
instanceKlass org/hibernate/metamodel/internal/SingularAttributeMetadataImpl$2
instanceKlass org/hibernate/metamodel/internal/AttributeFactory$2
instanceKlass org/hibernate/metamodel/internal/SingularAttributeMetadataImpl$1
instanceKlass org/hibernate/metamodel/internal/ValueContext
instanceKlass org/hibernate/metamodel/internal/BaseAttributeMetadata
instanceKlass org/hibernate/metamodel/internal/SingularAttributeMetadata
instanceKlass org/hibernate/property/access/internal/PropertyAccessMapImpl$GetterImpl
instanceKlass org/hibernate/metamodel/internal/AttributeFactory$1
instanceKlass  @bci org/hibernate/metamodel/internal/MetadataContext applyIdMetadata (Lorg/hibernate/mapping/PersistentClass;Lorg/hibernate/metamodel/model/domain/IdentifiableDomainType;)V 34 <appendix> member <vmtarget> ; # org/hibernate/metamodel/internal/MetadataContext$$Lambda+0x00000210bf834548
instanceKlass  @bci org/hibernate/persister/entity/AbstractEntityPersister getTypeDiscriminatorMetadata ()Lorg/hibernate/persister/entity/DiscriminatorMetadata; 1 <appendix> member <vmtarget> ; # org/hibernate/persister/entity/AbstractEntityPersister$$Lambda+0x00000210bf834320
instanceKlass org/hibernate/persister/entity/DiscriminatorMetadata
instanceKlass org/hibernate/metamodel/model/domain/AbstractManagedType$InFlightAccessImpl
instanceKlass org/hibernate/metamodel/model/domain/internal/AttributeContainer$InFlightAccess
instanceKlass jakarta/persistence/metamodel/CollectionAttribute
instanceKlass jakarta/persistence/metamodel/SetAttribute
instanceKlass jakarta/persistence/metamodel/MapAttribute
instanceKlass jakarta/persistence/metamodel/ListAttribute
instanceKlass jakarta/persistence/metamodel/PluralAttribute
instanceKlass org/hibernate/metamodel/model/domain/AbstractDomainType
instanceKlass org/hibernate/metamodel/model/domain/internal/AttributeContainer
instanceKlass  @bci org/hibernate/metamodel/internal/AttributeFactory <init> (Lorg/hibernate/metamodel/internal/MetadataContext;)V 14 <appendix> argL0 ; # org/hibernate/metamodel/internal/AttributeFactory$$Lambda+0x00000210bf830440
instanceKlass  @bci org/hibernate/metamodel/internal/AttributeFactory <init> (Lorg/hibernate/metamodel/internal/MetadataContext;)V 5 <appendix> argL0 ; # org/hibernate/metamodel/internal/AttributeFactory$$Lambda+0x00000210bf830220
instanceKlass  @bci org/hibernate/metamodel/internal/AttributeFactory <clinit> ()V 42 <appendix> argL0 ; # org/hibernate/metamodel/internal/AttributeFactory$$Lambda+0x00000210bf830000
instanceKlass  @bci org/hibernate/metamodel/internal/AttributeFactory <clinit> ()V 34 <appendix> argL0 ; # org/hibernate/metamodel/internal/AttributeFactory$$Lambda+0x00000210bf82c400
instanceKlass  @bci org/hibernate/metamodel/internal/AttributeFactory <clinit> ()V 26 <appendix> argL0 ; # org/hibernate/metamodel/internal/AttributeFactory$$Lambda+0x00000210bf82ddc8
instanceKlass org/hibernate/metamodel/internal/MemberResolver
instanceKlass org/hibernate/metamodel/internal/AttributeContext
instanceKlass org/hibernate/metamodel/internal/AttributeMetadata
instanceKlass org/hibernate/metamodel/model/domain/internal/AbstractAttribute
instanceKlass org/hibernate/metamodel/internal/AttributeFactory
instanceKlass org/hibernate/metamodel/model/domain/SingularPersistentAttribute
instanceKlass org/hibernate/query/sqm/SqmJoinable
instanceKlass org/hibernate/metamodel/model/domain/PersistentAttribute
instanceKlass jakarta/persistence/metamodel/SingularAttribute
instanceKlass jakarta/persistence/metamodel/Attribute
instanceKlass org/hibernate/metamodel/model/domain/EmbeddableDomainType
instanceKlass org/hibernate/metamodel/internal/MetadataContext
instanceKlass org/hibernate/metamodel/model/domain/internal/JpaMetamodelImpl$ImportInfo
instanceKlass  @bci org/hibernate/metamodel/model/domain/internal/JpaMetamodelImpl processJpa (Lorg/hibernate/boot/spi/MetadataImplementor;Lorg/hibernate/metamodel/MappingMetamodel;Ljava/util/Map;Lorg/hibernate/metamodel/internal/JpaStaticMetaModelPopulationSetting;Lorg/hibernate/metamodel/internal/JpaMetaModelPopulationSetting;Ljava/util/Collection;Lorg/hibernate/metamodel/spi/RuntimeModelCreationContext;)V 7 <appendix> member <vmtarget> ; # org/hibernate/metamodel/model/domain/internal/JpaMetamodelImpl$$Lambda+0x00000210bf82e880
instanceKlass  @bci org/hibernate/metamodel/model/domain/internal/MappingMetamodelImpl registerEmbeddableMappingType (Lorg/hibernate/boot/spi/MetadataImplementor;)V 2 <appendix> member <vmtarget> ; # org/hibernate/metamodel/model/domain/internal/MappingMetamodelImpl$$Lambda+0x00000210bf82bdc0
instanceKlass  @bci org/hibernate/metamodel/model/domain/internal/MappingMetamodelImpl finishInitialization (Lorg/hibernate/metamodel/spi/RuntimeModelCreationContext;)V 221 <appendix> argL0 ; # org/hibernate/metamodel/model/domain/internal/MappingMetamodelImpl$$Lambda+0x00000210bf82bb90
instanceKlass  @cpi org/hibernate/engine/internal/StatefulPersistenceContext 1186 form vmentry <vmtarget> ; # java/lang/invoke/LambdaForm$DMH+0x00000210bf82c000
instanceKlass  @bci org/hibernate/type/descriptor/java/AbstractArrayJavaType resolveType (Lorg/hibernate/type/spi/TypeConfiguration;Lorg/hibernate/dialect/Dialect;Lorg/hibernate/type/descriptor/java/AbstractArrayJavaType;Lorg/hibernate/type/BasicType;Lorg/hibernate/tool/schema/extract/spi/ColumnTypeInformation;Lorg/hibernate/type/descriptor/jdbc/JdbcTypeIndicators;)Lorg/hibernate/type/BasicType; 35 <appendix> member <vmtarget> ; # org/hibernate/type/descriptor/java/AbstractArrayJavaType$$Lambda+0x00000210bf82aba0
instanceKlass org/hibernate/type/BasicPluralType
instanceKlass org/hibernate/type/descriptor/java/ArrayJavaType$ArrayMutabilityPlan
instanceKlass org/hibernate/sql/results/spi/ResultsConsumer
instanceKlass org/hibernate/loader/ast/internal/AbstractMultiIdEntityLoader
instanceKlass org/hibernate/loader/ast/spi/SqlArrayMultiKeyLoader
instanceKlass org/hibernate/loader/ast/internal/MultiKeyLoadHelper
instanceKlass org/hibernate/sql/results/graph/AssemblerCreationState
instanceKlass org/hibernate/sql/results/jdbc/spi/JdbcValuesMappingResolution
instanceKlass org/hibernate/sql/results/jdbc/internal/StandardJdbcValuesMapping
instanceKlass org/hibernate/sql/results/jdbc/internal/JdbcValuesMappingProducerStandard
instanceKlass org/hibernate/sql/exec/spi/AbstractJdbcOperationQuery
instanceKlass org/hibernate/dialect/PostgreSQLDialect$2
instanceKlass org/hibernate/sql/ast/spi/AbstractSqlAstTranslator$1
instanceKlass  @bci org/hibernate/sql/ast/spi/AbstractSqlAstTranslator processTableGroupJoins (Lorg/hibernate/sql/ast/tree/from/TableGroup;)V 2 <appendix> member <vmtarget> ; # org/hibernate/sql/ast/spi/AbstractSqlAstTranslator$$Lambda+0x00000210bf822f18
instanceKlass  @bci org/hibernate/sql/ast/spi/AbstractSqlAstTranslator processNestedTableGroupJoins (Lorg/hibernate/sql/ast/tree/from/TableGroup;Ljava/util/List;)V 3 <appendix> member <vmtarget> ; # org/hibernate/sql/ast/spi/AbstractSqlAstTranslator$$Lambda+0x00000210bf822ce0
instanceKlass org/hibernate/sql/ast/tree/from/TableGroupJoin
instanceKlass  @bci org/hibernate/sql/ast/tree/from/TableReference applyAffectedTableNames (Ljava/util/function/Consumer;)V 2 <appendix> member <vmtarget> ; # org/hibernate/sql/ast/tree/from/TableReference$$Lambda+0x00000210bf8227a8
instanceKlass  @bci org/hibernate/sql/ast/spi/AbstractSqlAstTranslator registerAffectedTable (Lorg/hibernate/sql/ast/tree/from/NamedTableReference;)V 2 <appendix> member <vmtarget> ; # org/hibernate/sql/ast/spi/AbstractSqlAstTranslator$$Lambda+0x00000210bf822570
instanceKlass org/hibernate/sql/ast/tree/SqlAstTreeLogger
instanceKlass org/hibernate/sql/ast/SqlTreePrinter
instanceKlass org/hibernate/sql/results/graph/DomainResultGraphPrinter$Logging
instanceKlass org/hibernate/sql/results/graph/DomainResultGraphPrinter
instanceKlass org/hibernate/sql/ast/tree/insert/InsertStatement
instanceKlass org/hibernate/sql/exec/spi/JdbcParametersList$JdbcParametersListSingleton
instanceKlass org/hibernate/sql/exec/spi/Callback
instanceKlass org/hibernate/sql/exec/spi/JdbcParameterBindings
instanceKlass  @bci org/hibernate/loader/ast/internal/LoaderSelectBuilder applyFiltering (Lorg/hibernate/sql/ast/tree/predicate/PredicateContainer;Lorg/hibernate/sql/ast/tree/from/TableGroup;Lorg/hibernate/metamodel/mapping/Restrictable;Lorg/hibernate/sql/ast/spi/SqlAstCreationState;)V 7 <appendix> member <vmtarget> ; # org/hibernate/loader/ast/internal/LoaderSelectBuilder$$Lambda+0x00000210bf824b50
instanceKlass org/hibernate/sql/ast/spi/SqlAstTreeHelper
instanceKlass org/hibernate/sql/ast/tree/predicate/ComparisonPredicate
instanceKlass  @bci org/hibernate/loader/ast/internal/LoaderSelectBuilder applyRestriction (Lorg/hibernate/sql/ast/tree/select/QuerySpec;Lorg/hibernate/spi/NavigablePath;Lorg/hibernate/sql/ast/tree/from/TableGroup;Lorg/hibernate/metamodel/mapping/ModelPart;ILjava/util/function/Consumer;Lorg/hibernate/loader/ast/internal/LoaderSqlAstCreationState;)V 42 <adapter> ; # java/lang/invoke/LambdaForm$MH+0x00000210bf821000
# instanceKlass java/lang/invoke/LambdaForm$DMH+0x00000210bf820c00
instanceKlass  @bci org/hibernate/loader/ast/internal/LoaderSelectBuilder applyRestriction (Lorg/hibernate/sql/ast/tree/select/QuerySpec;Lorg/hibernate/spi/NavigablePath;Lorg/hibernate/sql/ast/tree/from/TableGroup;Lorg/hibernate/metamodel/mapping/ModelPart;ILjava/util/function/Consumer;Lorg/hibernate/loader/ast/internal/LoaderSqlAstCreationState;)V 42 <appendix> form vmentry <vmtarget> ; # java/lang/invoke/LambdaForm$DMH+0x00000210bf820800
instanceKlass  @bci org/hibernate/loader/ast/internal/LoaderSelectBuilder applyRestriction (Lorg/hibernate/sql/ast/tree/select/QuerySpec;Lorg/hibernate/spi/NavigablePath;Lorg/hibernate/sql/ast/tree/from/TableGroup;Lorg/hibernate/metamodel/mapping/ModelPart;ILjava/util/function/Consumer;Lorg/hibernate/loader/ast/internal/LoaderSqlAstCreationState;)V 42 <appendix> member <vmtarget> ; # org/hibernate/loader/ast/internal/LoaderSelectBuilder$$Lambda+0x00000210bf81e5f8
instanceKlass  @cpi org/hibernate/loader/ast/internal/LoaderSelectBuilder 679 form vmentry <vmtarget> ; # java/lang/invoke/LambdaForm$DMH+0x00000210bf820400
instanceKlass org/hibernate/sql/results/graph/collection/internal/CollectionFetch
instanceKlass org/hibernate/sql/results/graph/internal/ImmutableFetchList$FetchIterator
instanceKlass  @bci org/hibernate/loader/ast/internal/LoaderSelectBuilder createFetchableConsumer (Lorg/hibernate/sql/results/graph/FetchParent;Lorg/hibernate/loader/ast/internal/LoaderSqlAstCreationState;Lorg/hibernate/sql/results/graph/internal/ImmutableFetchList$Builder;)Lorg/hibernate/loader/ast/internal/LoaderSelectBuilder$FetchableConsumer; 4 <appendix> member <vmtarget> ; # org/hibernate/loader/ast/internal/LoaderSelectBuilder$$Lambda+0x00000210bf81d928
instanceKlass  @cpi org/hibernate/loader/ast/internal/LoaderSelectBuilder 732 form vmentry <vmtarget> ; # java/lang/invoke/LambdaForm$DMH+0x00000210bf820000
instanceKlass org/hibernate/loader/ast/internal/LoaderSelectBuilder$FetchableConsumer
instanceKlass org/hibernate/sql/results/graph/internal/ImmutableFetchList$Builder
instanceKlass org/hibernate/sql/results/graph/basic/BasicResultAssembler
instanceKlass org/hibernate/sql/results/graph/basic/BasicFetch
instanceKlass org/hibernate/sql/results/graph/basic/BasicResultGraphNode
instanceKlass org/hibernate/sql/results/internal/SqlSelectionImpl
instanceKlass org/hibernate/sql/ast/spi/SqlExpressionAccess
instanceKlass  @bci org/hibernate/sql/ast/spi/SqlExpressionResolver resolveSqlExpression (Lorg/hibernate/sql/ast/tree/from/TableReference;Lorg/hibernate/metamodel/mapping/SelectableMapping;)Lorg/hibernate/sql/ast/tree/expression/Expression; 8 <appendix> member <vmtarget> ; # org/hibernate/sql/ast/spi/SqlExpressionResolver$$Lambda+0x00000210bf81c200
instanceKlass org/hibernate/sql/ast/spi/SqlExpressionResolver$ColumnReferenceKey
instanceKlass org/hibernate/query/results/ResultsHelper
instanceKlass org/hibernate/sql/results/graph/Initializer
instanceKlass org/hibernate/sql/results/graph/DomainResultAssembler
instanceKlass org/hibernate/sql/results/graph/AbstractFetchParent
instanceKlass org/hibernate/sql/results/graph/InitializerProducer
instanceKlass org/hibernate/sql/results/graph/entity/EntityResult
instanceKlass org/hibernate/sql/results/graph/entity/EntityResultGraphNode
instanceKlass org/hibernate/sql/ast/tree/from/PluralTableGroup
instanceKlass  @bci org/hibernate/persister/entity/AbstractEntityPersister createRootTableGroup (ZLorg/hibernate/spi/NavigablePath;Ljava/lang/String;Lorg/hibernate/sql/ast/spi/SqlAliasBase;Ljava/util/function/Supplier;Lorg/hibernate/sql/ast/spi/SqlAstCreationState;)Lorg/hibernate/sql/ast/tree/from/TableGroup; 86 <appendix> member <vmtarget> ; # org/hibernate/persister/entity/AbstractEntityPersister$$Lambda+0x00000210bf81a348
instanceKlass org/hibernate/sql/ast/tree/from/TableReferenceJoin
instanceKlass org/hibernate/sql/ast/tree/from/TableJoin
instanceKlass  @bci org/hibernate/persister/entity/AbstractEntityPersister createRootTableGroup (ZLorg/hibernate/spi/NavigablePath;Ljava/lang/String;Lorg/hibernate/sql/ast/spi/SqlAliasBase;Ljava/util/function/Supplier;Lorg/hibernate/sql/ast/spi/SqlAstCreationState;)Lorg/hibernate/sql/ast/tree/from/TableGroup; 72 <appendix> member <vmtarget> ; # org/hibernate/persister/entity/AbstractEntityPersister$$Lambda+0x00000210bf819c48
instanceKlass org/hibernate/sql/ast/SqlTreeCreationLogger
instanceKlass org/hibernate/sql/ast/spi/SqlAliasBaseImpl
instanceKlass  @bci org/hibernate/loader/ast/internal/LoaderSelectBuilder buildRootTableGroup (Lorg/hibernate/spi/NavigablePath;Lorg/hibernate/sql/ast/tree/select/QuerySpec;Lorg/hibernate/loader/ast/internal/LoaderSqlAstCreationState;)Lorg/hibernate/sql/ast/tree/from/TableGroup; 9 <appendix> member <vmtarget> ; # org/hibernate/loader/ast/internal/LoaderSelectBuilder$$Lambda+0x00000210bf819060
instanceKlass  @bci org/hibernate/loader/ast/internal/LoaderSqlAstCreationState <init> (Lorg/hibernate/sql/ast/tree/select/QueryPart;Lorg/hibernate/sql/ast/spi/SqlAliasBaseManager;Lorg/hibernate/sql/ast/spi/FromClauseAccess;Lorg/hibernate/LockOptions;Lorg/hibernate/loader/ast/internal/LoaderSqlAstCreationState$FetchProcessor;ZLorg/hibernate/engine/spi/LoadQueryInfluencers;Lorg/hibernate/sql/ast/spi/SqlAstCreationContext;)V 63 <appendix> argL0 ; # org/hibernate/loader/ast/internal/LoaderSqlAstCreationState$$Lambda+0x00000210bf818e40
instanceKlass org/hibernate/sql/ast/spi/SqlExpressionResolver$1
instanceKlass org/hibernate/query/sqm/sql/internal/SqlAstProcessingStateImpl
instanceKlass org/hibernate/query/sqm/sql/BaseSqmToSqlAstConverter$SqmAliasedNodeCollector
instanceKlass  @bci org/hibernate/loader/ast/internal/LoaderSelectBuilder createSqlAstCreationState (Lorg/hibernate/sql/ast/tree/select/QuerySpec;)Lorg/hibernate/loader/ast/internal/LoaderSqlAstCreationState; 24 <appendix> member <vmtarget> ; # org/hibernate/loader/ast/internal/LoaderSelectBuilder$$Lambda+0x00000210bf817b98
instanceKlass org/hibernate/sql/results/graph/internal/ImmutableFetchList
instanceKlass org/hibernate/sql/results/graph/FetchList
instanceKlass org/hibernate/loader/ast/internal/LoaderSqlAstCreationState$FetchProcessor
instanceKlass org/hibernate/sql/ast/spi/SimpleFromClauseAccessImpl
instanceKlass org/hibernate/sql/ast/spi/SqlAliasBaseManager
instanceKlass org/hibernate/sql/ast/spi/SqlExpressionResolver
instanceKlass org/hibernate/sql/ast/spi/SqlAliasBaseGenerator
instanceKlass org/hibernate/loader/ast/internal/LoaderSqlAstCreationState
instanceKlass org/hibernate/sql/ast/spi/SqlAstQueryPartProcessingState
instanceKlass org/hibernate/sql/ast/spi/SqlAstQueryNodeProcessingState
instanceKlass org/hibernate/sql/ast/spi/SqlAstProcessingState
instanceKlass org/hibernate/sql/ast/tree/select/SelectClause
instanceKlass org/hibernate/sql/ast/tree/from/FromClause
instanceKlass org/hibernate/sql/results/graph/EntityGraphTraversalState
instanceKlass org/hibernate/loader/ast/internal/LoaderSelectBuilder
instanceKlass  @bci org/hibernate/loader/ast/internal/SingleIdEntityLoaderStandardImpl createLoadPlan (Lorg/hibernate/metamodel/mapping/EntityMappingType;Lorg/hibernate/LockOptions;Lorg/hibernate/engine/spi/LoadQueryInfluencers;Lorg/hibernate/engine/spi/SessionFactoryImplementor;)Lorg/hibernate/loader/ast/internal/SingleIdLoadPlan; 24 <appendix> member <vmtarget> ; # org/hibernate/loader/ast/internal/SingleIdEntityLoaderStandardImpl$$Lambda+0x00000210bf8148a0
instanceKlass org/hibernate/sql/exec/spi/JdbcParametersList$Builder
instanceKlass org/hibernate/sql/exec/spi/JdbcParametersList$JdbcParametersListMulti
instanceKlass org/hibernate/sql/exec/spi/JdbcParametersList
instanceKlass  @bci org/hibernate/loader/ast/internal/SingleIdEntityLoaderStandardImpl <init> (Lorg/hibernate/metamodel/mapping/EntityMappingType;Lorg/hibernate/engine/spi/LoadQueryInfluencers;)V 4 <appendix> member <vmtarget> ; # org/hibernate/loader/ast/internal/SingleIdEntityLoaderStandardImpl$$Lambda+0x00000210bf8135f0
instanceKlass org/hibernate/loader/ast/internal/SingleIdLoadPlan
instanceKlass org/hibernate/loader/ast/internal/SingleEntityLoadPlan
instanceKlass org/hibernate/loader/ast/internal/LoadPlan
instanceKlass org/hibernate/loader/ast/internal/SingleIdEntityLoaderSupport
instanceKlass org/hibernate/engine/spi/EffectiveEntityGraph
instanceKlass org/hibernate/graph/spi/AppliedGraph
instanceKlass org/hibernate/Filter
instanceKlass org/hibernate/engine/spi/LoadQueryInfluencers
instanceKlass  @bci org/hibernate/metamodel/model/domain/internal/MappingMetamodelImpl registerEntityNameResolvers (Lorg/hibernate/metamodel/spi/EntityRepresentationStrategy;Ljava/util/Set;)V 7 <appendix> member <vmtarget> ; # org/hibernate/metamodel/model/domain/internal/MappingMetamodelImpl$$Lambda+0x00000210bf811938
instanceKlass org/hibernate/LockMode$1
instanceKlass org/hibernate/sql/ForUpdateFragment
instanceKlass org/hibernate/sql/ComparisonRestriction
instanceKlass org/hibernate/sql/Restriction
instanceKlass org/hibernate/sql/SimpleSelect
instanceKlass org/hibernate/sql/RestrictionRenderingContext
instanceKlass  @bci org/hibernate/dialect/SqlAstTranslatorWithMerge renderMergeInsert (Lorg/hibernate/sql/model/internal/OptionalTableUpdate;)V 178 <appendix> member <vmtarget> ; # org/hibernate/dialect/SqlAstTranslatorWithMerge$$Lambda+0x00000210bf810470
instanceKlass  @bci org/hibernate/dialect/SqlAstTranslatorWithMerge renderMergeInsert (Lorg/hibernate/sql/model/internal/OptionalTableUpdate;)V 97 <appendix> member <vmtarget> ; # org/hibernate/dialect/SqlAstTranslatorWithMerge$$Lambda+0x00000210bf810238
instanceKlass  @bci org/hibernate/sql/ast/tree/expression/ColumnReference appendReadExpression (Lorg/hibernate/sql/ast/spi/SqlAppender;Ljava/lang/String;)V 8 <appendix> member <vmtarget> ; # org/hibernate/sql/ast/tree/expression/ColumnReference$$Lambda+0x00000210bf810000
instanceKlass org/hibernate/dialect/Dialect$4
instanceKlass org/hibernate/sql/ast/tree/expression/CastTarget
instanceKlass org/hibernate/query/sqm/sql/internal/SqmParameterInterpretation
instanceKlass org/hibernate/sql/ast/tree/expression/SqlTupleContainer
instanceKlass  @bci org/hibernate/sql/ast/spi/AbstractSqlAstTranslator visitStandardTableDelete (Lorg/hibernate/sql/model/internal/TableDeleteStandard;)V 78 <appendix> member <vmtarget> ; # org/hibernate/sql/ast/spi/AbstractSqlAstTranslator$$Lambda+0x00000210bf80f248
instanceKlass  @bci org/hibernate/persister/entity/mutation/DeleteCoordinatorStandard applyTableDeleteDetails (Lorg/hibernate/sql/model/ast/builder/MutationGroupBuilder;Ljava/lang/Object;[Ljava/lang/Object;ZLorg/hibernate/engine/spi/SharedSessionContractImplementor;)V 3 <appendix> member <vmtarget> ; # org/hibernate/persister/entity/mutation/DeleteCoordinatorStandard$$Lambda+0x00000210bf80e788
instanceKlass org/hibernate/sql/model/ast/TableDelete
instanceKlass  @bci org/hibernate/persister/entity/mutation/DeleteCoordinatorStandard generateOperationGroup (Ljava/lang/Object;[Ljava/lang/Object;ZLorg/hibernate/engine/spi/SharedSessionContractImplementor;)Lorg/hibernate/sql/model/MutationOperationGroup; 23 <appendix> member <vmtarget> ; # org/hibernate/persister/entity/mutation/DeleteCoordinatorStandard$$Lambda+0x00000210bf80df48
instanceKlass org/hibernate/sql/model/ast/builder/TableDeleteBuilder
instanceKlass org/hibernate/engine/jdbc/batch/internal/BasicBatchKey
instanceKlass  @bci org/hibernate/sql/ast/spi/AbstractSqlAstTranslator visitTableUpdate (Lorg/hibernate/sql/model/ast/RestrictedTableMutation;)V 132 <appendix> member <vmtarget> ; # org/hibernate/sql/ast/spi/AbstractSqlAstTranslator$$Lambda+0x00000210bf80cf88
instanceKlass  @bci org/hibernate/sql/ast/spi/AbstractSqlAstTranslator visitTableUpdate (Lorg/hibernate/sql/model/ast/RestrictedTableMutation;)V 71 <appendix> member <vmtarget> ; # org/hibernate/sql/ast/spi/AbstractSqlAstTranslator$$Lambda+0x00000210bf80cd50
instanceKlass  @bci org/hibernate/sql/model/ast/AbstractTableUpdate collectParameters (Ljava/util/List;Ljava/util/List;Ljava/util/List;)Ljava/util/List; 9 <appendix> member <vmtarget> ; # org/hibernate/sql/model/ast/AbstractTableUpdate$$Lambda+0x00000210bf80cb18
instanceKlass org/hibernate/sql/model/ast/TableUpdate
instanceKlass  @bci org/hibernate/sql/model/ast/ColumnValueBindingList createValueBinding (Ljava/lang/String;Ljava/lang/String;Lorg/hibernate/metamodel/mapping/JdbcMapping;)Lorg/hibernate/sql/model/ast/ColumnValueBinding; 20 <appendix> member <vmtarget> ; # org/hibernate/sql/model/ast/ColumnValueBindingList$$Lambda+0x00000210bf807ce8
instanceKlass  @bci org/hibernate/persister/entity/mutation/UpdateCoordinatorStandard applyTableUpdateDetails (Ljava/lang/Object;Ljava/lang/Object;Lorg/hibernate/sql/model/ast/builder/MutationGroupBuilder;[Ljava/lang/Object;Lorg/hibernate/persister/entity/mutation/UpdateCoordinatorStandard$UpdateValuesAnalysisImpl;Lorg/hibernate/persister/entity/mutation/UpdateCoordinatorStandard$DirtinessChecker;Lorg/hibernate/engine/spi/SharedSessionContractImplementor;)V 67 <appendix> member <vmtarget> ; # org/hibernate/persister/entity/mutation/UpdateCoordinatorStandard$$Lambda+0x00000210bf807ab0
instanceKlass  @bci org/hibernate/metamodel/mapping/ValuedModelPart forEachUpdatable (Lorg/hibernate/metamodel/mapping/SelectableConsumer;)V 2 <appendix> member <vmtarget> ; # org/hibernate/metamodel/mapping/ValuedModelPart$$Lambda+0x00000210bf807868
instanceKlass  @bci org/hibernate/persister/entity/mutation/UpdateCoordinatorStandard applyTableUpdateDetails (Ljava/lang/Object;Ljava/lang/Object;Lorg/hibernate/sql/model/ast/builder/MutationGroupBuilder;[Ljava/lang/Object;Lorg/hibernate/persister/entity/mutation/UpdateCoordinatorStandard$UpdateValuesAnalysisImpl;Lorg/hibernate/persister/entity/mutation/UpdateCoordinatorStandard$DirtinessChecker;Lorg/hibernate/engine/spi/SharedSessionContractImplementor;)V 56 <adapter> ; # java/lang/invoke/LambdaForm$MH+0x00000210bf80a000
# instanceKlass java/lang/invoke/LambdaForm$DMH+0x00000210bf809c00
instanceKlass  @bci org/hibernate/persister/entity/mutation/UpdateCoordinatorStandard applyTableUpdateDetails (Ljava/lang/Object;Ljava/lang/Object;Lorg/hibernate/sql/model/ast/builder/MutationGroupBuilder;[Ljava/lang/Object;Lorg/hibernate/persister/entity/mutation/UpdateCoordinatorStandard$UpdateValuesAnalysisImpl;Lorg/hibernate/persister/entity/mutation/UpdateCoordinatorStandard$DirtinessChecker;Lorg/hibernate/engine/spi/SharedSessionContractImplementor;)V 56 <appendix> form vmentry <vmtarget> ; # java/lang/invoke/LambdaForm$DMH+0x00000210bf809800
instanceKlass  @bci org/hibernate/persister/entity/mutation/UpdateCoordinatorStandard applyTableUpdateDetails (Ljava/lang/Object;Ljava/lang/Object;Lorg/hibernate/sql/model/ast/builder/MutationGroupBuilder;[Ljava/lang/Object;Lorg/hibernate/persister/entity/mutation/UpdateCoordinatorStandard$UpdateValuesAnalysisImpl;Lorg/hibernate/persister/entity/mutation/UpdateCoordinatorStandard$DirtinessChecker;Lorg/hibernate/engine/spi/SharedSessionContractImplementor;)V 56 <appendix> member <vmtarget> ; # org/hibernate/persister/entity/mutation/UpdateCoordinatorStandard$$Lambda+0x00000210bf807630
instanceKlass  @cpi org/hibernate/persister/entity/mutation/UpdateCoordinatorStandard 890 form vmentry <vmtarget> ; # java/lang/invoke/LambdaForm$DMH+0x00000210bf809400
instanceKlass  @bci org/hibernate/persister/entity/mutation/UpdateCoordinatorStandard buildStaticUpdateGroup ()Lorg/hibernate/sql/model/MutationOperationGroup; 68 <appendix> member <vmtarget> ; # org/hibernate/persister/entity/mutation/UpdateCoordinatorStandard$$Lambda+0x00000210bf807408
instanceKlass org/hibernate/persister/entity/mutation/UpdateCoordinatorStandard$DirtinessChecker
instanceKlass  @bci org/hibernate/persister/entity/mutation/UpdateCoordinatorStandard buildStaticUpdateGroup ()Lorg/hibernate/sql/model/MutationOperationGroup; 52 <appendix> member <vmtarget> ; # org/hibernate/persister/entity/mutation/UpdateCoordinatorStandard$$Lambda+0x00000210bf806910
instanceKlass org/hibernate/persister/entity/mutation/UpdateCoordinatorStandard$1
instanceKlass org/hibernate/persister/entity/mutation/UpdateCoordinatorStandard$ColumnSetAnalysis
instanceKlass org/hibernate/persister/entity/mutation/UpdateCoordinatorStandard$IncludedAttributeAnalysis
instanceKlass  @bci org/hibernate/persister/entity/mutation/UpdateCoordinatorStandard$UpdateValuesAnalysisImpl <init> (Lorg/hibernate/persister/entity/mutation/UpdateCoordinatorStandard;[Ljava/lang/Object;[Ljava/lang/Object;[ILorg/hibernate/persister/entity/mutation/UpdateCoordinatorStandard$InclusionChecker;Ljava/lang/Object;Z)V 104 <adapter> ; # java/lang/invoke/LambdaForm$MH+0x00000210bf809000
# instanceKlass java/lang/invoke/LambdaForm$DMH+0x00000210bf808c00
instanceKlass  @bci org/hibernate/persister/entity/mutation/UpdateCoordinatorStandard$UpdateValuesAnalysisImpl <init> (Lorg/hibernate/persister/entity/mutation/UpdateCoordinatorStandard;[Ljava/lang/Object;[Ljava/lang/Object;[ILorg/hibernate/persister/entity/mutation/UpdateCoordinatorStandard$InclusionChecker;Ljava/lang/Object;Z)V 104 <appendix> form vmentry <vmtarget> ; # java/lang/invoke/LambdaForm$DMH+0x00000210bf808800
instanceKlass  @bci org/hibernate/persister/entity/mutation/UpdateCoordinatorStandard$UpdateValuesAnalysisImpl <init> (Lorg/hibernate/persister/entity/mutation/UpdateCoordinatorStandard;[Ljava/lang/Object;[Ljava/lang/Object;[ILorg/hibernate/persister/entity/mutation/UpdateCoordinatorStandard$InclusionChecker;Ljava/lang/Object;Z)V 104 <appendix> member <vmtarget> ; # org/hibernate/persister/entity/mutation/UpdateCoordinatorStandard$UpdateValuesAnalysisImpl$$Lambda+0x00000210bf805950
instanceKlass  @cpi org/hibernate/persister/entity/mutation/UpdateCoordinatorStandard$UpdateValuesAnalysisImpl 166 form vmentry <vmtarget> ; # java/lang/invoke/LambdaForm$DMH+0x00000210bf808400
instanceKlass org/hibernate/persister/entity/mutation/TableSet
instanceKlass org/hibernate/persister/entity/mutation/UpdateCoordinatorStandard$AttributeAnalysisImplementor
instanceKlass org/hibernate/persister/entity/mutation/AttributeAnalysis
instanceKlass org/hibernate/persister/entity/mutation/UpdateCoordinatorStandard$UpdateValuesAnalysisImpl
instanceKlass org/hibernate/persister/entity/mutation/UpdateValuesAnalysis
instanceKlass  @bci org/hibernate/persister/entity/mutation/UpdateCoordinatorStandard buildStaticUpdateGroup ()Lorg/hibernate/sql/model/MutationOperationGroup; 18 <appendix> argL0 ; # org/hibernate/persister/entity/mutation/UpdateCoordinatorStandard$$Lambda+0x00000210bf804c70
instanceKlass  @bci org/hibernate/persister/entity/mutation/UpdateCoordinatorStandard buildStaticUpdateGroup ()Lorg/hibernate/sql/model/MutationOperationGroup; 13 <appendix> member <vmtarget> ; # org/hibernate/persister/entity/mutation/UpdateCoordinatorStandard$$Lambda+0x00000210bf804a48
instanceKlass  @bci org/hibernate/persister/entity/mutation/UpdateCoordinatorStandard buildStaticUpdateGroup ()Lorg/hibernate/sql/model/MutationOperationGroup; 7 <appendix> member <vmtarget> ; # org/hibernate/persister/entity/mutation/UpdateCoordinatorStandard$$Lambda+0x00000210bf804820
instanceKlass  @cpi org/hibernate/persister/entity/mutation/UpdateCoordinatorStandard 908 form vmentry <vmtarget> ; # java/lang/invoke/LambdaForm$DMH+0x00000210bf808000
instanceKlass org/hibernate/persister/entity/mutation/UpdateCoordinatorStandard$InclusionChecker
instanceKlass org/hibernate/metamodel/mapping/ModelPart$JdbcValueConsumer
instanceKlass org/hibernate/sql/model/ast/builder/TableUpdateBuilder
instanceKlass org/hibernate/sql/model/ast/builder/RestrictedTableMutationBuilder
instanceKlass org/hibernate/sql/model/internal/EntityMutationOperationGroupStandard
instanceKlass org/hibernate/sql/model/EntityMutationOperationGroup
instanceKlass org/hibernate/sql/model/internal/MutationOperationGroupFactory
instanceKlass org/hibernate/engine/jdbc/mutation/internal/JdbcValueDescriptorImpl
instanceKlass org/hibernate/sql/model/jdbc/JdbcValueDescriptor
instanceKlass org/hibernate/sql/model/PreparableMutationOperation$1
instanceKlass org/hibernate/sql/model/jdbc/AbstractJdbcMutation
instanceKlass org/hibernate/sql/model/jdbc/JdbcMutationOperation
instanceKlass  @bci org/hibernate/sql/ast/spi/AbstractSqlAstTranslator renderInsertInto (Lorg/hibernate/sql/model/internal/TableInsertStandard;)V 61 <appendix> member <vmtarget> ; # org/hibernate/sql/ast/spi/AbstractSqlAstTranslator$$Lambda+0x00000210bf8012f8
instanceKlass  @bci org/hibernate/sql/ast/spi/AbstractSqlAstTranslator renderInsertInto (Lorg/hibernate/sql/model/internal/TableInsertStandard;)V 28 <appendix> member <vmtarget> ; # org/hibernate/sql/ast/spi/AbstractSqlAstTranslator$$Lambda+0x00000210bf8010c0
instanceKlass org/hibernate/query/spi/QueryOptionsAdapter
instanceKlass org/hibernate/query/spi/Limit
instanceKlass org/hibernate/engine/jdbc/mutation/internal/MutationQueryOptions
instanceKlass org/hibernate/internal/util/collections/StandardStack
instanceKlass org/hibernate/sql/exec/internal/JdbcParametersImpl
instanceKlass org/hibernate/sql/exec/spi/JdbcParameters
instanceKlass org/hibernate/internal/util/collections/Stack
instanceKlass org/hibernate/sql/ast/tree/expression/Literal
instanceKlass org/hibernate/sql/exec/spi/JdbcOperationQueryInsert
instanceKlass org/hibernate/sql/exec/spi/JdbcOperationQueryMutation
instanceKlass org/hibernate/sql/exec/spi/JdbcOperationQuery
instanceKlass org/hibernate/sql/exec/spi/JdbcOperation
instanceKlass org/hibernate/sql/ast/tree/expression/SelfRenderingExpression
instanceKlass org/hibernate/sql/exec/spi/JdbcParameterBinding
instanceKlass org/hibernate/sql/ast/spi/AbstractSqlAstTranslator
instanceKlass org/hibernate/sql/model/internal/MutationGroupSingle
instanceKlass org/hibernate/query/spi/QueryOptions
instanceKlass  @bci org/springframework/data/repository/query/parser/PartTree$OrPart <init> (Ljava/lang/String;Ljava/lang/Class;Z)V 30 <appendix> form vmentry <vmtarget> ; # java/lang/invoke/LambdaForm$DMH+0x00000210bf7f8400
instanceKlass  @bci org/hibernate/persister/entity/mutation/InsertCoordinatorStandard applyTableInsertDetails (Lorg/hibernate/sql/model/ast/builder/MutationGroupBuilder;[ZLjava/lang/Object;Lorg/hibernate/engine/spi/SharedSessionContractImplementor;Z)V 46 <appendix> member <vmtarget> ; # org/hibernate/persister/entity/mutation/InsertCoordinatorStandard$$Lambda+0x00000210bf7f7160
instanceKlass  @cpi org/hibernate/persister/entity/mutation/InsertCoordinatorStandard 441 form vmentry <vmtarget> ; # java/lang/invoke/LambdaForm$DMH+0x00000210bf7f8000
instanceKlass org/hibernate/sql/model/ast/ColumnValueBinding
instanceKlass org/hibernate/sql/model/ast/ColumnWriteFragment
instanceKlass org/hibernate/sql/exec/internal/AbstractJdbcParameter
instanceKlass org/hibernate/sql/exec/spi/JdbcParameterBinder
instanceKlass org/hibernate/sql/ast/tree/expression/JdbcParameter
instanceKlass org/hibernate/sql/ast/tree/expression/ColumnReference
instanceKlass org/hibernate/sql/model/ast/builder/ColumnValueBindingBuilder
instanceKlass  @bci org/hibernate/sql/model/ast/builder/AbstractTableMutationBuilder createValueBinding (Ljava/lang/String;Ljava/lang/String;Lorg/hibernate/metamodel/mapping/JdbcMapping;Lorg/hibernate/engine/jdbc/mutation/ParameterUsage;)Lorg/hibernate/sql/model/ast/ColumnValueBinding; 18 <appendix> member <vmtarget> ; # org/hibernate/sql/model/ast/builder/AbstractTableMutationBuilder$$Lambda+0x00000210bf7f53b0
instanceKlass  @bci org/hibernate/metamodel/mapping/ValuedModelPart forEachInsertable (Lorg/hibernate/metamodel/mapping/SelectableConsumer;)V 2 <appendix> member <vmtarget> ; # org/hibernate/metamodel/mapping/ValuedModelPart$$Lambda+0x00000210bf7f4d28
instanceKlass  @bci org/hibernate/sql/model/ast/builder/MutationGroupBuilder forEachTableMutationBuilder (Ljava/util/function/Consumer;)V 5 <appendix> member <vmtarget> ; # org/hibernate/sql/model/ast/builder/MutationGroupBuilder$$Lambda+0x00000210bf7f4af0
instanceKlass  @bci org/hibernate/persister/entity/mutation/InsertCoordinatorStandard applyTableInsertDetails (Lorg/hibernate/sql/model/ast/builder/MutationGroupBuilder;[ZLjava/lang/Object;Lorg/hibernate/engine/spi/SharedSessionContractImplementor;Z)V 18 <appendix> member <vmtarget> ; # org/hibernate/persister/entity/mutation/InsertCoordinatorStandard$$Lambda+0x00000210bf7f48b8
instanceKlass  @cpi org/hibernate/persister/entity/mutation/InsertCoordinatorStandard 435 form vmentry <vmtarget> ; # java/lang/invoke/LambdaForm$DMH+0x00000210bf7ecc00
instanceKlass org/hibernate/sql/model/ast/MutatingTableReference
instanceKlass org/hibernate/sql/model/ast/TableInsert
instanceKlass org/hibernate/sql/model/ast/builder/AbstractTableMutationBuilder
instanceKlass org/hibernate/sql/model/ast/builder/TableInsertBuilder
instanceKlass org/hibernate/sql/model/ast/builder/ColumnValuesTableMutationBuilder
instanceKlass  @bci org/hibernate/persister/entity/mutation/InsertCoordinatorStandard generateStaticOperationGroup ()Lorg/hibernate/sql/model/MutationOperationGroup; 21 <appendix> member <vmtarget> ; # org/hibernate/persister/entity/mutation/InsertCoordinatorStandard$$Lambda+0x00000210bf7f2ce0
instanceKlass org/hibernate/sql/model/ast/MutationGroup
instanceKlass org/hibernate/sql/model/ast/builder/MutationGroupBuilder
instanceKlass org/hibernate/sql/model/ValuesAnalysis
instanceKlass org/hibernate/persister/entity/mutation/AbstractMutationCoordinator
instanceKlass org/hibernate/generator/values/GeneratedValueBasicResultBuilder
instanceKlass org/hibernate/query/results/ResultBuilder
instanceKlass org/hibernate/sql/results/jdbc/spi/JdbcValuesMapping
instanceKlass org/hibernate/generator/values/internal/GeneratedValuesMappingProducer
instanceKlass org/hibernate/sql/ast/tree/from/AbstractTableReference
instanceKlass org/hibernate/sql/ast/tree/from/ColumnReferenceQualifier$1
instanceKlass org/hibernate/sql/ast/spi/SqlSelection
instanceKlass org/hibernate/sql/ast/tree/from/AbstractColumnReferenceQualifier
instanceKlass org/hibernate/spi/NavigablePath
instanceKlass org/hibernate/id/IdentifierGeneratorHelper
instanceKlass org/hibernate/generator/values/GeneratedValues
instanceKlass org/hibernate/sql/results/spi/RowTransformer
instanceKlass org/hibernate/sql/results/jdbc/spi/JdbcValues
instanceKlass org/hibernate/sql/results/jdbc/spi/JdbcValuesSourceProcessingOptions
instanceKlass org/hibernate/sql/results/jdbc/internal/ResultSetAccess
instanceKlass org/hibernate/sql/results/jdbc/spi/JdbcValuesMetadata
instanceKlass org/hibernate/sql/exec/spi/ExecutionContext
instanceKlass org/hibernate/generator/values/internal/GeneratedValuesHelper
instanceKlass org/hibernate/sql/model/ast/builder/TableMutationBuilder
instanceKlass org/hibernate/generator/values/AbstractGeneratedValuesMutationDelegate
instanceKlass org/hibernate/dialect/identity/IdentityColumnSupportImpl
instanceKlass org/hibernate/sql/model/TableMapping$MutationDetails
instanceKlass  @bci org/hibernate/persister/entity/AbstractEntityPersister collectAttributesIndexesForTable (ILjava/util/function/Consumer;)V 4 <adapter> ; # java/lang/invoke/LambdaForm$MH+0x00000210bf7ec800
instanceKlass  @bci org/hibernate/persister/entity/AbstractEntityPersister collectAttributesIndexesForTable (ILjava/util/function/Consumer;)V 4 <appendix> form vmentry <vmtarget> ; # java/lang/invoke/LambdaForm$DMH+0x00000210bf7ec400
instanceKlass  @bci org/hibernate/persister/entity/AbstractEntityPersister collectAttributesIndexesForTable (ILjava/util/function/Consumer;)V 4 <appendix> member <vmtarget> ; # org/hibernate/persister/entity/AbstractEntityPersister$$Lambda+0x00000210bf7ead88
instanceKlass  @cpi org/hibernate/persister/entity/AbstractEntityPersister 4263 form vmentry <vmtarget> ; # java/lang/invoke/LambdaForm$DMH+0x00000210bf7ec000
instanceKlass org/hibernate/internal/util/IndexedConsumer
instanceKlass  @bci org/hibernate/persister/entity/AbstractEntityPersister lambda$buildTableMappings$9 (Ljava/util/LinkedHashMap;Ljava/lang/String;ILjava/util/function/Supplier;)V 279 <appendix> member <vmtarget> ; # org/hibernate/persister/entity/AbstractEntityPersister$$Lambda+0x00000210bf7ea950
instanceKlass org/hibernate/persister/entity/mutation/EntityTableMapping
instanceKlass org/hibernate/persister/entity/mutation/EntityTableMapping$KeyMapping
instanceKlass org/hibernate/metamodel/mapping/TableDetails$KeyDetails
instanceKlass org/hibernate/persister/entity/AbstractEntityPersister$TableMappingBuilder
instanceKlass org/hibernate/persister/entity/mutation/EntityTableMapping$KeyColumn
instanceKlass org/hibernate/metamodel/mapping/TableDetails$KeyColumn
instanceKlass  @bci org/hibernate/metamodel/mapping/SelectableConsumer accept (Ljava/lang/String;Lorg/hibernate/metamodel/mapping/JdbcMappingContainer;[Ljava/lang/String;)V 40 <appendix> member <vmtarget> ; # org/hibernate/metamodel/mapping/SelectableConsumer$$Lambda+0x00000210bf7e96a8
instanceKlass  @cpi org/hibernate/metamodel/mapping/SelectableConsumer 62 form vmentry <vmtarget> ; # java/lang/invoke/LambdaForm$DMH+0x00000210bf7dcc00
instanceKlass org/hibernate/metamodel/mapping/SelectableConsumer$MutableSelectableMapping
instanceKlass org/hibernate/metamodel/mapping/SelectableConsumer$1
instanceKlass  @bci org/hibernate/persister/entity/AbstractEntityPersister lambda$buildTableMappings$9 (Ljava/util/LinkedHashMap;Ljava/lang/String;ILjava/util/function/Supplier;)V 48 <appendix> member <vmtarget> ; # org/hibernate/persister/entity/AbstractEntityPersister$$Lambda+0x00000210bf7e8eb8
instanceKlass  @bci org/hibernate/persister/entity/SingleTableEntityPersister lambda$visitMutabilityOrderedTables$3 (Ljava/lang/String;I)Ljava/util/function/Consumer; 3 <appendix> member <vmtarget> ; # org/hibernate/persister/entity/SingleTableEntityPersister$$Lambda+0x00000210bf7ddc88
instanceKlass org/hibernate/metamodel/mapping/SelectableConsumer
instanceKlass  @bci org/hibernate/persister/entity/SingleTableEntityPersister visitMutabilityOrderedTables (Lorg/hibernate/persister/entity/AbstractEntityPersister$MutabilityOrderedTableConsumer;)V 29 <appendix> member <vmtarget> ; # org/hibernate/persister/entity/SingleTableEntityPersister$$Lambda+0x00000210bf7dd860
instanceKlass  @bci org/hibernate/persister/entity/AbstractEntityPersister buildTableMappings ()[Lorg/hibernate/persister/entity/mutation/EntityTableMapping; 11 <appendix> member <vmtarget> ; # org/hibernate/persister/entity/AbstractEntityPersister$$Lambda+0x00000210bf7dd638
instanceKlass  @cpi org/hibernate/persister/entity/AbstractEntityPersister 4256 form vmentry <vmtarget> ; # java/lang/invoke/LambdaForm$DMH+0x00000210bf7dc800
instanceKlass org/hibernate/persister/entity/AbstractEntityPersister$MutabilityOrderedTableConsumer
instanceKlass  @bci org/hibernate/persister/entity/AbstractEntityPersister lambda$prepareMappingModel$11 ()Z 24 <appendix> member <vmtarget> ; # org/hibernate/persister/entity/AbstractEntityPersister$$Lambda+0x00000210bf7dd200
instanceKlass org/hibernate/metamodel/mapping/MappingModelCreationLogging
instanceKlass org/hibernate/metamodel/mapping/internal/MappingModelCreationProcess$PostInitCallbackEntry
instanceKlass  @bci org/hibernate/persister/entity/AbstractEntityPersister prepareMappingModel (Lorg/hibernate/metamodel/mapping/internal/MappingModelCreationProcess;)V 379 <appendix> member <vmtarget> ; # org/hibernate/persister/entity/AbstractEntityPersister$$Lambda+0x00000210bf7e7ae8
instanceKlass org/hibernate/metamodel/mapping/internal/MappingModelCreationProcess$PostInitCallback
instanceKlass org/hibernate/metamodel/mapping/internal/ImmutableAttributeMappingsMap$AttributeMappingIterator
instanceKlass org/hibernate/metamodel/mapping/internal/ImmutableAttributeMappingsMap$AttributeMappingIterable
instanceKlass org/hibernate/metamodel/mapping/internal/ImmutableAttributeMappingList
instanceKlass org/hibernate/metamodel/mapping/AttributeMappingsList
instanceKlass org/hibernate/metamodel/mapping/internal/ImmutableAttributeMappingList$Builder
instanceKlass org/hibernate/metamodel/mapping/internal/ImmutableAttributeMappingsMap
instanceKlass org/hibernate/metamodel/mapping/SelectablePath
instanceKlass org/hibernate/metamodel/mapping/EmbeddableMappingType
instanceKlass org/hibernate/metamodel/mapping/internal/SimpleAttributeMetadata
instanceKlass org/hibernate/sql/ast/tree/update/Assignable
instanceKlass org/hibernate/boot/model/internal/SoftDeleteHelper
instanceKlass org/hibernate/engine/spi/IdentifierValue
instanceKlass org/hibernate/engine/spi/UnsavedValueStrategy
# instanceKlass java/lang/invoke/LambdaForm$MH+0x00000210bf7dc400
instanceKlass org/hibernate/engine/spi/SharedSessionDelegatorBaseImpl
instanceKlass org/hibernate/engine/internal/UnsavedValueFactory
instanceKlass  @bci org/hibernate/metamodel/mapping/internal/BasicEntityIdentifierMappingImpl getMappedType ()Lorg/hibernate/metamodel/mapping/MappingType; 9 <appendix> member <vmtarget> ; # org/hibernate/metamodel/mapping/internal/BasicEntityIdentifierMappingImpl$$Lambda+0x00000210bf7df8b8
instanceKlass org/hibernate/sql/results/graph/Fetch
instanceKlass org/hibernate/metamodel/mapping/internal/BasicEntityIdentifierMappingImpl
instanceKlass org/hibernate/metamodel/mapping/BasicEntityIdentifierMapping
instanceKlass org/hibernate/metamodel/mapping/internal/SingleAttributeIdentifierMapping
instanceKlass  @bci org/hibernate/persister/entity/AbstractEntityPersister prepareMappingModel (Lorg/hibernate/metamodel/mapping/internal/MappingModelCreationProcess;Lorg/hibernate/mapping/PersistentClass;)V 67 <appendix> member <vmtarget> ; # org/hibernate/persister/entity/AbstractEntityPersister$$Lambda+0x00000210bf7dbc50
instanceKlass org/hibernate/metamodel/mapping/internal/MappingModelCreationProcess$SubPartMappingProducer
instanceKlass  @bci org/hibernate/persister/entity/AbstractEntityPersister prepareMappingModel (Lorg/hibernate/metamodel/mapping/internal/MappingModelCreationProcess;Lorg/hibernate/mapping/PersistentClass;)V 51 <appendix> member <vmtarget> ; # org/hibernate/persister/entity/AbstractEntityPersister$$Lambda+0x00000210bf7db828
instanceKlass  @bci org/hibernate/persister/entity/AbstractEntityPersister prepareMappingModel (Lorg/hibernate/metamodel/mapping/internal/MappingModelCreationProcess;Lorg/hibernate/mapping/PersistentClass;)V 43 <appendix> member <vmtarget> ; # org/hibernate/persister/entity/AbstractEntityPersister$$Lambda+0x00000210bf7db600
instanceKlass org/hibernate/internal/util/LazyValue
instanceKlass org/hibernate/metamodel/mapping/internal/MappingModelCreationProcess
instanceKlass com/social/post_service/entity/PostLike$HibernateInstantiator
# instanceKlass java/lang/invoke/LambdaForm$MH+0x00000210bf7dc000
instanceKlass com/social/post_service/entity/Post$HibernateInstantiator
instanceKlass org/hibernate/generator/AnnotationBasedGenerator
instanceKlass org/hibernate/generator/EventTypeSets
instanceKlass  @bci org/hibernate/generator/internal/CurrentTimestampGeneration lambda$static$14 (Ljava/time/Clock;Ljava/lang/Integer;)Lorg/hibernate/generator/internal/CurrentTimestampGeneration$CurrentTimestampGeneratorDelegate; 12 <appendix> member <vmtarget> ; # org/hibernate/generator/internal/CurrentTimestampGeneration$$Lambda+0x00000210bf7d9bf0
instanceKlass org/hibernate/type/descriptor/java/ClockHelper
instanceKlass org/hibernate/generator/internal/CurrentTimestampGeneration$Key
instanceKlass  @bci org/hibernate/generator/internal/CurrentTimestampGeneration getGeneratorDelegate (Lorg/hibernate/annotations/SourceType;Ljava/lang/Class;Lorg/hibernate/generator/GeneratorCreationContext;)Lorg/hibernate/generator/internal/CurrentTimestampGeneration$CurrentTimestampGeneratorDelegate; 98 <appendix> argL0 ; # org/hibernate/generator/internal/CurrentTimestampGeneration$$Lambda+0x00000210bf7d95b8
instanceKlass org/hibernate/generator/internal/CurrentTimestampGeneration$1
instanceKlass  @bci org/hibernate/generator/internal/CurrentTimestampGeneration <clinit> ()V 249 <appendix> argL0 ; # org/hibernate/generator/internal/CurrentTimestampGeneration$$Lambda+0x00000210bf7d9180
instanceKlass  @bci org/hibernate/generator/internal/CurrentTimestampGeneration <clinit> ()V 233 <appendix> argL0 ; # org/hibernate/generator/internal/CurrentTimestampGeneration$$Lambda+0x00000210bf7d8f50
instanceKlass  @bci org/hibernate/generator/internal/CurrentTimestampGeneration <clinit> ()V 217 <appendix> argL0 ; # org/hibernate/generator/internal/CurrentTimestampGeneration$$Lambda+0x00000210bf7d8d20
instanceKlass  @bci org/hibernate/generator/internal/CurrentTimestampGeneration <clinit> ()V 201 <appendix> argL0 ; # org/hibernate/generator/internal/CurrentTimestampGeneration$$Lambda+0x00000210bf7d8af0
instanceKlass  @bci org/hibernate/generator/internal/CurrentTimestampGeneration <clinit> ()V 185 <appendix> argL0 ; # org/hibernate/generator/internal/CurrentTimestampGeneration$$Lambda+0x00000210bf7d88c0
instanceKlass  @bci org/hibernate/generator/internal/CurrentTimestampGeneration <clinit> ()V 169 <appendix> argL0 ; # org/hibernate/generator/internal/CurrentTimestampGeneration$$Lambda+0x00000210bf7d8690
instanceKlass  @bci org/hibernate/generator/internal/CurrentTimestampGeneration <clinit> ()V 153 <appendix> argL0 ; # org/hibernate/generator/internal/CurrentTimestampGeneration$$Lambda+0x00000210bf7d8460
instanceKlass  @bci org/hibernate/generator/internal/CurrentTimestampGeneration <clinit> ()V 137 <appendix> argL0 ; # org/hibernate/generator/internal/CurrentTimestampGeneration$$Lambda+0x00000210bf7d8230
instanceKlass  @bci org/hibernate/generator/internal/CurrentTimestampGeneration <clinit> ()V 121 <appendix> argL0 ; # org/hibernate/generator/internal/CurrentTimestampGeneration$$Lambda+0x00000210bf7d8000
instanceKlass  @bci org/hibernate/generator/internal/CurrentTimestampGeneration <clinit> ()V 105 <appendix> argL0 ; # org/hibernate/generator/internal/CurrentTimestampGeneration$$Lambda+0x00000210bf7d7c30
instanceKlass  @bci org/hibernate/generator/internal/CurrentTimestampGeneration <clinit> ()V 89 <appendix> argL0 ; # org/hibernate/generator/internal/CurrentTimestampGeneration$$Lambda+0x00000210bf7d7a00
instanceKlass  @bci org/hibernate/generator/internal/CurrentTimestampGeneration <clinit> ()V 73 <appendix> argL0 ; # org/hibernate/generator/internal/CurrentTimestampGeneration$$Lambda+0x00000210bf7d77d0
instanceKlass  @bci org/hibernate/generator/internal/CurrentTimestampGeneration <clinit> ()V 57 <appendix> argL0 ; # org/hibernate/generator/internal/CurrentTimestampGeneration$$Lambda+0x00000210bf7d75a0
instanceKlass  @bci org/hibernate/generator/internal/CurrentTimestampGeneration <clinit> ()V 41 <appendix> argL0 ; # org/hibernate/generator/internal/CurrentTimestampGeneration$$Lambda+0x00000210bf7d7370
instanceKlass  @bci org/hibernate/generator/internal/CurrentTimestampGeneration <clinit> ()V 25 <appendix> argL0 ; # org/hibernate/generator/internal/CurrentTimestampGeneration$$Lambda+0x00000210bf7d7140
instanceKlass org/hibernate/generator/internal/CurrentTimestampGeneration$CurrentTimestampGeneratorDelegate
instanceKlass org/hibernate/annotations/CurrentTimestamp
instanceKlass org/hibernate/annotations/UpdateTimestamp
instanceKlass org/hibernate/mapping/Property$PropertyGeneratorCreationContext
instanceKlass org/hibernate/metamodel/model/domain/internal/EntityPersisterConcurrentMap$EntityPersisterHolder
instanceKlass org/hibernate/jdbc/Expectation$OutParameter
instanceKlass org/hibernate/jdbc/Expectation$RowCount
instanceKlass org/hibernate/jdbc/Expectation$None
instanceKlass org/hibernate/jdbc/Expectations
instanceKlass org/hibernate/jdbc/Expectation
instanceKlass org/hibernate/boot/model/relational/QualifiedNameParser$NameParts
instanceKlass org/hibernate/metamodel/mapping/internal/EntityCollectionPart
instanceKlass org/hibernate/sql/ast/tree/from/LazyTableGroup$ParentTableGroupUseChecker
instanceKlass org/hibernate/metamodel/mapping/EntityAssociationMapping
instanceKlass org/hibernate/metamodel/mapping/Association
instanceKlass org/hibernate/sql/results/graph/entity/EntityValuedFetchable
instanceKlass org/hibernate/metamodel/mapping/CollectionIdentifierDescriptor
instanceKlass org/hibernate/metamodel/mapping/CollectionPart
instanceKlass org/hibernate/metamodel/mapping/CollectionMappingType
instanceKlass org/hibernate/metamodel/mapping/ForeignKeyDescriptor
instanceKlass org/hibernate/metamodel/mapping/PluralAttributeMapping
instanceKlass org/hibernate/metamodel/mapping/NonAggregatedIdentifierMapping
instanceKlass org/hibernate/metamodel/mapping/CompositeIdentifierMapping
instanceKlass org/hibernate/metamodel/mapping/internal/AbstractAttributeMapping
instanceKlass org/hibernate/metamodel/mapping/SingularAttributeMapping
instanceKlass org/hibernate/sql/results/graph/embeddable/EmbeddableValuedFetchable
instanceKlass org/hibernate/metamodel/mapping/EmbeddableValuedModelPart
instanceKlass org/hibernate/sql/ast/tree/from/TableGroupJoinProducer
instanceKlass org/hibernate/metamodel/mapping/internal/MappingModelCreationHelper
instanceKlass org/hibernate/cache/spi/entry/CacheEntryStructure
instanceKlass org/hibernate/persister/entity/AbstractEntityPersister$NoopCacheEntryHelper
instanceKlass  @bci org/hibernate/persister/entity/AbstractEntityPersister <init> (Lorg/hibernate/mapping/PersistentClass;Lorg/hibernate/cache/spi/access/EntityDataAccess;Lorg/hibernate/cache/spi/access/NaturalIdDataAccess;Lorg/hibernate/metamodel/spi/RuntimeModelCreationContext;)V 1274 <appendix> member <vmtarget> ; # org/hibernate/persister/entity/AbstractEntityPersister$$Lambda+0x00000210bf7c9b08
instanceKlass org/hibernate/sql/ast/spi/StringBuilderSqlAppender
instanceKlass org/hibernate/loader/internal/AliasConstantsHelper
instanceKlass org/hibernate/persister/entity/AbstractPropertyMapping
instanceKlass org/hibernate/metamodel/internal/AbstractPojoInstantiator
instanceKlass org/hibernate/property/access/spi/SetterMethodImpl
instanceKlass org/hibernate/property/access/spi/GetterMethodImpl
instanceKlass org/hibernate/property/access/internal/PropertyAccessEmbeddedImpl
instanceKlass com/social/post_service/entity/Comment$HibernateInstantiator
instanceKlass net/bytebuddy/implementation/MethodCall$TargetHandler$ForConstructingInvocation
instanceKlass net/bytebuddy/implementation/MethodCall$TargetHandler$Resolved
instanceKlass net/bytebuddy/implementation/MethodCall$MethodInvoker$ForContextualInvocation
instanceKlass net/bytebuddy/implementation/MethodCall$Appender
instanceKlass net/bytebuddy/implementation/MethodCall$TerminationHandler
instanceKlass net/bytebuddy/implementation/MethodCall$MethodInvoker
instanceKlass net/bytebuddy/implementation/MethodCall$TargetHandler
instanceKlass net/bytebuddy/implementation/MethodCall$MethodLocator$ForExplicitMethod
instanceKlass net/bytebuddy/implementation/MethodCall$MethodLocator
instanceKlass net/bytebuddy/implementation/MethodCall$TargetHandler$Factory
instanceKlass net/bytebuddy/implementation/MethodCall$MethodInvoker$Factory
instanceKlass net/bytebuddy/implementation/MethodCall$ArgumentLoader$Factory
instanceKlass net/bytebuddy/implementation/MethodCall$TerminationHandler$Factory
instanceKlass net/bytebuddy/implementation/MethodCall$MethodLocator$Factory
instanceKlass net/bytebuddy/implementation/MethodCall
instanceKlass org/hibernate/bytecode/spi/ReflectionOptimizer$InstantiationOptimizer
instanceKlass  @bci org/hibernate/bytecode/internal/bytebuddy/BytecodeProviderImpl getReflectionOptimizer (Ljava/lang/Class;Ljava/util/Map;)Lorg/hibernate/bytecode/spi/ReflectionOptimizer; 64 <appendix> member <vmtarget> ; # org/hibernate/bytecode/internal/bytebuddy/BytecodeProviderImpl$$Lambda+0x00000210bf7c2ba0
instanceKlass net/bytebuddy/description/type/PackageDescription$AbstractBase
instanceKlass net/bytebuddy/dynamic/ClassFileLocator$Simple
instanceKlass net/bytebuddy/dynamic/loading/ClassInjector$UsingLookup$MethodHandles$Lookup
instanceKlass net/bytebuddy/utility/dispatcher/JavaDispatcher$Dispatcher$ForStaticMethod
instanceKlass java/lang/foreign/ValueLayout
instanceKlass java/lang/foreign/MemoryLayout
instanceKlass net/bytebuddy/dynamic/loading/ClassInjector$UsingLookup$MethodHandles
instanceKlass net/bytebuddy/dynamic/loading/ClassInjector$AbstractBase
instanceKlass net/bytebuddy/dynamic/loading/ClassInjector
instanceKlass net/bytebuddy/dynamic/loading/ClassLoadingStrategy$UsingLookup
instanceKlass net/bytebuddy/dynamic/DynamicType$Loaded
instanceKlass net/bytebuddy/dynamic/DynamicType$AbstractBase
instanceKlass net/bytebuddy/dynamic/DynamicType$Unloaded
instanceKlass net/bytebuddy/dynamic/DynamicType
instanceKlass net/bytebuddy/dynamic/scaffold/TypeWriter$Default$UnresolvedType
instanceKlass net/bytebuddy/implementation/bytecode/constant/ClassConstant$ForReferenceType
instanceKlass net/bytebuddy/dynamic/scaffold/TypeWriter$MethodPool$Record$ForNonImplementedMethod
instanceKlass net/bytebuddy/implementation/bytecode/ByteCodeAppender$Compound
instanceKlass net/bytebuddy/dynamic/scaffold/TypeInitializer$Simple
instanceKlass net/bytebuddy/implementation/bytecode/ByteCodeAppender$Simple
instanceKlass net/bytebuddy/dynamic/scaffold/TypeInitializer$Drain$Default
instanceKlass net/bytebuddy/description/method/MethodDescription$SignatureToken
instanceKlass net/bytebuddy/implementation/bytecode/Removal$2
instanceKlass net/bytebuddy/description/type/TypeDescription$Generic$AnnotationReader$Delegator$ForLoadedExecutableExceptionType$Dispatcher
instanceKlass net/bytebuddy/implementation/bytecode/ByteCodeAppender$Size
instanceKlass net/bytebuddy/implementation/Implementation$Context$Default$FieldCacheEntry
instanceKlass net/bytebuddy/implementation/bytecode/member/MethodInvocation$WithImplicitInvocationTargetType
instanceKlass net/bytebuddy/implementation/bind/MethodDelegationBinder$MethodBinding$Builder$Build
instanceKlass net/bytebuddy/implementation/bytecode/member/FieldAccess$AccessDispatcher
instanceKlass net/bytebuddy/implementation/bytecode/member/FieldAccess$Defined
instanceKlass net/bytebuddy/dynamic/scaffold/FieldLocator$Resolution$Simple
instanceKlass net/bytebuddy/description/type/TypeDefinition$SuperClassIterator
instanceKlass net/bytebuddy/implementation/bytecode/assign/primitive/PrimitiveBoxingDelegate$BoxingStackManipulation
instanceKlass net/bytebuddy/implementation/bytecode/collection/ArrayFactory$ArrayStackManipulation
instanceKlass net/bytebuddy/implementation/bytecode/collection/ArrayFactory$ArrayCreator
instanceKlass net/bytebuddy/implementation/bytecode/collection/ArrayFactory
instanceKlass net/bytebuddy/implementation/bytecode/collection/CollectionFactory
instanceKlass java/lang/reflect/AnnotatedArrayType
instanceKlass net/bytebuddy/description/type/TypeDescription$Generic$AnnotationReader$ForComponentType$AnnotatedParameterizedType
instanceKlass net/bytebuddy/implementation/bytecode/constant/MethodConstant$CachedMethod
instanceKlass net/bytebuddy/implementation/bytecode/constant/MethodConstant$CanCache
instanceKlass net/bytebuddy/implementation/bytecode/member/MethodVariableAccess$MethodLoading$TypeCastingHandler
instanceKlass net/bytebuddy/implementation/bind/MethodDelegationBinder$ParameterBinding$Anonymous
instanceKlass net/bytebuddy/implementation/bind/MethodDelegationBinder$MethodBinding$Builder
instanceKlass net/bytebuddy/implementation/bytecode/StackManipulation$AbstractBase
instanceKlass net/bytebuddy/implementation/bytecode/assign/primitive/PrimitiveUnboxingDelegate$ImplicitlyTypedUnboxingResponsible
instanceKlass net/bytebuddy/implementation/bytecode/StackManipulation$Size
instanceKlass net/bytebuddy/implementation/bytecode/assign/primitive/PrimitiveUnboxingDelegate$UnboxingResponsible
instanceKlass net/bytebuddy/implementation/bytecode/StackManipulation$Compound
instanceKlass net/bytebuddy/dynamic/scaffold/TypeWriter$MethodPool$Record$AccessBridgeWrapper
instanceKlass net/bytebuddy/implementation/attribute/AnnotationAppender$Target$OnField
instanceKlass net/bytebuddy/dynamic/scaffold/TypeWriter$FieldPool$Record$ForExplicitField
instanceKlass net/bytebuddy/jar/asm/TypeReference
instanceKlass net/bytebuddy/implementation/attribute/AnnotationAppender$ForTypeAnnotations
instanceKlass net/bytebuddy/implementation/attribute/AnnotationAppender$Target$OnType
instanceKlass net/bytebuddy/implementation/attribute/AnnotationAppender$Default
instanceKlass net/bytebuddy/description/type/TypeDescription$Generic$Visitor$ForSignatureVisitor
instanceKlass net/bytebuddy/jar/asm/signature/SignatureVisitor
instanceKlass net/bytebuddy/dynamic/scaffold/TypeWriter$Default$ValidatingClassVisitor$Constraint
instanceKlass net/bytebuddy/dynamic/scaffold/TypeWriter$MethodPool$Record$ForDefinedMethod
instanceKlass net/bytebuddy/implementation/Implementation$Context$ExtractableView$AbstractBase
instanceKlass net/bytebuddy/utility/AsmClassWriter$Default
instanceKlass net/bytebuddy/description/type/RecordComponentDescription$InDefinedShape
instanceKlass net/bytebuddy/description/type/RecordComponentDescription
instanceKlass net/bytebuddy/dynamic/scaffold/TypeInitializer$Drain
instanceKlass net/bytebuddy/dynamic/scaffold/TypeWriter$Default$ClassDumpAction$Dispatcher
instanceKlass net/bytebuddy/dynamic/scaffold/inline/MethodRebaseResolver
instanceKlass net/bytebuddy/dynamic/scaffold/TypeWriter$Default
instanceKlass net/bytebuddy/dynamic/scaffold/TypeWriter
instanceKlass net/bytebuddy/dynamic/scaffold/TypeWriter$RecordComponentPool$Record
instanceKlass net/bytebuddy/dynamic/scaffold/RecordComponentRegistry$Default$Compiled
instanceKlass net/bytebuddy/dynamic/scaffold/FieldRegistry$Default$Compiled
instanceKlass net/bytebuddy/description/type/TypeVariableToken
instanceKlass net/bytebuddy/description/type/TypeDescription$Generic$Visitor$Reducing
instanceKlass net/bytebuddy/description/field/FieldDescription$SignatureToken
instanceKlass net/bytebuddy/dynamic/scaffold/TypeWriter$FieldPool$Record
instanceKlass net/bytebuddy/dynamic/scaffold/FieldRegistry$Default$Compiled$Entry
instanceKlass net/bytebuddy/dynamic/scaffold/MethodRegistry$Default$Compiled
instanceKlass net/bytebuddy/implementation/SuperMethodCall$Appender
instanceKlass net/bytebuddy/dynamic/scaffold/FieldLocator$Resolution
instanceKlass net/bytebuddy/implementation/FieldAccessor$FieldLocation$Relative$Prepared
instanceKlass net/bytebuddy/implementation/FieldAccessor$ForImplicitProperty$Appender
instanceKlass net/bytebuddy/dynamic/scaffold/MethodRegistry$Default$Compiled$Entry
instanceKlass net/bytebuddy/implementation/bind/MethodDelegationBinder$Processor
instanceKlass net/bytebuddy/implementation/MethodDelegation$Appender
instanceKlass net/bytebuddy/implementation/bind/MethodDelegationBinder$MethodInvoker
instanceKlass net/bytebuddy/implementation/MethodDelegation$ImplementationDelegate$Compiled$ForStaticCall
instanceKlass net/bytebuddy/dynamic/scaffold/TypeWriter$MethodPool$Record
instanceKlass net/bytebuddy/dynamic/scaffold/MethodRegistry$Handler$ForImplementation$Compiled
instanceKlass net/bytebuddy/implementation/Implementation$SpecialMethodInvocation
instanceKlass net/bytebuddy/implementation/Implementation$Target$AbstractBase
instanceKlass net/bytebuddy/implementation/Implementation$Target
instanceKlass net/bytebuddy/dynamic/scaffold/MethodRegistry$Compiled
instanceKlass net/bytebuddy/dynamic/scaffold/TypeWriter$MethodPool
instanceKlass net/bytebuddy/dynamic/scaffold/MethodRegistry$Default$Prepared
instanceKlass net/bytebuddy/dynamic/scaffold/MethodRegistry$Default$Prepared$Entry
instanceKlass net/bytebuddy/dynamic/scaffold/MethodGraph$Linked$Delegation
instanceKlass net/bytebuddy/dynamic/scaffold/MethodGraph$Compiler$Default$Key$Store$Graph
instanceKlass net/bytebuddy/dynamic/scaffold/MethodGraph$Compiler$Default$Key$Store$Entry$Resolved$Node
instanceKlass net/bytebuddy/description/modifier/Visibility$1
instanceKlass org/hibernate/proxy/LazyInitializer
instanceKlass net/bytebuddy/dynamic/scaffold/MethodGraph$Node
instanceKlass net/bytebuddy/dynamic/scaffold/MethodGraph$Compiler$Default$Key$Store$Entry$Resolved
instanceKlass net/bytebuddy/dynamic/scaffold/MethodGraph$Compiler$Default$Key$Store$Entry$Initial
instanceKlass net/bytebuddy/dynamic/scaffold/MethodGraph$Compiler$Default$Harmonizer$ForJavaMethod$Token
instanceKlass net/bytebuddy/description/method/MethodDescription$TypeToken
instanceKlass net/bytebuddy/dynamic/scaffold/MethodGraph$Compiler$Default$Key
instanceKlass net/bytebuddy/dynamic/scaffold/MethodGraph$Compiler$Default$Key$Store$Entry
instanceKlass net/bytebuddy/dynamic/scaffold/MethodGraph$Compiler$Default$Key$Store
instanceKlass net/bytebuddy/dynamic/scaffold/subclass/SubclassDynamicTypeBuilder$InstrumentableMatcher
instanceKlass net/bytebuddy/description/type/TypeDescription$Generic$LazyProxy
instanceKlass net/bytebuddy/description/type/TypeDescription$Generic$AnnotationReader$Delegator$ForLoadedExecutableParameterType$Dispatcher
instanceKlass net/bytebuddy/description/method/ParameterDescription$Token
instanceKlass net/bytebuddy/description/method/ParameterDescription$InGenericShape
instanceKlass net/bytebuddy/description/method/MethodDescription$Token
instanceKlass net/bytebuddy/description/type/TypeDescription$Generic$Visitor$ForRawType
instanceKlass net/bytebuddy/description/method/MethodDescription$InGenericShape
instanceKlass net/bytebuddy/pool/TypePool$CacheProvider$Simple
instanceKlass net/bytebuddy/pool/TypePool$CacheProvider
instanceKlass net/bytebuddy/pool/TypePool$Resolution
instanceKlass net/bytebuddy/pool/TypePool$AbstractBase
instanceKlass net/bytebuddy/dynamic/TypeResolutionStrategy$Resolved
instanceKlass net/bytebuddy/matcher/LatentMatcher$Disjunction
instanceKlass net/bytebuddy/dynamic/scaffold/FieldRegistry$Default$Entry
instanceKlass net/bytebuddy/matcher/LatentMatcher$ForFieldToken
instanceKlass net/bytebuddy/implementation/attribute/FieldAttributeAppender
instanceKlass net/bytebuddy/description/field/FieldDescription$Token
instanceKlass net/bytebuddy/implementation/attribute/FieldAttributeAppender$Factory
instanceKlass net/bytebuddy/dynamic/scaffold/MethodRegistry$Default$Entry
instanceKlass net/bytebuddy/implementation/attribute/MethodAttributeAppender
instanceKlass net/bytebuddy/dynamic/Transformer
instanceKlass net/bytebuddy/dynamic/scaffold/MethodRegistry$Handler$Compiled
instanceKlass net/bytebuddy/dynamic/scaffold/MethodRegistry$Handler$ForImplementation
instanceKlass net/bytebuddy/dynamic/DynamicType$Builder$MethodDefinition$ReceiverTypeDefinition
instanceKlass net/bytebuddy/dynamic/DynamicType$Builder$MethodDefinition
instanceKlass net/bytebuddy/dynamic/DynamicType$Builder$MethodDefinition$ImplementationDefinition$AbstractBase
instanceKlass net/bytebuddy/implementation/attribute/AnnotationAppender
instanceKlass net/bytebuddy/implementation/attribute/AnnotationAppender$Target
instanceKlass net/bytebuddy/dynamic/scaffold/RecordComponentRegistry$Compiled
instanceKlass net/bytebuddy/dynamic/scaffold/RecordComponentRegistry$Default
instanceKlass net/bytebuddy/dynamic/scaffold/MethodRegistry$Prepared
instanceKlass net/bytebuddy/dynamic/scaffold/MethodRegistry$Default
instanceKlass net/bytebuddy/dynamic/scaffold/FieldRegistry$Compiled
instanceKlass net/bytebuddy/dynamic/scaffold/FieldRegistry$Default
instanceKlass net/bytebuddy/description/type/TypeDescription$Generic$Visitor$Substitutor
instanceKlass net/bytebuddy/description/TypeVariableSource$Visitor
instanceKlass net/bytebuddy/description/modifier/ModifierContributor$ForParameter
instanceKlass net/bytebuddy/description/type/TypeDescription$LazyProxy
instanceKlass net/bytebuddy/dynamic/scaffold/FieldRegistry
instanceKlass net/bytebuddy/dynamic/scaffold/MethodRegistry
instanceKlass net/bytebuddy/dynamic/scaffold/RecordComponentRegistry
instanceKlass net/bytebuddy/dynamic/scaffold/TypeWriter$FieldPool
instanceKlass net/bytebuddy/dynamic/scaffold/TypeWriter$RecordComponentPool
instanceKlass net/bytebuddy/implementation/Implementation$Target$Factory
instanceKlass net/bytebuddy/implementation/attribute/TypeAttributeAppender
instanceKlass net/bytebuddy/asm/AsmVisitorWrapper
instanceKlass net/bytebuddy/dynamic/DynamicType$Builder$TypeVariableDefinition
instanceKlass net/bytebuddy/dynamic/DynamicType$Builder$RecordComponentDefinition$Optional
instanceKlass net/bytebuddy/dynamic/DynamicType$Builder$MethodDefinition$ImplementationDefinition$Optional
instanceKlass net/bytebuddy/dynamic/DynamicType$Builder$FieldDefinition$Optional$Valuable
instanceKlass net/bytebuddy/dynamic/DynamicType$Builder$FieldDefinition$Valuable
instanceKlass net/bytebuddy/dynamic/DynamicType$Builder$MethodDefinition$ParameterDefinition$Initial
instanceKlass net/bytebuddy/dynamic/DynamicType$Builder$MethodDefinition$ParameterDefinition$Simple
instanceKlass net/bytebuddy/dynamic/DynamicType$Builder$InnerTypeDefinition$ForType
instanceKlass net/bytebuddy/dynamic/DynamicType$Builder$InnerTypeDefinition
instanceKlass net/bytebuddy/dynamic/DynamicType$Builder$RecordComponentDefinition
instanceKlass net/bytebuddy/dynamic/TypeResolutionStrategy
instanceKlass net/bytebuddy/dynamic/DynamicType$Builder$MethodDefinition$ParameterDefinition
instanceKlass net/bytebuddy/dynamic/DynamicType$Builder$MethodDefinition$ExceptionDefinition
instanceKlass net/bytebuddy/dynamic/DynamicType$Builder$MethodDefinition$TypeVariableDefinition
instanceKlass net/bytebuddy/dynamic/DynamicType$Builder$MethodDefinition$ImplementationDefinition
instanceKlass net/bytebuddy/dynamic/DynamicType$Builder$FieldDefinition$Optional
instanceKlass net/bytebuddy/dynamic/DynamicType$Builder$FieldDefinition
instanceKlass net/bytebuddy/dynamic/DynamicType$Builder$AbstractBase
instanceKlass net/bytebuddy/dynamic/scaffold/MethodRegistry$Handler
instanceKlass net/bytebuddy/implementation/attribute/MethodAttributeAppender$Factory
instanceKlass  @bci org/hibernate/proxy/pojo/bytebuddy/ByteBuddyProxyHelper proxyBuilder (Lnet/bytebuddy/description/type/TypeDefinition;Ljava/util/Collection;)Ljava/util/function/BiFunction; 11 <appendix> member <vmtarget> ; # org/hibernate/proxy/pojo/bytebuddy/ByteBuddyProxyHelper$$Lambda+0x00000210bf769560
instanceKlass org/hibernate/proxy/pojo/bytebuddy/ByteBuddyProxyFactory
instanceKlass org/hibernate/bytecode/spi/BasicProxyFactory
instanceKlass org/hibernate/proxy/ProxyFactory
instanceKlass org/hibernate/bytecode/internal/bytebuddy/ProxyFactoryFactoryImpl
instanceKlass org/hibernate/proxy/pojo/ProxyFactoryHelper
instanceKlass  @bci org/hibernate/internal/util/ReflectHelper likelySetterMethodNameForProperty (Ljava/lang/String;)Ljava/lang/String; 22 <appendix> form vmentry <vmtarget> ; # java/lang/invoke/LambdaForm$MH+0x00000210bf76e800
# instanceKlass java/lang/invoke/LambdaForm$MH+0x00000210bf76e400
instanceKlass  @bci org/hibernate/internal/util/ReflectHelper likelySetterMethodNameForProperty (Ljava/lang/String;)Ljava/lang/String; 22 <appendix> argL3 form vmentry <vmtarget> ; # java/lang/invoke/LambdaForm$MH+0x00000210bf76e000
# instanceKlass java/lang/invoke/LambdaForm$MH+0x00000210bf76dc00
# instanceKlass java/lang/invoke/LambdaForm$MH+0x00000210bf76d800
# instanceKlass java/lang/invoke/LambdaForm$MH+0x00000210bf76d400
# instanceKlass java/lang/invoke/LambdaForm$MH+0x00000210bf76d000
instanceKlass  @bci org/hibernate/internal/util/ReflectHelper likelySetterMethodNameForProperty (Ljava/lang/String;)Ljava/lang/String; 22 <appendix> argL1 form vmentry <vmtarget> ; # java/lang/invoke/LambdaForm$MH+0x00000210bf76cc00
# instanceKlass java/lang/invoke/LambdaForm$MH+0x00000210bf76c800
# instanceKlass java/lang/invoke/LambdaForm$MH+0x00000210bf76c400
# instanceKlass java/lang/invoke/LambdaForm$MH+0x00000210bf76c000
instanceKlass org/hibernate/property/access/spi/SetterFieldImpl
instanceKlass org/hibernate/property/access/spi/GetterFieldImpl
instanceKlass org/hibernate/property/access/spi/Setter
instanceKlass org/hibernate/property/access/spi/Getter
instanceKlass org/hibernate/property/access/internal/PropertyAccessFieldImpl
instanceKlass org/hibernate/property/access/internal/PropertyAccessStrategyNoopImpl
instanceKlass org/hibernate/property/access/internal/PropertyAccessStrategyEmbeddedImpl
instanceKlass org/hibernate/property/access/internal/PropertyAccessStrategyMapImpl
instanceKlass org/hibernate/property/access/internal/PropertyAccessStrategyMixedImpl
instanceKlass org/hibernate/property/access/internal/PropertyAccessStrategyFieldImpl
instanceKlass org/hibernate/property/access/spi/PropertyAccess
instanceKlass org/hibernate/property/access/internal/PropertyAccessStrategyBasicImpl
instanceKlass org/hibernate/property/access/internal/PropertyAccessStrategyResolverStandardImpl
instanceKlass org/hibernate/classic/Lifecycle
instanceKlass org/hibernate/type/descriptor/java/spi/RegistryHelper
instanceKlass  @bci org/hibernate/type/descriptor/java/spi/JavaTypeRegistry resolveManagedTypeDescriptor (Ljava/lang/reflect/Type;Z)Lorg/hibernate/type/descriptor/java/JavaType; 5 <appendix> member <vmtarget> ; # org/hibernate/type/descriptor/java/spi/JavaTypeRegistry$$Lambda+0x00000210bf765140
instanceKlass org/hibernate/metamodel/spi/EntityInstantiator
instanceKlass org/hibernate/metamodel/internal/EntityRepresentationStrategyPojoStandard
instanceKlass org/hibernate/engine/internal/MutableEntityEntryFactory
instanceKlass org/hibernate/engine/spi/CascadingActions$BaseCascadingAction
instanceKlass org/hibernate/engine/spi/CascadingAction
instanceKlass org/hibernate/engine/spi/CascadingActions
instanceKlass  @bci org/hibernate/tuple/entity/EntityMetamodel <init> (Lorg/hibernate/mapping/PersistentClass;Lorg/hibernate/persister/entity/EntityPersister;Lorg/hibernate/metamodel/spi/RuntimeModelCreationContext;)V 657 <appendix> member <vmtarget> ; # org/hibernate/tuple/entity/EntityMetamodel$$Lambda+0x00000210bf761d68
instanceKlass org/hibernate/tuple/BaselineAttributeInformation
instanceKlass org/hibernate/engine/spi/CascadeStyles$BaseCascadeStyle
instanceKlass org/hibernate/engine/spi/CascadeStyles
instanceKlass org/hibernate/tuple/BaselineAttributeInformation$Builder
instanceKlass org/hibernate/tuple/PropertyFactory$1
instanceKlass org/hibernate/bytecode/enhance/spi/interceptor/EnhancementHelper
instanceKlass  @bci org/hibernate/tuple/PropertyFactory buildEntityBasedAttribute (Lorg/hibernate/persister/entity/EntityPersister;Lorg/hibernate/engine/spi/SessionFactoryImplementor;ILorg/hibernate/mapping/Property;ZLorg/hibernate/metamodel/spi/RuntimeModelCreationContext;)Lorg/hibernate/tuple/NonIdentifierAttribute; 61 <appendix> member <vmtarget> ; # org/hibernate/tuple/PropertyFactory$$Lambda+0x00000210bf75edf8
instanceKlass org/hibernate/bytecode/enhance/spi/interceptor/EnhancementHelper$InheritanceChecker
instanceKlass org/hibernate/bytecode/enhance/spi/interceptor/LazyAttributesMetadata
instanceKlass org/hibernate/engine/internal/ManagedTypeHelper$TypeMeta
instanceKlass org/hibernate/engine/internal/ManagedTypeHelper
instanceKlass org/hibernate/bytecode/internal/BytecodeEnhancementMetadataPojoImpl
instanceKlass org/hibernate/tuple/AbstractAttribute
instanceKlass org/hibernate/tuple/IdentifierAttribute
instanceKlass org/hibernate/tuple/PropertyFactory
instanceKlass org/hibernate/tuple/NonIdentifierAttribute
instanceKlass org/hibernate/tuple/Attribute
instanceKlass org/hibernate/bytecode/spi/BytecodeEnhancementMetadata
instanceKlass org/hibernate/tuple/entity/EntityMetamodel
instanceKlass org/hibernate/sql/ast/spi/SqlAliasStemHelper
instanceKlass org/hibernate/metamodel/mapping/internal/EmptyAttributeMappingsMap
instanceKlass org/hibernate/metamodel/mapping/AttributeMappingsMap$Builder
instanceKlass org/hibernate/metamodel/mapping/AttributeMappingsMap
instanceKlass org/hibernate/internal/util/collections/LazyIndexedMap
# instanceKlass java/lang/invoke/LambdaForm$MH+0x00000210bf75d000
# instanceKlass java/lang/invoke/LambdaForm$MH+0x00000210bf75cc00
# instanceKlass java/lang/invoke/LambdaForm$MH+0x00000210bf75c800
# instanceKlass java/lang/invoke/LambdaForm$MH+0x00000210bf75c400
# instanceKlass java/lang/invoke/LambdaForm$MH+0x00000210bf75c000
instanceKlass org/hibernate/persister/entity/EntityPersister$1
instanceKlass org/hibernate/engine/spi/EntityEntryFactory
instanceKlass org/hibernate/sql/results/graph/DomainResult
instanceKlass org/hibernate/sql/results/graph/FetchParent
instanceKlass org/hibernate/sql/results/graph/DomainResultGraphNode
instanceKlass org/hibernate/metamodel/mapping/AttributeMetadata
instanceKlass org/hibernate/metamodel/mapping/EntityDiscriminatorMapping
instanceKlass org/hibernate/sql/results/graph/FetchOptions
instanceKlass org/hibernate/sql/results/graph/FetchStyleAccess
instanceKlass org/hibernate/sql/results/graph/FetchTimingAccess
instanceKlass org/hibernate/metamodel/mapping/AttributeMapping
instanceKlass org/hibernate/type/descriptor/java/MutabilityPlanExposer
instanceKlass org/hibernate/metamodel/mapping/PropertyBasedMapping
instanceKlass org/hibernate/sql/results/graph/DatabaseSnapshotContributor
instanceKlass org/hibernate/metamodel/mapping/OwnedValuedModelPart
instanceKlass org/hibernate/loader/ast/spi/SingleUniqueKeyEntityLoader
instanceKlass org/hibernate/sql/results/graph/DomainResultCreationState
instanceKlass org/hibernate/sql/ast/spi/SqlAliasBase
instanceKlass org/hibernate/sql/ast/tree/predicate/PredicateContainer
instanceKlass org/hibernate/sql/ast/tree/select/QueryPart
instanceKlass org/hibernate/loader/ast/spi/MultiIdEntityLoader
instanceKlass org/hibernate/loader/ast/spi/EntityMultiLoader
instanceKlass org/hibernate/loader/ast/spi/MultiKeyLoader
instanceKlass org/hibernate/sql/ast/tree/from/TableGroup
instanceKlass org/hibernate/query/sqm/sql/internal/SqmPathInterpretation
instanceKlass org/hibernate/metamodel/mapping/EntityIdentifierMapping
instanceKlass org/hibernate/metamodel/mapping/EntityVersionMapping
instanceKlass org/hibernate/persister/entity/mutation/UpdateCoordinator
instanceKlass org/hibernate/persister/entity/mutation/InsertCoordinator
instanceKlass org/hibernate/metamodel/mapping/NaturalIdMapping
instanceKlass org/hibernate/metamodel/mapping/SoftDeleteMapping
instanceKlass org/hibernate/persister/entity/mutation/DeleteCoordinator
instanceKlass org/hibernate/persister/entity/mutation/MutationCoordinator
instanceKlass org/hibernate/loader/ast/spi/SingleIdEntityLoader
instanceKlass org/hibernate/loader/ast/spi/SingleEntityLoader
instanceKlass org/hibernate/loader/ast/spi/EntityLoader
instanceKlass org/hibernate/loader/ast/spi/Loader
instanceKlass org/hibernate/sql/ast/tree/from/TableReference
instanceKlass org/hibernate/sql/ast/tree/from/ColumnReferenceQualifier
instanceKlass org/hibernate/persister/entity/AbstractEntityPersister$CacheEntryHelper
instanceKlass org/hibernate/internal/FilterAliasGenerator
instanceKlass org/hibernate/metamodel/mapping/DiscriminatorMapping
instanceKlass org/hibernate/metamodel/mapping/BasicValuedModelPart
instanceKlass org/hibernate/metamodel/mapping/SelectableMapping
instanceKlass org/hibernate/metamodel/mapping/SqlTypedMapping
instanceKlass org/hibernate/sql/results/graph/Fetchable
instanceKlass org/hibernate/metamodel/mapping/ValuedModelPart
instanceKlass org/hibernate/metamodel/mapping/SelectableMappings
instanceKlass org/hibernate/metamodel/mapping/VirtualModelPart
instanceKlass org/hibernate/metamodel/mapping/NonTransientException
instanceKlass org/hibernate/metamodel/mapping/ModelPart$JdbcValueBiConsumer
instanceKlass org/hibernate/persister/entity/AbstractEntityPersister
instanceKlass org/hibernate/persister/entity/DeprecatedEntityStuff
instanceKlass org/hibernate/persister/entity/Queryable
instanceKlass org/hibernate/persister/entity/PropertyMapping
instanceKlass org/hibernate/persister/entity/Lockable
instanceKlass org/hibernate/persister/entity/SQLLoadable
instanceKlass org/hibernate/persister/entity/UniqueKeyLoadable
instanceKlass org/hibernate/metadata/ClassMetadata
instanceKlass org/hibernate/persister/entity/OuterJoinLoadable
instanceKlass org/hibernate/persister/entity/Joinable
instanceKlass org/hibernate/persister/entity/Loadable
instanceKlass org/hibernate/engine/profile/internal/FetchProfileAffectee
instanceKlass org/hibernate/id/PostInsertIdentityPersister
instanceKlass org/hibernate/bytecode/enhance/spi/LazyPropertyInitializer
instanceKlass org/hibernate/metamodel/mapping/internal/InFlightEntityMappingType
instanceKlass org/hibernate/persister/internal/StandardPersisterClassResolver
instanceKlass org/hibernate/persister/collection/CollectionPersister
instanceKlass org/hibernate/persister/internal/PersisterFactoryImpl
instanceKlass  @bci org/hibernate/mapping/PersistentClass prepareForMappingModel (Lorg/hibernate/metamodel/spi/RuntimeModelCreationContext;)V 201 <appendix> argL0 ; # org/hibernate/mapping/PersistentClass$$Lambda+0x00000210bf744520
instanceKlass  @bci org/hibernate/metamodel/model/domain/internal/MappingMetamodelImpl finishInitialization (Lorg/hibernate/metamodel/spi/RuntimeModelCreationContext;)V 41 <appendix> member <vmtarget> ; # org/hibernate/metamodel/model/domain/internal/MappingMetamodelImpl$$Lambda+0x00000210bf7442e8
instanceKlass  @bci org/hibernate/metamodel/model/domain/internal/MappingMetamodelImpl finishInitialization (Lorg/hibernate/metamodel/spi/RuntimeModelCreationContext;)V 24 <appendix> argL0 ; # org/hibernate/metamodel/model/domain/internal/MappingMetamodelImpl$$Lambda+0x00000210bf7440b8
instanceKlass org/hibernate/mapping/MappedSuperclass
instanceKlass  @bci org/hibernate/metamodel/model/domain/internal/MappingMetamodelImpl finishInitialization (Lorg/hibernate/metamodel/spi/RuntimeModelCreationContext;)V 8 <appendix> argL0 ; # org/hibernate/metamodel/model/domain/internal/MappingMetamodelImpl$$Lambda+0x00000210bf743b30
instanceKlass org/hibernate/internal/SessionFactoryImpl$1
instanceKlass org/hibernate/Internal
instanceKlass org/hibernate/engine/jdbc/batch/internal/BatchImpl
instanceKlass org/hibernate/engine/jdbc/batch/spi/BatchKey
instanceKlass org/hibernate/engine/jdbc/batch/JdbcBatchLogging
instanceKlass org/hibernate/engine/jdbc/mutation/group/PreparedStatementGroup
instanceKlass org/hibernate/sql/model/PreparableMutationOperation
instanceKlass org/hibernate/sql/model/TableMapping
instanceKlass org/hibernate/metamodel/mapping/TableDetails
instanceKlass org/hibernate/engine/jdbc/batch/spi/Batch
instanceKlass org/hibernate/engine/jdbc/batch/internal/BatchBuilderImpl
instanceKlass org/hibernate/jpa/internal/util/ConfigurationHelper
instanceKlass org/hibernate/jpa/internal/util/LockOptionsHelper
instanceKlass  @bci org/hibernate/internal/FastSessionServices initializeDefaultLockOptions (Ljava/util/Map;)Lorg/hibernate/LockOptions; 10 <appendix> member <vmtarget> ; # org/hibernate/internal/FastSessionServices$$Lambda+0x00000210bf740960
instanceKlass org/hibernate/LockOptions
instanceKlass org/hibernate/internal/ConnectionObserverStatsBridge
instanceKlass org/hibernate/engine/jdbc/spi/ConnectionObserver
instanceKlass org/hibernate/jpa/internal/util/CacheModeHelper$1
instanceKlass org/hibernate/jpa/internal/util/CacheModeHelper
instanceKlass org/hibernate/sql/ast/tree/AbstractStatement
instanceKlass org/hibernate/sql/ast/tree/cte/CteContainer
instanceKlass org/hibernate/query/results/ResultSetMapping
instanceKlass org/hibernate/sql/results/jdbc/spi/JdbcValuesMappingProducer
instanceKlass org/hibernate/sql/results/jdbc/internal/JdbcValuesMappingProducerProviderStandard
instanceKlass  @bci org/hibernate/event/internal/EntityCopyNotAllowedObserver <clinit> ()V 10 <appendix> argL0 ; # org/hibernate/event/internal/EntityCopyNotAllowedObserver$$Lambda+0x00000210bf73d300
instanceKlass org/hibernate/event/internal/EntityCopyNotAllowedObserver
instanceKlass org/hibernate/event/spi/EntityCopyObserver
instanceKlass org/hibernate/sql/model/MutationOperationGroup
instanceKlass org/hibernate/engine/jdbc/mutation/spi/BatchKeyAccess
instanceKlass org/hibernate/engine/jdbc/mutation/MutationExecutor
instanceKlass org/hibernate/engine/jdbc/mutation/internal/StandardMutationExecutorService
instanceKlass org/hibernate/internal/FastSessionServices
instanceKlass org/hibernate/metamodel/model/domain/MappedSuperclassDomainType
instanceKlass jakarta/persistence/metamodel/MappedSuperclassType
instanceKlass org/hibernate/metamodel/model/domain/EntityDomainType
instanceKlass org/hibernate/metamodel/model/domain/TreatableDomainType
instanceKlass org/hibernate/query/sqm/SqmPathSource
instanceKlass org/hibernate/metamodel/model/domain/IdentifiableDomainType
instanceKlass org/hibernate/metamodel/model/domain/ManagedDomainType
instanceKlass org/hibernate/graph/spi/GraphImplementor
instanceKlass org/hibernate/graph/spi/GraphNodeImplementor
instanceKlass org/hibernate/metamodel/model/domain/internal/JpaMetamodelImpl
instanceKlass org/hibernate/metamodel/model/domain/internal/EntityPersisterConcurrentMap
instanceKlass org/hibernate/metamodel/model/domain/spi/JpaMetamodelImplementor
instanceKlass jakarta/persistence/metamodel/EmbeddableType
instanceKlass jakarta/persistence/metamodel/EntityType
instanceKlass jakarta/persistence/metamodel/Bindable
instanceKlass jakarta/persistence/metamodel/IdentifiableType
instanceKlass jakarta/persistence/metamodel/ManagedType
instanceKlass org/hibernate/metamodel/spi/MetamodelImplementor
instanceKlass org/hibernate/Metamodel
instanceKlass org/hibernate/metamodel/internal/RuntimeMetamodelsImpl
instanceKlass org/hibernate/query/criteria/spi/CriteriaBuilderExtension
instanceKlass  @bci org/hibernate/query/internal/QueryEngineImpl <init> (Lorg/hibernate/engine/spi/SessionFactoryImplementor;Lorg/hibernate/type/spi/TypeConfiguration;Lorg/hibernate/query/hql/HqlTranslator;Lorg/hibernate/query/sqm/sql/SqmTranslatorFactory;Lorg/hibernate/query/sqm/function/SqmFunctionRegistry;Lorg/hibernate/query/named/NamedObjectRepository;Lorg/hibernate/query/spi/QueryInterpretationCache;Lorg/hibernate/engine/query/spi/NativeQueryInterpreter;)V 90 <appendix> member <vmtarget> ; # org/hibernate/query/internal/QueryEngineImpl$$Lambda+0x00000210bf727820
instanceKlass org/hibernate/query/criteria/JpaParameterExpression
instanceKlass org/hibernate/query/sqm/tree/predicate/SqmInPredicate
instanceKlass org/hibernate/query/sqm/tree/predicate/SqmNegatablePredicate
instanceKlass org/hibernate/query/criteria/JpaCompoundSelection
instanceKlass org/hibernate/query/criteria/JpaWindow
instanceKlass org/hibernate/metamodel/model/domain/JpaMetamodel
instanceKlass org/hibernate/query/criteria/JpaSearchOrder
instanceKlass org/hibernate/query/sqm/tree/domain/SqmTreatedPath
instanceKlass org/hibernate/query/sqm/tree/domain/SqmPathWrapper
instanceKlass org/hibernate/query/sqm/tree/from/SqmAttributeJoin
instanceKlass org/hibernate/query/criteria/JpaFetch
instanceKlass jakarta/persistence/criteria/Fetch
instanceKlass org/hibernate/query/sqm/tree/from/SqmQualifiedJoin
instanceKlass org/hibernate/query/sqm/tree/from/SqmJoin
instanceKlass org/hibernate/query/sqm/tree/from/SqmFrom
instanceKlass org/hibernate/query/sqm/tree/domain/SqmPath
instanceKlass org/hibernate/query/criteria/JpaSearchedCase
instanceKlass org/hibernate/query/criteria/JpaSimpleCase
instanceKlass org/hibernate/query/criteria/JpaSubQuery
instanceKlass jakarta/persistence/criteria/Subquery
instanceKlass org/hibernate/query/criteria/JpaQueryGroup
instanceKlass org/hibernate/query/sqm/tree/select/SqmQueryPart
instanceKlass org/hibernate/query/criteria/JpaQueryPart
instanceKlass org/hibernate/query/sqm/tree/select/SqmSelectQuery
instanceKlass org/hibernate/query/criteria/JpaCoalesce
instanceKlass org/hibernate/query/criteria/JpaWindowFrame
instanceKlass org/hibernate/query/criteria/JpaInPredicate
instanceKlass org/hibernate/query/criteria/JpaValues
instanceKlass org/hibernate/query/criteria/JpaOrder
instanceKlass org/hibernate/query/criteria/JpaMapJoin
instanceKlass org/hibernate/query/criteria/JpaListJoin
instanceKlass org/hibernate/query/criteria/JpaSetJoin
instanceKlass org/hibernate/query/criteria/JpaCollectionJoin
instanceKlass org/hibernate/query/criteria/JpaPluralJoin
instanceKlass org/hibernate/query/criteria/JpaJoin
instanceKlass org/hibernate/query/criteria/JpaJoinedFrom
instanceKlass org/hibernate/query/criteria/JpaRoot
instanceKlass org/hibernate/query/criteria/JpaFrom
instanceKlass org/hibernate/query/criteria/JpaFetchParent
instanceKlass org/hibernate/query/criteria/JpaPath
instanceKlass org/hibernate/query/criteria/JpaCriteriaInsertValues
instanceKlass org/hibernate/query/criteria/JpaCriteriaInsertSelect
instanceKlass org/hibernate/query/criteria/JpaCriteriaInsert
instanceKlass org/hibernate/query/criteria/JpaCriteriaUpdate
instanceKlass org/hibernate/query/criteria/JpaCriteriaDelete
instanceKlass org/hibernate/query/criteria/JpaCriteriaQuery
instanceKlass org/hibernate/query/criteria/JpaSelectCriteria
instanceKlass jakarta/persistence/criteria/ParameterExpression
instanceKlass jakarta/persistence/Parameter
instanceKlass jakarta/persistence/criteria/CriteriaBuilder$In
instanceKlass jakarta/persistence/criteria/CompoundSelection
instanceKlass jakarta/persistence/criteria/Order
instanceKlass jakarta/persistence/criteria/Root
instanceKlass jakarta/persistence/criteria/CollectionJoin
instanceKlass jakarta/persistence/criteria/SetJoin
instanceKlass jakarta/persistence/criteria/ListJoin
instanceKlass jakarta/persistence/criteria/MapJoin
instanceKlass jakarta/persistence/criteria/PluralJoin
instanceKlass jakarta/persistence/criteria/Join
instanceKlass jakarta/persistence/criteria/From
instanceKlass jakarta/persistence/criteria/FetchParent
instanceKlass jakarta/persistence/criteria/Path
instanceKlass jakarta/persistence/criteria/CriteriaBuilder$SimpleCase
instanceKlass jakarta/persistence/criteria/CriteriaBuilder$Case
instanceKlass jakarta/persistence/criteria/CriteriaBuilder$Coalesce
instanceKlass jakarta/persistence/criteria/CriteriaUpdate
instanceKlass jakarta/persistence/criteria/CriteriaDelete
instanceKlass jakarta/persistence/criteria/CriteriaQuery
instanceKlass jakarta/persistence/criteria/AbstractQuery
instanceKlass org/hibernate/query/sqm/internal/SqmCriteriaNodeBuilder
instanceKlass org/hibernate/query/sql/spi/NativeSelectQueryDefinition
instanceKlass org/hibernate/query/sql/spi/NativeSelectQueryPlan
instanceKlass org/hibernate/query/sql/spi/NativeQueryPlan
instanceKlass org/hibernate/query/spi/SelectQueryPlan
instanceKlass org/hibernate/query/spi/QueryPlan
instanceKlass org/hibernate/engine/query/internal/NativeQueryInterpreterStandardImpl
instanceKlass org/hibernate/internal/util/collections/BoundedConcurrentHashMap$HashEntry
instanceKlass org/hibernate/internal/util/collections/BoundedConcurrentHashMap$LIRS
instanceKlass org/hibernate/internal/util/collections/BoundedConcurrentHashMap$EvictionPolicy
instanceKlass org/hibernate/query/QueryLogging
instanceKlass org/hibernate/query/spi/HqlInterpretation
instanceKlass org/hibernate/query/spi/ParameterMetadataImplementor
instanceKlass org/hibernate/query/ParameterMetadata
instanceKlass org/hibernate/query/internal/QueryInterpretationCacheStandardImpl
instanceKlass  @bci org/hibernate/query/internal/QueryEngineImpl from (Lorg/hibernate/engine/spi/SessionFactoryImplementor;Lorg/hibernate/boot/spi/MetadataImplementor;)Lorg/hibernate/query/spi/QueryEngine; 69 <appendix> member <vmtarget> ; # org/hibernate/query/internal/QueryEngineImpl$$Lambda+0x00000210bf6ec1b8
instanceKlass org/hibernate/query/named/NamedQueryMemento
instanceKlass org/hibernate/query/internal/NamedObjectRepositoryImpl
instanceKlass org/hibernate/dialect/function/TruncFunction$TruncRenderingSupport
instanceKlass org/hibernate/dialect/function/TruncFunction$TruncArgumentsValidator
instanceKlass org/hibernate/dialect/function/array/AbstractArrayFillFunction$ArrayFillArgumentsValidator
instanceKlass  @bci org/hibernate/query/sqm/produce/function/StandardFunctionArgumentTypeResolvers composite ([Lorg/hibernate/query/sqm/produce/function/FunctionArgumentTypeResolver;)Lorg/hibernate/query/sqm/produce/function/FunctionArgumentTypeResolver; 1 <appendix> member <vmtarget> ; # org/hibernate/query/sqm/produce/function/StandardFunctionArgumentTypeResolvers$$Lambda+0x00000210bf6e7b48
instanceKlass org/hibernate/dialect/function/array/ElementViaArrayArgumentReturnTypeResolver
instanceKlass org/hibernate/dialect/function/array/ArrayIncludesArgumentTypeResolver
instanceKlass org/hibernate/dialect/function/array/ArrayContainsArgumentTypeResolver
instanceKlass org/hibernate/dialect/function/array/ArrayViaArgumentReturnTypeResolver
instanceKlass org/hibernate/dialect/function/array/ArraysOfSameTypeArgumentValidator
instanceKlass org/hibernate/dialect/function/DynamicDispatchFunction
instanceKlass org/hibernate/type/descriptor/java/spi/BasicCollectionJavaType$CollectionMutabilityPlan
instanceKlass org/hibernate/type/descriptor/java/spi/CollectionJavaType$1
instanceKlass org/hibernate/type/internal/ParameterizedTypeImpl
instanceKlass org/hibernate/dialect/function/array/ArrayAndElementArgumentTypeResolver
instanceKlass org/hibernate/type/descriptor/jdbc/ArrayJdbcType
instanceKlass org/hibernate/type/descriptor/jdbc/spi/JdbcTypeRegistry$TypeConstructedJdbcTypeKey
instanceKlass org/hibernate/tool/schema/extract/spi/ColumnTypeInformation$1
instanceKlass java/sql/RowId
instanceKlass java/sql/Ref
instanceKlass org/hibernate/type/descriptor/jdbc/JdbcTypeJavaClassMappings
instanceKlass  @bci org/hibernate/type/spi/TypeConfiguration standardBasicTypeForJavaType (Ljava/lang/reflect/Type;)Lorg/hibernate/type/BasicType; 9 <appendix> member <vmtarget> ; # org/hibernate/type/spi/TypeConfiguration$$Lambda+0x00000210bf6e03b8
instanceKlass  @bci org/hibernate/dialect/function/array/AbstractArrayPositionFunction <init> (Lorg/hibernate/type/spi/TypeConfiguration;)V 62 <appendix> argL0 ; # org/hibernate/dialect/function/array/AbstractArrayPositionFunction$$Lambda+0x00000210bf6df908
instanceKlass  @bci org/hibernate/type/spi/TypeConfiguration standardBasicTypeForJavaType (Ljava/lang/reflect/Type;Ljava/util/function/Function;)Lorg/hibernate/type/BasicType; 14 <appendix> member <vmtarget> ; # org/hibernate/type/spi/TypeConfiguration$$Lambda+0x00000210bf6df6c0
instanceKlass  @bci org/hibernate/type/spi/TypeConfiguration standardBasicTypeForJavaType (Ljava/lang/Class;)Lorg/hibernate/type/BasicType; 9 <appendix> member <vmtarget> ; # org/hibernate/type/spi/TypeConfiguration$$Lambda+0x00000210bf6df478
instanceKlass org/hibernate/query/sqm/produce/function/StandardArgumentsValidators$8
instanceKlass org/hibernate/dialect/function/array/ArrayArgumentValidator
instanceKlass org/hibernate/dialect/function/array/ArrayViaElementArgumentReturnTypeResolver
instanceKlass org/hibernate/dialect/function/array/ArrayConstructorFunction$ArrayConstructorArgumentsValidator
instanceKlass  @bci org/hibernate/query/sqm/produce/function/StandardFunctionArgumentTypeResolvers byArgument ([Lorg/hibernate/query/sqm/produce/function/FunctionArgumentTypeResolver;)Lorg/hibernate/query/sqm/produce/function/FunctionArgumentTypeResolver; 1 <appendix> member <vmtarget> ; # org/hibernate/query/sqm/produce/function/StandardFunctionArgumentTypeResolvers$$Lambda+0x00000210bf6dcdf0
instanceKlass  @bci org/hibernate/query/sqm/produce/function/StandardFunctionArgumentTypeResolvers argumentsOrImplied ([I)Lorg/hibernate/query/sqm/produce/function/FunctionArgumentTypeResolver; 1 <appendix> member <vmtarget> ; # org/hibernate/query/sqm/produce/function/StandardFunctionArgumentTypeResolvers$$Lambda+0x00000210bf6dcbc8
instanceKlass  @bci org/hibernate/dialect/function/CommonFunctionFactory regrLinearRegressionAggregates ()V 57 <appendix> member <vmtarget> ; # org/hibernate/dialect/function/CommonFunctionFactory$$Lambda+0x00000210bf6dc2a8
instanceKlass org/hibernate/dialect/function/SqlFunction$1
instanceKlass org/hibernate/dialect/function/TimestampdiffFunction$TimestampdiffFunctionReturnTypeResolver
instanceKlass org/hibernate/sql/ast/tree/predicate/Predicate
instanceKlass org/hibernate/query/sqm/sql/internal/DomainResultProducer
instanceKlass org/hibernate/sql/ast/tree/expression/Expression
instanceKlass org/hibernate/sql/ast/spi/SqlSelectionProducer
instanceKlass org/hibernate/query/sqm/tree/predicate/SqmPredicate
instanceKlass org/hibernate/query/criteria/JpaPredicate
instanceKlass jakarta/persistence/criteria/Predicate
instanceKlass  @bci org/hibernate/query/sqm/produce/function/StandardFunctionArgumentTypeResolvers invariant (Lorg/hibernate/type/spi/TypeConfiguration;[Lorg/hibernate/query/sqm/produce/function/FunctionParameterType;)Lorg/hibernate/query/sqm/produce/function/FunctionArgumentTypeResolver; 31 <appendix> member <vmtarget> ; # org/hibernate/query/sqm/produce/function/StandardFunctionArgumentTypeResolvers$$Lambda+0x00000210bf6d13f0
instanceKlass  @bci org/hibernate/query/sqm/produce/function/StandardFunctionArgumentTypeResolvers impliedOrInvariant (Lorg/hibernate/type/spi/TypeConfiguration;Lorg/hibernate/query/sqm/produce/function/FunctionParameterType;)Lorg/hibernate/query/sqm/produce/function/FunctionArgumentTypeResolver; 7 <appendix> member <vmtarget> ; # org/hibernate/query/sqm/produce/function/StandardFunctionArgumentTypeResolvers$$Lambda+0x00000210bf6d3768
instanceKlass org/hibernate/query/sqm/produce/function/StandardArgumentsValidators$3
instanceKlass org/hibernate/query/sqm/produce/function/internal/PatternRenderer
instanceKlass org/hibernate/query/sqm/produce/function/PatternFunctionDescriptorBuilder
instanceKlass org/hibernate/query/sqm/produce/function/StandardArgumentsValidators$6
instanceKlass org/hibernate/query/sqm/produce/function/StandardFunctionReturnTypeResolvers$2
instanceKlass  @bci org/hibernate/query/sqm/produce/function/StandardFunctionArgumentTypeResolvers invariant (Lorg/hibernate/type/spi/TypeConfiguration;Lorg/hibernate/query/sqm/produce/function/FunctionParameterType;)Lorg/hibernate/query/sqm/produce/function/FunctionArgumentTypeResolver; 7 <appendix> member <vmtarget> ; # org/hibernate/query/sqm/produce/function/StandardFunctionArgumentTypeResolvers$$Lambda+0x00000210bf6d25c8
instanceKlass org/hibernate/query/sqm/produce/function/StandardFunctionArgumentTypeResolvers$1
instanceKlass org/hibernate/query/sqm/produce/function/StandardFunctionReturnTypeResolvers$1
instanceKlass org/hibernate/sql/ast/tree/SqlAstNode
instanceKlass org/hibernate/dialect/function/AvgFunction$ReturnTypeResolver
instanceKlass org/hibernate/dialect/function/AvgFunction$Validator
instanceKlass org/hibernate/dialect/function/SumReturnTypeResolver
instanceKlass org/hibernate/query/sqm/produce/function/StandardFunctionReturnTypeResolvers$3
instanceKlass org/hibernate/query/sqm/produce/function/StandardFunctionReturnTypeResolvers
instanceKlass org/hibernate/query/sqm/tree/expression/SqmOrderedSetAggregateFunction
instanceKlass org/hibernate/query/sqm/tree/expression/SqmWindowFunction
instanceKlass org/hibernate/query/sqm/tree/expression/SqmAggregateFunction
instanceKlass org/hibernate/query/sqm/function/AbstractSqmFunctionDescriptor
instanceKlass org/hibernate/query/sqm/function/FunctionRenderer
instanceKlass org/hibernate/query/sqm/function/FunctionRenderingSupport
instanceKlass  @bci org/hibernate/query/sqm/produce/function/StandardFunctionArgumentTypeResolvers invariant ([Lorg/hibernate/query/sqm/produce/function/FunctionParameterType;)Lorg/hibernate/query/sqm/produce/function/FunctionArgumentTypeResolver; 1 <appendix> member <vmtarget> ; # org/hibernate/query/sqm/produce/function/StandardFunctionArgumentTypeResolvers$$Lambda+0x00000210bf6ce338
instanceKlass  @bci org/hibernate/query/sqm/produce/function/StandardFunctionArgumentTypeResolvers <clinit> ()V 16 <appendix> argL0 ; # org/hibernate/query/sqm/produce/function/StandardFunctionArgumentTypeResolvers$$Lambda+0x00000210bf6ce118
instanceKlass  @bci org/hibernate/query/sqm/produce/function/StandardFunctionArgumentTypeResolvers <clinit> ()V 8 <appendix> argL0 ; # org/hibernate/query/sqm/produce/function/StandardFunctionArgumentTypeResolvers$$Lambda+0x00000210bf6cdef8
instanceKlass  @bci org/hibernate/query/sqm/produce/function/StandardFunctionArgumentTypeResolvers <clinit> ()V 0 <appendix> argL0 ; # org/hibernate/query/sqm/produce/function/StandardFunctionArgumentTypeResolvers$$Lambda+0x00000210bf6cdcd8
instanceKlass  @cpi org/hibernate/query/sqm/produce/function/StandardFunctionArgumentTypeResolvers 170 form vmentry <vmtarget> ; # java/lang/invoke/LambdaForm$DMH+0x00000210bf6d0400
instanceKlass  @cpi org/springframework/data/repository/query/parser/PartTree$OrPart 122 form vmentry <vmtarget> ; # java/lang/invoke/LambdaForm$DMH+0x00000210bf6d0000
instanceKlass org/hibernate/query/sqm/tree/AbstractSqmNode
instanceKlass org/hibernate/query/sqm/tree/expression/SqmExpression
instanceKlass org/hibernate/query/sqm/tree/select/SqmSelectableNode
instanceKlass org/hibernate/query/sqm/tree/SqmTypedNode
instanceKlass org/hibernate/query/sqm/tree/SqmExpressibleAccessor
instanceKlass org/hibernate/query/hql/spi/SemanticPathPart
instanceKlass org/hibernate/query/criteria/JpaFunction
instanceKlass org/hibernate/query/criteria/JpaExpression
instanceKlass jakarta/persistence/criteria/Expression
instanceKlass org/hibernate/query/criteria/JpaSelection
instanceKlass jakarta/persistence/criteria/Selection
instanceKlass org/hibernate/query/criteria/JpaTupleElement
instanceKlass jakarta/persistence/TupleElement
instanceKlass org/hibernate/query/sqm/produce/function/StandardFunctionArgumentTypeResolvers
instanceKlass org/hibernate/query/sqm/produce/function/ArgumentTypesValidator
instanceKlass org/hibernate/query/sqm/produce/function/StandardArgumentsValidators$4
instanceKlass org/hibernate/query/sqm/produce/function/StandardArgumentsValidators$2
instanceKlass org/hibernate/query/sqm/produce/function/StandardArgumentsValidators$1
instanceKlass org/hibernate/query/sqm/produce/function/StandardArgumentsValidators
instanceKlass org/hibernate/query/sqm/produce/function/ArgumentsValidator
instanceKlass org/hibernate/query/sqm/produce/function/NamedFunctionDescriptorBuilder
instanceKlass org/hibernate/query/sqm/produce/function/FunctionReturnTypeResolver
instanceKlass org/hibernate/query/sqm/produce/function/FunctionArgumentTypeResolver
instanceKlass org/hibernate/dialect/function/CommonFunctionFactory
instanceKlass  @bci org/hibernate/query/internal/QueryEngineImpl sortedFunctionContributors (Lorg/hibernate/service/ServiceRegistry;)Ljava/util/List; 37 <appendix> argL0 ; # org/hibernate/query/internal/QueryEngineImpl$$Lambda+0x00000210bf6c5820
instanceKlass  @bci org/hibernate/query/internal/QueryEngineImpl sortedFunctionContributors (Lorg/hibernate/service/ServiceRegistry;)Ljava/util/List; 29 <appendix> argL0 ; # org/hibernate/query/internal/QueryEngineImpl$$Lambda+0x00000210bf6c5600
instanceKlass org/hibernate/query/internal/QueryEngineImpl$FunctionContributionsImpl
instanceKlass  @bci org/hibernate/query/internal/QueryEngineImpl createFunctionRegistry (Lorg/hibernate/engine/spi/SessionFactoryImplementor;Lorg/hibernate/boot/spi/MetadataImplementor;Lorg/hibernate/query/spi/QueryEngineOptions;Lorg/hibernate/dialect/Dialect;)Lorg/hibernate/query/sqm/function/SqmFunctionRegistry; 21 <appendix> member <vmtarget> ; # org/hibernate/query/internal/QueryEngineImpl$$Lambda+0x00000210bf6c5168
instanceKlass org/hibernate/query/sqm/sql/SqmTranslator
instanceKlass org/hibernate/query/sqm/spi/JdbcParameterBySqmParameterAccess
instanceKlass org/hibernate/sql/ast/spi/FromClauseAccess
instanceKlass org/hibernate/query/sqm/sql/SqmToSqlAstConverter
instanceKlass org/hibernate/sql/ast/spi/SqlAstCreationState
instanceKlass org/hibernate/query/sqm/SemanticQueryWalker
instanceKlass org/hibernate/query/sqm/tree/SqmDmlStatement
instanceKlass org/hibernate/query/criteria/JpaManipulationCriteria
instanceKlass org/hibernate/query/sqm/tree/cte/SqmCteContainer
instanceKlass org/hibernate/query/sqm/tree/SqmStatement
instanceKlass org/hibernate/query/sqm/tree/SqmVisitableNode
instanceKlass org/hibernate/query/criteria/JpaQueryableCriteria
instanceKlass org/hibernate/query/criteria/JpaCteContainer
instanceKlass org/hibernate/query/sqm/tree/SqmQuery
instanceKlass org/hibernate/query/sqm/tree/SqmNode
instanceKlass org/hibernate/query/criteria/JpaCriteriaBase
instanceKlass org/hibernate/query/criteria/JpaCriteriaNode
instanceKlass jakarta/persistence/criteria/CommonAbstractCriteria
instanceKlass org/hibernate/query/sqm/sql/StandardSqmTranslatorFactory
instanceKlass org/antlr/v4/runtime/ANTLRErrorStrategy
instanceKlass org/antlr/v4/runtime/ANTLRErrorListener
instanceKlass org/hibernate/query/hql/internal/StandardHqlTranslator
instanceKlass org/hibernate/query/sqm/internal/SqmCreationOptionsStandard
instanceKlass org/hibernate/query/hql/spi/SqmCreationOptions
instanceKlass org/hibernate/query/sqm/NodeBuilder
instanceKlass org/hibernate/query/sqm/sql/SqmTranslatorFactory
instanceKlass org/hibernate/query/spi/QueryInterpretationCache
instanceKlass org/hibernate/query/hql/HqlTranslator
instanceKlass org/hibernate/query/internal/QueryEngineImpl
instanceKlass org/hibernate/query/spi/QueryEngine
instanceKlass org/hibernate/mapping/MappingHelper
instanceKlass org/hibernate/boot/internal/MetadataImpl$1
instanceKlass org/hibernate/tool/schema/Action$1
instanceKlass  @bci org/hibernate/boot/internal/MetadataImpl getContributors ()Ljava/util/Set; 13 <appendix> member <vmtarget> ; # org/hibernate/boot/internal/MetadataImpl$$Lambda+0x00000210bf6be360
instanceKlass org/hibernate/tool/schema/spi/SchemaManagementToolCoordinator$ActionGrouping
instanceKlass  @bci org/hibernate/internal/SessionFactoryImpl createGenerators (Lorg/hibernate/engine/jdbc/spi/JdbcServices;Lorg/hibernate/boot/model/relational/SqlStringGenerationContext;Lorg/hibernate/boot/spi/MetadataImplementor;Lorg/hibernate/boot/spi/BootstrapContext;)Ljava/util/Map; 35 <appendix> member <vmtarget> ; # org/hibernate/internal/SessionFactoryImpl$$Lambda+0x00000210bf6bdf00
instanceKlass  @bci org/hibernate/internal/SessionFactoryImpl createGenerators (Lorg/hibernate/engine/jdbc/spi/JdbcServices;Lorg/hibernate/boot/model/relational/SqlStringGenerationContext;Lorg/hibernate/boot/spi/MetadataImplementor;Lorg/hibernate/boot/spi/BootstrapContext;)Ljava/util/Map; 20 <appendix> argL0 ; # org/hibernate/internal/SessionFactoryImpl$$Lambda+0x00000210bf6bdcb0
instanceKlass org/hibernate/internal/SessionFactoryImpl$IntegratorObserver
instanceKlass org/hibernate/relational/internal/SchemaManagerImpl
instanceKlass org/hibernate/internal/EmptyInterceptor
instanceKlass org/hibernate/internal/CoordinatingEntityNameResolver
instanceKlass org/hibernate/jpa/internal/PersistenceUnitUtilImpl
instanceKlass org/hibernate/cache/spi/TimestampsCache
instanceKlass org/hibernate/cache/spi/access/NaturalIdDataAccess
instanceKlass org/hibernate/cache/spi/QueryResultsCache
instanceKlass org/hibernate/cache/spi/access/CollectionDataAccess
instanceKlass org/hibernate/cache/spi/access/EntityDataAccess
instanceKlass org/hibernate/metamodel/model/domain/NavigableRole
instanceKlass org/hibernate/spi/DotIdentifierSequence
instanceKlass org/hibernate/cache/internal/DisabledCaching
instanceKlass org/hibernate/boot/model/relational/internal/SqlStringGenerationContextImpl
instanceKlass org/hibernate/boot/model/relational/SqlStringGenerationContext
instanceKlass  @bci org/hibernate/event/service/internal/EventListenerRegistryImpl$Builder buildRegistry (Ljava/util/Map;)Lorg/hibernate/event/service/spi/EventListenerRegistry; 15 <appendix> argL0 ; # org/hibernate/event/service/internal/EventListenerRegistryImpl$Builder$$Lambda+0x00000210bf6badf8
instanceKlass org/hibernate/event/spi/EventEngineContributor
instanceKlass org/hibernate/event/spi/EventEngine$1
instanceKlass org/hibernate/event/internal/DefaultRefreshEventListener
instanceKlass org/hibernate/event/internal/PostUpsertEventListenerStandardImpl
instanceKlass org/hibernate/event/internal/PostUpdateEventListenerStandardImpl
instanceKlass org/hibernate/action/spi/BeforeTransactionCompletionProcess
instanceKlass org/hibernate/event/internal/DefaultPostLoadEventListener
instanceKlass org/hibernate/event/internal/PostInsertEventListenerStandardImpl
instanceKlass org/hibernate/event/internal/PostDeleteEventListenerStandardImpl
instanceKlass org/hibernate/event/spi/PostCommitUpdateEventListener
instanceKlass org/hibernate/event/spi/PostCommitInsertEventListener
instanceKlass org/hibernate/event/spi/PostCommitDeleteEventListener
instanceKlass org/hibernate/event/internal/DefaultPreLoadEventListener
instanceKlass org/hibernate/cache/spi/access/CachedDomainDataAccess
instanceKlass org/hibernate/event/internal/DefaultInitializeCollectionEventListener
instanceKlass org/hibernate/event/internal/DefaultLoadEventListener
instanceKlass org/hibernate/CustomEntityDirtinessStrategy$DirtyCheckContext
instanceKlass org/hibernate/event/internal/DefaultFlushEntityEventListener
instanceKlass org/hibernate/event/internal/DefaultEvictEventListener
instanceKlass org/hibernate/event/internal/DefaultDeleteEventListener
instanceKlass org/hibernate/action/internal/EntityAction
instanceKlass org/hibernate/action/spi/AfterTransactionCompletionProcess
instanceKlass org/hibernate/engine/spi/ComparableExecutable
instanceKlass org/hibernate/action/spi/Executable
instanceKlass org/hibernate/event/internal/AbstractReassociateEventListener
instanceKlass org/hibernate/jpa/event/spi/CallbackRegistryConsumer
instanceKlass  @bci org/hibernate/event/service/internal/EventListenerGroupImpl appendListener (Ljava/lang/Object;)V 3 <appendix> member <vmtarget> ; # org/hibernate/event/service/internal/EventListenerGroupImpl$$Lambda+0x00000210bf6afd00
instanceKlass java/util/concurrent/ForkJoinTask
instanceKlass java/util/concurrent/CompletableFuture$AsynchronousCompletionTask
instanceKlass java/util/concurrent/CompletableFuture$AltResult
instanceKlass org/hibernate/event/service/internal/EventListenerGroupImpl$1
instanceKlass org/hibernate/event/service/spi/DuplicationStrategy
instanceKlass  @bci org/hibernate/event/service/internal/EventListenerRegistryImpl$Builder prepareListeners (Lorg/hibernate/event/spi/EventType;Ljava/lang/Object;)V 5 <appendix> member <vmtarget> ; # org/hibernate/event/service/internal/EventListenerRegistryImpl$Builder$$Lambda+0x00000210bf6af420
instanceKlass org/hibernate/event/spi/AbstractEvent
instanceKlass org/hibernate/event/internal/AbstractFlushingEventListener
instanceKlass org/hibernate/event/service/spi/JpaBootstrapSensitive
# instanceKlass java/lang/invoke/LambdaForm$MH+0x00000210bf6b0000
instanceKlass  @bci org/hibernate/event/spi/EventType <clinit> ()V 390 <appendix> argL0 ; # org/hibernate/event/spi/EventType$$Lambda+0x00000210bf6ae438
instanceKlass org/hibernate/event/spi/PostCollectionUpdateEventListener
instanceKlass org/hibernate/event/spi/PostCollectionRemoveEventListener
instanceKlass org/hibernate/event/spi/PostCollectionRecreateEventListener
instanceKlass org/hibernate/event/spi/PreCollectionUpdateEventListener
instanceKlass org/hibernate/event/spi/PreCollectionRemoveEventListener
instanceKlass org/hibernate/event/spi/PreCollectionRecreateEventListener
instanceKlass org/hibernate/event/spi/PostUpsertEventListener
instanceKlass org/hibernate/event/spi/PostLoadEventListener
instanceKlass org/hibernate/event/spi/PreUpsertEventListener
instanceKlass org/hibernate/event/spi/PreInsertEventListener
instanceKlass org/hibernate/event/spi/PreUpdateEventListener
instanceKlass org/hibernate/event/spi/PreDeleteEventListener
instanceKlass org/hibernate/event/spi/PreLoadEventListener
instanceKlass org/hibernate/event/spi/RefreshEventListener
instanceKlass org/hibernate/event/spi/LockEventListener
instanceKlass org/hibernate/event/spi/EvictEventListener
instanceKlass org/hibernate/event/spi/ClearEventListener
instanceKlass org/hibernate/event/spi/FlushEntityEventListener
instanceKlass org/hibernate/event/spi/DirtyCheckEventListener
instanceKlass org/hibernate/event/spi/AutoFlushEventListener
instanceKlass org/hibernate/event/spi/FlushEventListener
instanceKlass org/hibernate/event/spi/ReplicateEventListener
instanceKlass org/hibernate/event/spi/DeleteEventListener
instanceKlass org/hibernate/event/spi/MergeEventListener
instanceKlass org/hibernate/event/spi/PersistEventListener
instanceKlass org/hibernate/event/spi/SaveOrUpdateEventListener
instanceKlass org/hibernate/event/spi/InitializeCollectionEventListener
instanceKlass org/hibernate/event/spi/ResolveNaturalIdEventListener
instanceKlass org/hibernate/event/spi/LoadEventListener
instanceKlass  @bci org/hibernate/event/service/internal/EventListenerRegistryImpl$Builder <init> (Lorg/hibernate/jpa/event/spi/CallbackRegistry;Z)V 9 <appendix> argL0 ; # org/hibernate/event/service/internal/EventListenerRegistryImpl$Builder$$Lambda+0x00000210bf6aa7f8
instanceKlass org/hibernate/event/spi/EventType
instanceKlass org/hibernate/event/service/internal/EventListenerRegistryImpl
instanceKlass org/hibernate/event/service/internal/EventListenerGroupImpl
instanceKlass org/hibernate/event/service/spi/EventListenerGroup
instanceKlass org/hibernate/event/service/internal/EventListenerRegistryImpl$Builder
instanceKlass org/hibernate/internal/util/collections/EmptyReadOnlyMap
instanceKlass org/hibernate/internal/util/collections/ReadOnlyMap
instanceKlass org/hibernate/jpa/event/internal/CallbackRegistryImpl
instanceKlass org/hibernate/jpa/event/internal/CallbackRegistryImpl$Builder
instanceKlass org/hibernate/event/service/spi/EventListenerRegistry
instanceKlass org/hibernate/jpa/event/spi/CallbackRegistry
instanceKlass org/hibernate/jpa/event/internal/CallbacksFactory
instanceKlass org/hibernate/event/spi/EventEngineContributions
instanceKlass org/hibernate/event/spi/EventEngine
instanceKlass org/hibernate/service/spi/SessionFactoryServiceInitiatorContext
instanceKlass org/hibernate/service/spi/SessionFactoryServiceContributor
instanceKlass org/hibernate/engine/query/spi/NativeQueryInterpreter
instanceKlass org/hibernate/engine/query/spi/NativeQueryInterpreterInitiator
instanceKlass org/hibernate/cache/spi/CacheImplementor
instanceKlass org/hibernate/engine/spi/CacheInitiator
instanceKlass org/hibernate/stat/spi/StatisticsImplementor
instanceKlass org/hibernate/stat/internal/StatisticsInitiator
instanceKlass org/hibernate/service/spi/SessionFactoryServiceInitiator
instanceKlass org/hibernate/service/internal/StandardSessionFactoryServiceInitiators
instanceKlass org/hibernate/service/internal/SessionFactoryServiceRegistryBuilderImpl
instanceKlass org/hibernate/service/spi/SessionFactoryServiceRegistry
instanceKlass org/hibernate/service/spi/SessionFactoryServiceRegistryBuilder
instanceKlass org/hibernate/service/internal/SessionFactoryServiceRegistryFactoryImpl
instanceKlass org/hibernate/internal/SessionFactoryObserverChain
instanceKlass org/hibernate/jpa/internal/JpaComplianceImpl
instanceKlass org/hibernate/jpa/internal/JpaComplianceImpl$JpaComplianceBuilder
instanceKlass org/hibernate/query/criteria/HibernateCriteriaBuilder
instanceKlass org/hibernate/StatelessSessionBuilder
instanceKlass javax/naming/RefAddr
instanceKlass org/hibernate/metamodel/spi/RuntimeMetamodelsImplementor
instanceKlass org/hibernate/metamodel/RuntimeMetamodels
instanceKlass org/hibernate/relational/SchemaManager
instanceKlass org/hibernate/EntityNameResolver
instanceKlass jakarta/persistence/PersistenceUnitUtil
instanceKlass jakarta/persistence/PersistenceUtil
instanceKlass org/hibernate/engine/spi/SessionBuilderImplementor
instanceKlass org/hibernate/metamodel/spi/MappingMetamodelImplementor
instanceKlass org/hibernate/context/spi/CurrentSessionContext
instanceKlass org/hibernate/metamodel/spi/RuntimeModelCreationContext
instanceKlass org/hibernate/persister/spi/PersisterCreationContext
instanceKlass jakarta/persistence/metamodel/Metamodel
instanceKlass org/hibernate/graph/RootGraph
instanceKlass jakarta/persistence/EntityGraph
instanceKlass org/hibernate/graph/Graph
instanceKlass org/hibernate/graph/GraphNode
instanceKlass org/hibernate/Cache
instanceKlass org/hibernate/SessionBuilder
instanceKlass org/hibernate/stat/Statistics
instanceKlass org/hibernate/metamodel/MappingMetamodel
instanceKlass jakarta/persistence/criteria/CriteriaBuilder
instanceKlass jakarta/persistence/Cache
instanceKlass org/hibernate/internal/QueryParameterBindingTypeResolverImpl
instanceKlass org/hibernate/jpa/boot/internal/EntityManagerFactoryBuilderImpl$JpaEntityNotFoundDelegate
instanceKlass org/hibernate/jpa/boot/internal/EntityManagerFactoryBuilderImpl$ServiceRegistryCloser
instanceKlass org/hibernate/boot/spi/SessionFactoryBuilderFactory
instanceKlass org/hibernate/boot/internal/SessionFactoryObserverForRegistration
instanceKlass org/hibernate/boot/internal/SessionFactoryObserverForSchemaExport
instanceKlass org/hibernate/boot/internal/SessionFactoryObserverForNamedQueryValidation
instanceKlass org/hibernate/bytecode/internal/SessionFactoryObserverForBytecodeEnhancer
instanceKlass org/hibernate/bytecode/enhance/internal/bytebuddy/EnhancerClassLocator
instanceKlass  @bci org/hibernate/boot/internal/SessionFactoryOptionsBuilder <init> (Lorg/hibernate/boot/registry/StandardServiceRegistry;Lorg/hibernate/boot/spi/BootstrapContext;)V 961 <appendix> argL0 ; # org/hibernate/boot/internal/SessionFactoryOptionsBuilder$$Lambda+0x00000210bf69e948
instanceKlass org/hibernate/context/spi/CurrentTenantIdentifierResolver
instanceKlass org/hibernate/boot/internal/StandardEntityNotFoundDelegate
instanceKlass org/hibernate/boot/internal/DefaultCustomEntityDirtinessStrategy
instanceKlass org/hibernate/CustomEntityDirtinessStrategy
instanceKlass org/hibernate/SessionEventListener
instanceKlass org/hibernate/internal/BaselineSessionEventsListenerBuilder
instanceKlass org/hibernate/resource/jdbc/spi/StatementInspector
instanceKlass org/hibernate/Interceptor
instanceKlass  @bci org/hibernate/boot/internal/SessionFactoryOptionsBuilder xmlFormatMapper (Ljava/lang/Object;Lorg/hibernate/boot/registry/selector/spi/StrategySelector;Lorg/hibernate/type/format/FormatMapperCreationContext;)Lorg/hibernate/type/format/FormatMapper; 3 <appendix> member <vmtarget> ; # org/hibernate/boot/internal/SessionFactoryOptionsBuilder$$Lambda+0x00000210bf69cae8
instanceKlass org/hibernate/type/format/jackson/JacksonIntegration
instanceKlass  @bci org/hibernate/boot/internal/SessionFactoryOptionsBuilder formatMapper (Ljava/lang/Object;Lorg/hibernate/boot/registry/selector/spi/StrategySelector;Ljava/util/concurrent/Callable;Lorg/hibernate/type/format/FormatMapperCreationContext;)Lorg/hibernate/type/format/FormatMapper; 7 <appendix> member <vmtarget> ; # org/hibernate/boot/internal/SessionFactoryOptionsBuilder$$Lambda+0x00000210bf69c6b8
instanceKlass  @bci org/hibernate/boot/internal/SessionFactoryOptionsBuilder jsonFormatMapper (Ljava/lang/Object;Lorg/hibernate/boot/registry/selector/spi/StrategySelector;Lorg/hibernate/type/format/FormatMapperCreationContext;)Lorg/hibernate/type/format/FormatMapper; 3 <appendix> member <vmtarget> ; # org/hibernate/boot/internal/SessionFactoryOptionsBuilder$$Lambda+0x00000210bf69c490
instanceKlass org/hibernate/boot/internal/SessionFactoryOptionsBuilder$1
instanceKlass  @bci org/hibernate/boot/internal/SessionFactoryOptionsBuilder <init> (Lorg/hibernate/boot/registry/StandardServiceRegistry;Lorg/hibernate/boot/spi/BootstrapContext;)V 162 <appendix> member <vmtarget> ; # org/hibernate/boot/internal/SessionFactoryOptionsBuilder$$Lambda+0x00000210bf69c038
instanceKlass  @bci org/hibernate/boot/internal/SessionFactoryOptionsBuilder <init> (Lorg/hibernate/boot/registry/StandardServiceRegistry;Lorg/hibernate/boot/spi/BootstrapContext;)V 152 <appendix> member <vmtarget> ; # org/hibernate/boot/internal/SessionFactoryOptionsBuilder$$Lambda+0x00000210bf69be10
instanceKlass org/hibernate/type/format/FormatMapperCreationContext
instanceKlass org/hibernate/boot/internal/SessionFactoryOptionsBuilder
instanceKlass org/hibernate/boot/internal/SessionFactoryBuilderImpl
instanceKlass org/hibernate/boot/spi/SessionFactoryBuilderImplementor
instanceKlass org/hibernate/boot/internal/DefaultSessionFactoryBuilderService
instanceKlass org/hibernate/query/named/NamedObjectRepository
instanceKlass org/hibernate/boot/SessionFactoryBuilder
instanceKlass org/hibernate/boot/internal/MetadataImpl
instanceKlass org/hibernate/id/insert/InsertGeneratedIdentifierDelegate
instanceKlass org/hibernate/generator/values/GeneratedValuesMutationDelegate
instanceKlass org/hibernate/persister/entity/EntityPersister
instanceKlass org/hibernate/persister/walking/spi/AttributeSource
instanceKlass org/hibernate/metamodel/mapping/EntityMappingType
instanceKlass org/hibernate/metamodel/mapping/SoftDeletableModelPart
instanceKlass org/hibernate/metamodel/mapping/Discriminable
instanceKlass org/hibernate/metamodel/mapping/Restrictable
instanceKlass org/hibernate/metamodel/mapping/WhereRestrictable
instanceKlass org/hibernate/metamodel/mapping/FilterRestrictable
instanceKlass org/hibernate/loader/ast/spi/Loadable
instanceKlass org/hibernate/sql/ast/tree/from/RootTableGroupProducer
instanceKlass org/hibernate/sql/ast/tree/from/TableGroupProducer
instanceKlass org/hibernate/metamodel/mapping/EntityValuedModelPart
instanceKlass org/hibernate/metamodel/mapping/ManagedMappingType
instanceKlass org/hibernate/sql/results/graph/FetchableContainer
instanceKlass org/hibernate/metamodel/mapping/ModelPartContainer
instanceKlass org/hibernate/metamodel/mapping/ModelPart
instanceKlass org/hibernate/id/factory/internal/IdentifierGeneratorUtil$1
instanceKlass org/hibernate/id/factory/internal/IdentifierGeneratorUtil
instanceKlass org/hibernate/boot/model/process/spi/MetadataBuildingProcess$3
instanceKlass org/hibernate/boot/spi/AdditionalJaxbMappingProducer
instanceKlass  @bci org/hibernate/boot/model/process/spi/MetadataBuildingProcess processAdditionalMappingContributions (Lorg/hibernate/boot/internal/InFlightMetadataCollectorImpl;Lorg/hibernate/boot/spi/MetadataBuildingOptions;Lorg/hibernate/boot/registry/classloading/spi/ClassLoaderService;Lorg/hibernate/boot/internal/MetadataBuildingContextRootImpl;)V 63 <appendix> member <vmtarget> ; # org/hibernate/boot/model/process/spi/MetadataBuildingProcess$$Lambda+0x00000210bf696c98
instanceKlass org/hibernate/boot/spi/AdditionalMappingContributor
instanceKlass org/hibernate/boot/model/process/spi/MetadataBuildingProcess$AdditionalMappingContributionsImpl
instanceKlass  @bci org/hibernate/boot/jaxb/internal/MappingBinder <init> (Lorg/hibernate/boot/ResourceStreamLocator;Lorg/hibernate/boot/jaxb/internal/MappingBinder$Options;Lorg/hibernate/boot/jaxb/hbm/transform/UnsupportedFeatureHandling;)V 9 <appendix> member <vmtarget> ; # org/hibernate/boot/jaxb/internal/MappingBinder$$Lambda+0x00000210bf6965d0
instanceKlass  @bci org/hibernate/boot/jaxb/internal/MappingBinder <init> (Lorg/hibernate/boot/ResourceStreamLocator;Lorg/hibernate/boot/jaxb/internal/MappingBinder$Options;Lorg/hibernate/boot/jaxb/hbm/transform/UnsupportedFeatureHandling;)V 3 <appendix> member <vmtarget> ; # org/hibernate/boot/jaxb/internal/MappingBinder$$Lambda+0x00000210bf6963a8
instanceKlass org/hibernate/boot/model/process/spi/MetadataBuildingProcess$2
instanceKlass  @bci org/hibernate/type/BasicTypeRegistry resolve (Lorg/hibernate/type/descriptor/java/JavaType;Lorg/hibernate/type/descriptor/jdbc/JdbcType;)Lorg/hibernate/type/BasicType; 6 <appendix> member <vmtarget> ; # org/hibernate/type/BasicTypeRegistry$$Lambda+0x00000210bf695868
instanceKlass org/hibernate/type/descriptor/java/AbstractTemporalJavaType$1
instanceKlass org/hibernate/engine/jdbc/Size
instanceKlass org/hibernate/type/spi/CompositeTypeImplementor
instanceKlass org/hibernate/type/AbstractType
instanceKlass org/hibernate/type/AssociationType
instanceKlass org/hibernate/boot/model/process/internal/InferredBasicValueResolution
instanceKlass org/hibernate/type/descriptor/java/JavaTypeHelper
instanceKlass org/hibernate/boot/model/process/internal/InferredBasicValueResolver
instanceKlass  @bci org/hibernate/mapping/BasicValue resolution (Lorg/hibernate/type/descriptor/java/BasicJavaType;Lorg/hibernate/type/descriptor/java/JavaType;)Lorg/hibernate/mapping/BasicValue$Resolution; 168 <appendix> member <vmtarget> ; # org/hibernate/mapping/BasicValue$$Lambda+0x00000210bf692328
instanceKlass org/hibernate/annotations/JavaType
instanceKlass org/hibernate/mapping/SimpleValue$ParameterTypeImpl
instanceKlass  @bci org/hibernate/boot/internal/InFlightMetadataCollectorImpl processValueResolvers (Lorg/hibernate/boot/spi/MetadataBuildingContext;)V 25 <appendix> member <vmtarget> ; # org/hibernate/boot/internal/InFlightMetadataCollectorImpl$$Lambda+0x00000210bf691c68
instanceKlass  @bci org/hibernate/internal/util/collections/JoinedList iterator ()Ljava/util/Iterator; 9 <appendix> argL0 ; # org/hibernate/internal/util/collections/JoinedList$$Lambda+0x00000210bf691a28
instanceKlass  @bci org/hibernate/internal/util/collections/JoinedList <init> (Ljava/util/List;)V 30 <appendix> argL0 ; # org/hibernate/internal/util/collections/JoinedList$$Lambda+0x00000210bf6917e0
instanceKlass  @bci org/hibernate/internal/util/collections/JoinedList <init> (Ljava/util/List;)V 16 <appendix> argL0 ; # org/hibernate/internal/util/collections/JoinedList$$Lambda+0x00000210bf6915a0
instanceKlass org/hibernate/annotations/AttributeBinderType
instanceKlass  @bci org/hibernate/boot/internal/InFlightMetadataCollectorImpl processSecondPasses (Lorg/hibernate/boot/spi/MetadataBuildingContext;)V 62 <appendix> argL0 ; # org/hibernate/boot/internal/InFlightMetadataCollectorImpl$$Lambda+0x00000210bf690898
instanceKlass org/hibernate/type/CompositeType
instanceKlass org/hibernate/metamodel/mapping/DiscriminatorType
instanceKlass org/hibernate/type/ConvertedBasicType
instanceKlass org/hibernate/metamodel/mapping/DiscriminatorConverter
instanceKlass org/hibernate/id/CompositeNestedGeneratedValueGenerator$GenerationPlan
instanceKlass org/hibernate/id/CompositeNestedGeneratedValueGenerator$GenerationContextLocator
instanceKlass org/hibernate/type/SerializableToBlobType
instanceKlass org/hibernate/usertype/DynamicParameterizedType
instanceKlass org/hibernate/usertype/ParameterizedType
instanceKlass org/hibernate/boot/spi/MetadataContributor
instanceKlass org/hibernate/mapping/Constraint
instanceKlass  @bci org/hibernate/boot/model/naming/NamingHelper generateHashedConstraintName (Ljava/lang/String;Lorg/hibernate/boot/model/naming/Identifier;[Lorg/hibernate/boot/model/naming/Identifier;)Ljava/lang/String; 29 <appendix> argL0 ; # org/hibernate/boot/model/naming/NamingHelper$$Lambda+0x00000210bf68df70
instanceKlass org/hibernate/boot/model/naming/NamingHelper
instanceKlass org/hibernate/boot/model/internal/IndexBinder$IndexOrUniqueKeyNameSource
instanceKlass  @bci org/hibernate/boot/model/internal/GeneratorBinder generatorCreator (Lorg/hibernate/annotations/common/reflection/XProperty;Ljava/lang/annotation/Annotation;)Lorg/hibernate/mapping/GeneratorCreator; 55 <appendix> member <vmtarget> ; # org/hibernate/boot/model/internal/GeneratorBinder$$Lambda+0x00000210bf68d688
instanceKlass org/hibernate/mapping/GeneratorCreator
instanceKlass org/hibernate/generator/internal/CurrentTimestampGeneration
instanceKlass org/hibernate/annotations/CreationTimestamp
instanceKlass org/hibernate/annotations/FetchProfiles
instanceKlass org/hibernate/annotations/FetchProfile
instanceKlass org/hibernate/annotations/TypeBinderType
instanceKlass  @bci org/hibernate/boot/model/internal/EntityBinder bindCallbacks (Lorg/hibernate/annotations/common/reflection/XClass;Lorg/hibernate/mapping/PersistentClass;Lorg/hibernate/boot/spi/MetadataBuildingContext;)V 64 <appendix> member <vmtarget> ; # org/hibernate/boot/model/internal/EntityBinder$$Lambda+0x00000210bf68be40
instanceKlass jakarta/persistence/ExcludeDefaultListeners
instanceKlass jakarta/persistence/ExcludeSuperclassListeners
instanceKlass org/hibernate/jpa/event/spi/CallbackDefinition
instanceKlass org/hibernate/jpa/event/internal/CallbackDefinitionResolverLegacyImpl
instanceKlass jakarta/persistence/PostLoad
instanceKlass jakarta/persistence/PostRemove
instanceKlass jakarta/persistence/PreRemove
instanceKlass jakarta/persistence/PostPersist
instanceKlass jakarta/persistence/PrePersist
instanceKlass jakarta/persistence/PostUpdate
instanceKlass jakarta/persistence/PreUpdate
instanceKlass org/hibernate/annotations/Tables
instanceKlass org/hibernate/annotations/Table
instanceKlass  @bci org/hibernate/boot/internal/InFlightMetadataCollectorImpl addEntityBinding (Lorg/hibernate/mapping/PersistentClass;)V 50 <appendix> member <vmtarget> ; # org/hibernate/boot/internal/InFlightMetadataCollectorImpl$$Lambda+0x00000210bf689da0
instanceKlass org/hibernate/internal/util/ExceptionHelper
instanceKlass org/hibernate/annotations/SoftDelete
instanceKlass  @bci org/hibernate/boot/model/internal/PropertyBinder handleOptional (Lorg/hibernate/mapping/Property;)V 45 <appendix> member <vmtarget> ; # org/hibernate/boot/model/internal/PropertyBinder$$Lambda+0x00000210bf689760
instanceKlass org/hibernate/annotations/Index
instanceKlass org/hibernate/mapping/Formula
instanceKlass org/hibernate/boot/internal/GenerationStrategyInterpreter$1
instanceKlass org/hibernate/boot/model/internal/GeneratorBinder$1
instanceKlass org/hibernate/boot/internal/GenerationStrategyInterpreter
instanceKlass org/hibernate/internal/util/NullnessUtil
instanceKlass org/hibernate/annotations/IdGeneratorType
instanceKlass org/hibernate/boot/model/internal/OptionalDeterminationSecondPass
instanceKlass org/hibernate/boot/model/source/internal/ImplicitColumnNamingSecondPass
instanceKlass  @bci org/hibernate/boot/model/internal/PropertyBinder callAttributeBindersInSecondPass (Lorg/hibernate/mapping/Property;)V 36 <appendix> member <vmtarget> ; # org/hibernate/boot/model/internal/PropertyBinder$$Lambda+0x00000210bf688000
instanceKlass org/hibernate/annotations/OptimisticLock
instanceKlass org/hibernate/annotations/NaturalId
instanceKlass org/hibernate/annotations/ValueGenerationType
instanceKlass org/hibernate/engine/spi/CascadeStyle
instanceKlass org/hibernate/boot/internal/InFlightMetadataCollectorImpl$TableColumnNameBinding
instanceKlass org/hibernate/boot/model/internal/AnnotatedColumn$2
instanceKlass org/hibernate/annotations/JdbcType
instanceKlass  @bci org/hibernate/mapping/BasicValue <init> (Lorg/hibernate/boot/spi/MetadataBuildingContext;Lorg/hibernate/mapping/Table;)V 13 <appendix> member <vmtarget> ; # org/hibernate/mapping/BasicValue$$Lambda+0x00000210bf686e80
instanceKlass org/hibernate/mapping/BasicValue$Resolution
instanceKlass org/hibernate/id/factory/spi/CustomIdGeneratorCreationContext
instanceKlass org/hibernate/usertype/DynamicParameterizedType$ParameterType
instanceKlass org/hibernate/annotations/PartitionKey
instanceKlass  @bci org/hibernate/boot/model/internal/BasicValueBinder normalMutabilityDetails (Lorg/hibernate/annotations/common/reflection/XProperty;)V 3 <appendix> member <vmtarget> ; # org/hibernate/boot/model/internal/BasicValueBinder$$Lambda+0x00000210bf686020
instanceKlass  @bci org/hibernate/boot/model/internal/BasicValueBinder normalJdbcTypeDetails (Lorg/hibernate/annotations/common/reflection/XProperty;)V 3 <appendix> member <vmtarget> ; # org/hibernate/boot/model/internal/BasicValueBinder$$Lambda+0x00000210bf685dd8
instanceKlass org/hibernate/annotations/JdbcTypeCode
instanceKlass  @bci org/hibernate/boot/model/internal/BasicValueBinder normalSupplementalDetails (Lorg/hibernate/annotations/common/reflection/XProperty;)V 3 <appendix> member <vmtarget> ; # org/hibernate/boot/model/internal/BasicValueBinder$$Lambda+0x00000210bf685990
instanceKlass jakarta/persistence/Enumerated
instanceKlass jakarta/persistence/Temporal
instanceKlass  @bci org/hibernate/boot/model/internal/BasicValueBinder prepareBasicAttribute (Ljava/lang/String;Lorg/hibernate/annotations/common/reflection/XProperty;Lorg/hibernate/annotations/common/reflection/XClass;)V 17 <appendix> member <vmtarget> ; # org/hibernate/boot/model/internal/BasicValueBinder$$Lambda+0x00000210bf685348
instanceKlass org/hibernate/boot/model/internal/BasicValueBinder$1
instanceKlass org/hibernate/annotations/Type
instanceKlass jakarta/persistence/Lob
instanceKlass  @bci org/hibernate/boot/model/convert/internal/AttributeConverterManager findAutoApplyConverterForAttribute (Lorg/hibernate/annotations/common/reflection/XProperty;Lorg/hibernate/boot/spi/MetadataBuildingContext;)Lorg/hibernate/boot/model/convert/spi/ConverterDescriptor; 7 <appendix> member <vmtarget> ; # org/hibernate/boot/model/convert/internal/AttributeConverterManager$$Lambda+0x00000210bf684af8
instanceKlass org/hibernate/boot/model/convert/spi/AutoApplicableConverterDescriptor
instanceKlass org/hibernate/boot/model/internal/BasicValueBinder$ListIndexMappingAccess
instanceKlass org/hibernate/boot/model/internal/BasicValueBinder$CollectionIdMappingAccess
instanceKlass org/hibernate/boot/model/internal/BasicValueBinder$MapKeyMappingAccess
instanceKlass org/hibernate/boot/model/internal/BasicValueBinder$AnyKeyMappingAccess
instanceKlass org/hibernate/annotations/Parameter
instanceKlass org/hibernate/boot/model/internal/BasicValueBinder$AnyDiscriminatorMappingAccess
instanceKlass org/hibernate/boot/model/internal/BasicValueBinder$ValueMappingAccess
instanceKlass org/hibernate/boot/model/internal/BasicValueBinder$BasicMappingAccess
instanceKlass org/hibernate/boot/model/internal/BasicValueBinder
instanceKlass org/hibernate/boot/model/internal/HCANNHelper
instanceKlass org/hibernate/annotations/CompositeType
instanceKlass jdk/internal/ValueBased
instanceKlass jakarta/persistence/Embedded
instanceKlass org/hibernate/property/access/spi/PropertyAccessStrategy
instanceKlass org/hibernate/boot/model/internal/EmbeddableBinder
instanceKlass org/hibernate/annotations/ManyToAny
instanceKlass jakarta/persistence/Version
instanceKlass org/hibernate/annotations/LazyGroup
instanceKlass org/hibernate/boot/model/source/spi/AbstractAttributeKey
instanceKlass org/hibernate/boot/model/internal/AnnotatedColumn$1
instanceKlass org/hibernate/annotations/Array
instanceKlass org/hibernate/annotations/GeneratedColumn
instanceKlass org/hibernate/annotations/ColumnDefault
instanceKlass jakarta/persistence/Basic
instanceKlass org/hibernate/annotations/FractionalSeconds
instanceKlass jakarta/persistence/ManyToMany
instanceKlass org/hibernate/annotations/Any
instanceKlass jakarta/persistence/ElementCollection
instanceKlass jakarta/persistence/OneToMany
instanceKlass org/hibernate/annotations/Columns
instanceKlass org/hibernate/annotations/Formula
instanceKlass org/hibernate/annotations/JoinFormula
instanceKlass org/hibernate/annotations/JoinColumnsOrFormulas
instanceKlass org/hibernate/annotations/JoinColumnOrFormula
instanceKlass jakarta/persistence/JoinColumns
instanceKlass jakarta/persistence/JoinColumn
instanceKlass org/hibernate/boot/model/internal/ColumnsBuilder
instanceKlass org/hibernate/annotations/Target
instanceKlass org/hibernate/annotations/Parent
instanceKlass jakarta/persistence/IdClass
instanceKlass org/hibernate/boot/model/internal/InheritanceState$ElementsToProcess
instanceKlass jakarta/persistence/OneToOne
instanceKlass jakarta/persistence/ManyToOne
instanceKlass jakarta/persistence/MapsId
instanceKlass org/hibernate/boot/model/internal/PropertyInferredData
instanceKlass org/hibernate/boot/model/internal/PropertyBinder
instanceKlass org/hibernate/boot/model/internal/PropertyContainer
instanceKlass jakarta/persistence/GeneratedValue
instanceKlass jakarta/persistence/Id
instanceKlass jakarta/persistence/EmbeddedId
instanceKlass org/hibernate/annotations/common/reflection/java/generics/ApproximatingTypeEnvironment
instanceKlass org/hibernate/annotations/common/reflection/java/generics/TypeUtils
instanceKlass org/hibernate/annotations/common/reflection/ReflectionUtil
instanceKlass org/hibernate/annotations/common/reflection/XClass$1
instanceKlass org/hibernate/boot/spi/AccessType$1
instanceKlass jakarta/persistence/Access
instanceKlass org/hibernate/annotations/OnDelete
instanceKlass jakarta/persistence/PrimaryKeyJoinColumn
instanceKlass jakarta/persistence/PrimaryKeyJoinColumns
instanceKlass jakarta/persistence/DiscriminatorValue
instanceKlass org/hibernate/boot/model/internal/AnnotatedDiscriminatorColumn$1
instanceKlass org/hibernate/boot/model/internal/AnnotatedColumn
instanceKlass org/hibernate/annotations/DiscriminatorFormula
instanceKlass jakarta/persistence/DiscriminatorColumn
instanceKlass jakarta/persistence/Converts
instanceKlass jakarta/persistence/Convert
instanceKlass jakarta/persistence/AssociationOverrides
instanceKlass jakarta/persistence/AssociationOverride
instanceKlass org/hibernate/annotations/ColumnTransformers
instanceKlass org/hibernate/annotations/ColumnTransformer
instanceKlass org/hibernate/annotations/TimeZoneStorage
instanceKlass org/hibernate/boot/model/internal/TimeZoneStorageHelper
instanceKlass jakarta/persistence/AttributeOverrides
instanceKlass jakarta/persistence/AttributeOverride
instanceKlass jakarta/persistence/Column
instanceKlass org/hibernate/boot/model/internal/AbstractPropertyHolder
instanceKlass org/hibernate/boot/model/internal/PropertyHolder
instanceKlass org/hibernate/boot/model/internal/PropertyHolderBuilder
instanceKlass org/hibernate/annotations/Check
instanceKlass org/hibernate/annotations/Checks
instanceKlass org/hibernate/annotations/Synchronize
instanceKlass org/hibernate/annotations/HQLSelect
instanceKlass org/hibernate/annotations/SQLSelect
instanceKlass org/hibernate/annotations/SQLDeleteAll
instanceKlass org/hibernate/annotations/SQLDeletes
instanceKlass org/hibernate/annotations/SQLDelete
instanceKlass org/hibernate/annotations/SQLUpdates
instanceKlass org/hibernate/annotations/SQLUpdate
instanceKlass org/hibernate/annotations/SQLInserts
instanceKlass org/hibernate/annotations/SQLInsert
instanceKlass jakarta/persistence/SecondaryTables
instanceKlass jakarta/persistence/SecondaryTable
instanceKlass org/hibernate/boot/internal/InFlightMetadataCollectorImpl$EntityTableXrefImpl
instanceKlass org/hibernate/boot/model/naming/ImplicitIndexNameSource
instanceKlass org/hibernate/boot/model/internal/IndexBinder
instanceKlass org/hibernate/mapping/Column
instanceKlass org/hibernate/tool/schema/extract/spi/ColumnTypeInformation
instanceKlass org/hibernate/boot/model/naming/ImplicitUniqueKeyNameSource
instanceKlass  @bci org/hibernate/boot/internal/InFlightMetadataCollectorImpl addTable (Ljava/lang/String;Ljava/lang/String;Ljava/lang/String;Ljava/lang/String;ZLorg/hibernate/boot/spi/MetadataBuildingContext;)Lorg/hibernate/mapping/Table; 111 <appendix> member <vmtarget> ; # org/hibernate/boot/internal/InFlightMetadataCollectorImpl$$Lambda+0x00000210bf673118
instanceKlass org/hibernate/boot/model/naming/ImplicitJoinTableNameSource
instanceKlass org/hibernate/boot/model/naming/ImplicitCollectionTableNameSource
instanceKlass org/hibernate/boot/model/internal/ObjectNameSource
instanceKlass org/hibernate/boot/model/internal/TableBinder
instanceKlass org/hibernate/boot/model/internal/EntityBinder$EntityTableNamingStrategyHelper
instanceKlass org/hibernate/boot/model/naming/NamingStrategyHelper
instanceKlass org/hibernate/annotations/View
instanceKlass org/hibernate/annotations/RowId
instanceKlass org/hibernate/annotations/Subselect
instanceKlass jakarta/persistence/NamedEntityGraphs
instanceKlass jakarta/persistence/NamedEntityGraph
instanceKlass org/hibernate/annotations/Loader
instanceKlass org/hibernate/annotations/Persister
instanceKlass org/hibernate/annotations/Mutability
instanceKlass org/hibernate/annotations/Immutable
instanceKlass org/hibernate/annotations/Filter
instanceKlass org/hibernate/annotations/Filters
instanceKlass org/hibernate/annotations/NaturalIdCache
instanceKlass org/hibernate/annotations/QueryCacheLayout
instanceKlass org/hibernate/annotations/CacheConcurrencyStrategy$1
instanceKlass org/hibernate/boot/model/internal/EntityBinder$1
instanceKlass org/hibernate/boot/model/internal/EntityBinder$LocalCacheAnnotationStub
instanceKlass jakarta/persistence/Cacheable
instanceKlass org/hibernate/annotations/SQLRestriction
instanceKlass org/hibernate/annotations/Where
instanceKlass org/hibernate/annotations/ConcreteProxy
instanceKlass org/hibernate/annotations/Proxy
instanceKlass org/hibernate/annotations/Polymorphism
instanceKlass org/hibernate/engine/OptimisticLockStyle$1
instanceKlass org/hibernate/annotations/OptimisticLocking
instanceKlass org/hibernate/annotations/SelectBeforeUpdate
instanceKlass org/hibernate/annotations/DynamicUpdate
instanceKlass org/hibernate/annotations/DynamicInsert
instanceKlass org/hibernate/sql/Alias
instanceKlass org/hibernate/annotations/Cache
instanceKlass org/hibernate/boot/spi/PropertyData
instanceKlass org/hibernate/boot/model/internal/EntityBinder
instanceKlass org/hibernate/annotations/GenericGenerator
instanceKlass org/hibernate/boot/internal/GenerationStrategyInterpreter$GeneratorNameDeterminationContext
instanceKlass org/hibernate/boot/model/internal/GeneratorBinder
instanceKlass org/hibernate/annotations/ConverterRegistrations
instanceKlass org/hibernate/annotations/ConverterRegistration
instanceKlass org/hibernate/annotations/CompositeTypeRegistrations
instanceKlass org/hibernate/annotations/CompositeTypeRegistration
instanceKlass org/hibernate/annotations/TypeRegistrations
instanceKlass org/hibernate/annotations/TypeRegistration
instanceKlass org/hibernate/annotations/EmbeddableInstantiatorRegistrations
instanceKlass org/hibernate/annotations/EmbeddableInstantiatorRegistration
instanceKlass org/hibernate/annotations/CollectionTypeRegistrations
instanceKlass org/hibernate/annotations/CollectionTypeRegistration
instanceKlass org/hibernate/annotations/JdbcTypeRegistrations
instanceKlass org/hibernate/annotations/JdbcTypeRegistration
instanceKlass org/hibernate/annotations/JavaTypeRegistrations
instanceKlass org/hibernate/annotations/JavaTypeRegistration
instanceKlass org/hibernate/annotations/Imported
instanceKlass org/hibernate/annotations/NamedNativeQueries
instanceKlass org/hibernate/annotations/NamedNativeQuery
instanceKlass org/hibernate/annotations/NamedQueries
instanceKlass org/hibernate/annotations/NamedQuery
instanceKlass jakarta/persistence/NamedNativeQueries
instanceKlass jakarta/persistence/NamedQueries
instanceKlass jakarta/persistence/SqlResultSetMappings
instanceKlass org/hibernate/boot/model/internal/SecondaryTableFromAnnotationSecondPass
instanceKlass org/hibernate/boot/model/internal/SecondaryTableSecondPass
instanceKlass org/hibernate/boot/model/internal/ImplicitToOneJoinTableSecondPass
instanceKlass org/hibernate/boot/model/internal/CreateKeySecondPass
instanceKlass org/hibernate/boot/model/internal/FkSecondPass
instanceKlass org/hibernate/boot/model/internal/AggregateComponentSecondPass
instanceKlass org/hibernate/boot/model/internal/SetBasicValueTypeSecondPass
instanceKlass org/hibernate/boot/model/internal/IdGeneratorResolverSecondPass
instanceKlass org/hibernate/boot/model/internal/ResultSetMappingSecondPass
instanceKlass org/hibernate/boot/model/internal/QuerySecondPass
instanceKlass org/hibernate/query/sql/spi/ParameterRecognizer
instanceKlass org/hibernate/boot/query/NamedResultSetMappingDescriptor
instanceKlass org/hibernate/boot/query/NamedHqlQueryDefinition
instanceKlass org/hibernate/boot/model/internal/QueryBinder
instanceKlass org/hibernate/annotations/DialectOverride$OverridesAnnotation
instanceKlass  @bci org/hibernate/boot/model/internal/BinderHelper getOverridableAnnotation (Lorg/hibernate/annotations/common/reflection/XAnnotatedElement;Ljava/lang/Class;Lorg/hibernate/boot/spi/MetadataBuildingContext;)Ljava/lang/annotation/Annotation; 24 <appendix> argL0 ; # org/hibernate/boot/model/internal/BinderHelper$$Lambda+0x00000210bf6673e8
instanceKlass org/hibernate/boot/model/internal/BinderHelper$AnnotationCacheValue
instanceKlass org/hibernate/boot/model/internal/AnnotatedColumns
instanceKlass org/hibernate/boot/model/internal/BinderHelper
instanceKlass org/hibernate/annotations/FilterDefs
instanceKlass org/hibernate/annotations/FilterDef
instanceKlass org/hibernate/boot/model/internal/FilterDefBinder
instanceKlass org/hibernate/boot/model/internal/AnnotationBinder$1
instanceKlass jakarta/persistence/Inheritance
instanceKlass org/hibernate/boot/model/internal/InheritanceState
instanceKlass org/hibernate/annotations/common/reflection/java/generics/CompoundTypeEnvironment
instanceKlass org/hibernate/annotations/common/reflection/java/generics/TypeEnvironmentFactory
instanceKlass jakarta/persistence/NamedStoredProcedureQueries
instanceKlass jakarta/persistence/NamedStoredProcedureQuery
instanceKlass jakarta/persistence/SqlResultSetMapping
instanceKlass jakarta/persistence/NamedNativeQuery
instanceKlass jakarta/persistence/NamedQuery
instanceKlass jakarta/persistence/SequenceGenerators
instanceKlass jakarta/persistence/TableGenerators
instanceKlass jakarta/persistence/TableGenerator
instanceKlass jakarta/persistence/SequenceGenerator
instanceKlass org/hibernate/boot/model/internal/AnnotationBinder
instanceKlass org/hibernate/boot/model/relational/Namespace$ComparableHelper
instanceKlass org/hibernate/boot/model/relational/Namespace
instanceKlass jakarta/persistence/EntityListeners
instanceKlass org/hibernate/boot/model/internal/XMLContext$Default
instanceKlass org/hibernate/boot/model/source/internal/annotations/AnnotationMetadataSourceProcessorImpl$1
instanceKlass org/hibernate/annotations/common/reflection/java/JavaAnnotationReader
instanceKlass org/hibernate/annotations/common/reflection/Filter
instanceKlass  @bci org/hibernate/annotations/common/reflection/java/TypeEnvironmentMap$ContextScope getOrCompute (Ljava/lang/Object;)Ljava/lang/Object; 3 <appendix> member <vmtarget> ; # org/hibernate/annotations/common/reflection/java/TypeEnvironmentMap$ContextScope$$Lambda+0x00000210bf661868
instanceKlass  @bci org/hibernate/annotations/common/reflection/java/TypeEnvironmentMap getOrCompute (Lorg/hibernate/annotations/common/reflection/java/generics/TypeEnvironment;Ljava/lang/Object;)Ljava/lang/Object; 6 <appendix> member <vmtarget> ; # org/hibernate/annotations/common/reflection/java/TypeEnvironmentMap$$Lambda+0x00000210bf661620
instanceKlass org/hibernate/annotations/common/reflection/java/generics/TypeSwitch
instanceKlass org/hibernate/annotations/common/reflection/java/generics/IdentityTypeEnvironment
instanceKlass org/hibernate/boot/spi/JpaOrmXmlPersistenceUnitDefaultAware$JpaOrmXmlPersistenceUnitDefaults
instanceKlass org/hibernate/boot/model/source/internal/annotations/AnnotationMetadataSourceProcessorImpl
instanceKlass org/hibernate/mapping/Selectable
instanceKlass org/hibernate/boot/model/source/internal/hbm/RelationalObjectBinder
instanceKlass org/hibernate/boot/model/naming/ImplicitAnyKeyColumnNameSource
instanceKlass org/hibernate/mapping/Property
instanceKlass org/hibernate/boot/model/naming/ImplicitAnyDiscriminatorColumnNameSource
instanceKlass org/hibernate/boot/model/naming/ImplicitIdentifierColumnNameSource
instanceKlass org/hibernate/boot/model/source/spi/CompositeIdentifierSource
instanceKlass org/hibernate/boot/model/source/spi/EmbeddableSourceContributor
instanceKlass org/hibernate/boot/model/source/spi/IdentifierSource
instanceKlass org/hibernate/boot/model/naming/ImplicitDiscriminatorColumnNameSource
instanceKlass org/hibernate/boot/model/naming/ImplicitIndexColumnNameSource
instanceKlass org/hibernate/boot/model/naming/ImplicitEntityNameSource
instanceKlass org/hibernate/boot/model/source/spi/AnyMappingSource
instanceKlass org/hibernate/boot/model/naming/ImplicitBasicColumnNameSource
instanceKlass org/hibernate/boot/model/naming/ImplicitMapKeyColumnNameSource
instanceKlass org/hibernate/boot/model/source/spi/RelationalValueSourceContainer
instanceKlass org/hibernate/boot/model/source/spi/ColumnBindingDefaults
instanceKlass org/hibernate/boot/model/source/internal/hbm/HbmLocalMetadataBuildingContext
instanceKlass org/hibernate/boot/model/source/spi/LocalMetadataBuildingContext
instanceKlass org/hibernate/boot/model/source/internal/hbm/IndexedPluralAttributeSource
instanceKlass org/hibernate/boot/model/source/spi/PluralAttributeSource
instanceKlass org/hibernate/boot/model/source/spi/CascadeStyleSource
instanceKlass org/hibernate/boot/model/source/spi/FetchableAttributeSource
instanceKlass org/hibernate/mapping/Collection
instanceKlass org/hibernate/mapping/SoftDeletable
instanceKlass org/hibernate/boot/model/source/spi/HibernateTypeSource
instanceKlass org/hibernate/boot/model/convert/spi/JpaAttributeConverterCreationContext
instanceKlass org/hibernate/mapping/Fetchable
instanceKlass org/hibernate/mapping/SortableValue
instanceKlass org/hibernate/mapping/Resolvable
instanceKlass org/hibernate/mapping/SimpleValue
instanceKlass org/hibernate/boot/model/source/internal/hbm/RelationalObjectBinder$ColumnNamingDelegate
instanceKlass org/hibernate/mapping/KeyValue
instanceKlass org/hibernate/boot/spi/NaturalIdUniqueKeyBinder
instanceKlass org/hibernate/boot/model/source/spi/AttributeSource
instanceKlass org/hibernate/mapping/TableOwner
instanceKlass org/hibernate/mapping/PersistentClass
instanceKlass org/hibernate/mapping/MetaAttributable
instanceKlass org/hibernate/mapping/Filterable
instanceKlass org/hibernate/mapping/AttributeContainer
instanceKlass org/hibernate/mapping/IdentifiableTypeClass
instanceKlass org/hibernate/mapping/TableContainer
instanceKlass org/hibernate/boot/model/source/internal/hbm/ModelBinder
instanceKlass org/hibernate/boot/jaxb/hbm/spi/TableInformationContainer
instanceKlass org/hibernate/boot/jaxb/hbm/spi/SubEntityInfo
instanceKlass org/hibernate/boot/jaxb/hbm/spi/SecondaryTableContainer
instanceKlass org/hibernate/boot/jaxb/hbm/spi/Discriminatable
instanceKlass org/hibernate/boot/jaxb/hbm/spi/JaxbHbmToolingHintContainer
instanceKlass org/hibernate/boot/model/source/spi/JoinedSubclassEntitySource
instanceKlass org/hibernate/boot/model/source/spi/ForeignKeyContributingSource
instanceKlass org/hibernate/boot/model/source/internal/hbm/AbstractHbmSourceNode
instanceKlass org/hibernate/boot/model/source/internal/hbm/Helper$InLineViewNameInferrer
instanceKlass org/hibernate/boot/model/source/spi/SubclassEntitySource
instanceKlass org/hibernate/boot/model/source/spi/EntitySource
instanceKlass org/hibernate/boot/model/source/spi/EntityNamingSourceContributor
instanceKlass org/hibernate/boot/model/source/spi/IdentifiableTypeSource
instanceKlass org/hibernate/boot/model/source/spi/AttributeSourceContainer
instanceKlass org/hibernate/boot/model/source/spi/ToolingHintContextContainer
instanceKlass org/hibernate/boot/jaxb/hbm/spi/EntityInfo
instanceKlass org/hibernate/boot/jaxb/hbm/spi/ResultSetMappingContainer
instanceKlass org/hibernate/boot/jaxb/hbm/spi/ToolingHintContainer
instanceKlass org/hibernate/boot/model/source/internal/hbm/EntityHierarchyBuilder
instanceKlass org/hibernate/boot/model/source/internal/hbm/HbmMetadataSourceProcessorImpl
instanceKlass org/hibernate/boot/model/process/spi/MetadataBuildingProcess$1
instanceKlass  @bci org/hibernate/boot/model/process/spi/MetadataBuildingProcess complete (Lorg/hibernate/boot/model/process/spi/ManagedResources;Lorg/hibernate/boot/spi/BootstrapContext;Lorg/hibernate/boot/spi/MetadataBuildingOptions;)Lorg/hibernate/boot/spi/MetadataImplementor; 60 <appendix> member <vmtarget> ; # org/hibernate/boot/model/process/spi/MetadataBuildingProcess$$Lambda+0x00000210bf648c90
instanceKlass org/hibernate/boot/model/naming/ObjectNameNormalizer
instanceKlass org/hibernate/boot/internal/MetadataBuildingContextRootImpl
instanceKlass org/hibernate/boot/internal/MetadataBuilderImpl$2
instanceKlass org/hibernate/boot/model/process/spi/MetadataBuildingProcess$5
instanceKlass org/hibernate/type/descriptor/jdbc/JdbcTypeFamilyInformation
instanceKlass org/hibernate/type/descriptor/jdbc/spi/AbstractJdbcLiteralFormatter
instanceKlass org/hibernate/type/AdjustableBasicType
instanceKlass org/hibernate/internal/util/config/ConfigurationHelper$TypeCodeConverter
instanceKlass org/hibernate/dialect/PostgreSQLArrayJdbcTypeConstructor
instanceKlass org/hibernate/type/descriptor/jdbc/UUIDJdbcType
instanceKlass org/hibernate/dialect/PostgreSQLEnumJdbcType
instanceKlass  @bci org/hibernate/boot/model/TypeContributions contributeType (Lorg/hibernate/type/BasicType;)V 36 <appendix> member <vmtarget> ; # org/hibernate/boot/model/TypeContributions$$Lambda+0x00000210bf641aa8
instanceKlass  @bci org/hibernate/type/descriptor/java/spi/JavaTypeRegistry resolveDescriptor (Ljava/lang/reflect/Type;Ljava/util/function/BiFunction;)Lorg/hibernate/type/descriptor/java/JavaType; 5 <appendix> member <vmtarget> ; # org/hibernate/type/descriptor/java/spi/JavaTypeRegistry$$Lambda+0x00000210bf641610
instanceKlass  @bci org/hibernate/type/descriptor/java/spi/JavaTypeRegistry resolveDescriptor (Ljava/lang/reflect/Type;)Lorg/hibernate/type/descriptor/java/JavaType; 2 <appendix> argL0 ; # org/hibernate/type/descriptor/java/spi/JavaTypeRegistry$$Lambda+0x00000210bf6413e0
instanceKlass org/hibernate/type/descriptor/jdbc/JsonJdbcType
instanceKlass org/hibernate/internal/util/ReflectHelper
instanceKlass org/hibernate/type/descriptor/java/AbstractJavaType
instanceKlass org/hibernate/dialect/AbstractPostgreSQLStructJdbcType
instanceKlass org/hibernate/type/descriptor/jdbc/StructJdbcType
instanceKlass org/hibernate/type/descriptor/jdbc/SqlTypedJdbcType
instanceKlass org/hibernate/dialect/PostgreSQLIntervalSecondJdbcType
instanceKlass org/hibernate/dialect/PostgreSQLInetJdbcType
instanceKlass org/hibernate/dialect/PgJdbcHelper
instanceKlass org/hibernate/type/descriptor/jdbc/XmlJdbcType
instanceKlass org/hibernate/type/descriptor/jdbc/AggregateJdbcType
instanceKlass org/hibernate/type/descriptor/jdbc/ArrayJdbcTypeConstructor
instanceKlass org/hibernate/type/descriptor/jdbc/TimeUtcAsJdbcTimeJdbcType
instanceKlass org/hibernate/type/descriptor/jdbc/TimestampUtcAsJdbcTimestampJdbcType
instanceKlass org/hibernate/type/descriptor/sql/internal/NamedNativeOrdinalEnumDdlTypeImpl
instanceKlass org/hibernate/type/descriptor/sql/internal/NamedNativeEnumDdlTypeImpl
instanceKlass org/hibernate/type/descriptor/sql/internal/CapacityDependentDdlType$TypeEntry
instanceKlass org/hibernate/type/descriptor/sql/internal/CapacityDependentDdlType$Builder
instanceKlass org/hibernate/type/SqlTypes
instanceKlass  @bci jdk/internal/reflect/MethodHandleIntegerFieldAccessorImpl getInt (Ljava/lang/Object;)I 11 <adapter> ; # java/lang/invoke/LambdaForm$MH+0x00000210bf63c000
instanceKlass java/sql/Types
instanceKlass org/hibernate/type/descriptor/JdbcTypeNameMapper
instanceKlass org/hibernate/type/descriptor/sql/internal/DdlTypeImpl
instanceKlass org/hibernate/boot/model/process/spi/MetadataBuildingProcess$4
instanceKlass  @bci org/hibernate/boot/internal/InFlightMetadataCollectorImpl <init> (Lorg/hibernate/boot/spi/BootstrapContext;Lorg/hibernate/boot/spi/MetadataBuildingOptions;)V 420 <appendix> member <vmtarget> ; # org/hibernate/boot/internal/InFlightMetadataCollectorImpl$$Lambda+0x00000210bf638680
instanceKlass org/hibernate/boot/model/relational/AuxiliaryDatabaseObject
instanceKlass org/hibernate/boot/model/relational/Namespace$Name
instanceKlass org/hibernate/sql/ast/internal/ParameterMarkerStrategyStandard
instanceKlass org/hibernate/engine/jdbc/internal/Formatter
instanceKlass  @bci org/hibernate/engine/jdbc/connections/internal/DatabaseConnectionInfoImpl toInfoString ()Ljava/lang/String; 49 <appendix> form vmentry <vmtarget> ; # java/lang/invoke/LambdaForm$MH+0x00000210bf635c00
# instanceKlass java/lang/invoke/LambdaForm$MH+0x00000210bf635800
# instanceKlass java/lang/invoke/LambdaForm$MH+0x00000210bf635400
# instanceKlass java/lang/invoke/LambdaForm$MH+0x00000210bf635000
# instanceKlass java/lang/invoke/LambdaForm$MH+0x00000210bf634c00
# instanceKlass java/lang/invoke/LambdaForm$MH+0x00000210bf634800
# instanceKlass java/lang/invoke/LambdaForm$MH+0x00000210bf634400
instanceKlass org/hibernate/internal/log/ConnectionInfoLogger
instanceKlass org/hibernate/engine/jdbc/connections/internal/DatabaseConnectionInfoImpl
instanceKlass  @bci org/hibernate/resource/jdbc/internal/ResourceRegistryStandardImpl releaseResources ()V 30 <appendix> argL0 ; # org/hibernate/resource/jdbc/internal/ResourceRegistryStandardImpl$$Lambda+0x00000210bf6327f8
instanceKlass  @bci com/zaxxer/hikari/pool/ProxyConnection$ClosedConnection getClosedConnection ()Ljava/sql/Connection; 0 <appendix> argL0 ; # com/zaxxer/hikari/pool/ProxyConnection$ClosedConnection$$Lambda+0x00000210bf6325d8
instanceKlass  @cpi com/zaxxer/hikari/pool/ProxyConnection$ClosedConnection 63 form vmentry <vmtarget> ; # java/lang/invoke/LambdaForm$DMH+0x00000210bf634000
instanceKlass com/zaxxer/hikari/pool/ProxyConnection$ClosedConnection
instanceKlass org/hibernate/engine/jdbc/env/internal/LobCreationLogging
instanceKlass org/postgresql/util/DriverInfo
instanceKlass org/hibernate/engine/jdbc/env/internal/LobCreationHelper
instanceKlass org/hibernate/engine/jdbc/LobCreator
instanceKlass org/hibernate/engine/jdbc/env/internal/LobCreatorBuilderImpl
instanceKlass org/hibernate/engine/jdbc/env/internal/QualifiedObjectNameFormatterStandardImpl$SchemaNameFormat
instanceKlass org/hibernate/engine/jdbc/env/internal/QualifiedObjectNameFormatterStandardImpl$1
instanceKlass org/hibernate/engine/jdbc/env/internal/QualifiedObjectNameFormatterStandardImpl$Format
instanceKlass org/hibernate/engine/jdbc/env/internal/QualifiedObjectNameFormatterStandardImpl
instanceKlass org/hibernate/boot/model/naming/Identifier
instanceKlass org/hibernate/tool/schema/extract/spi/ExtractionContext
instanceKlass org/hibernate/engine/jdbc/env/internal/ExtractedDatabaseMetaDataImpl
instanceKlass org/hibernate/engine/jdbc/env/internal/DefaultSchemaNameResolver$SchemaNameResolverJava17Delegate
instanceKlass java/sql/Struct
instanceKlass java/sql/ShardingKey
instanceKlass org/hibernate/engine/jdbc/env/internal/DefaultSchemaNameResolver
instanceKlass org/hibernate/engine/jdbc/cursor/internal/StandardRefCursorSupport
instanceKlass org/hibernate/engine/jdbc/env/internal/ExtractedDatabaseMetaDataImpl$Builder
instanceKlass org/hibernate/engine/jdbc/env/internal/NormalizingIdentifierHelperImpl
instanceKlass org/hibernate/engine/jdbc/env/spi/IdentifierHelper
instanceKlass org/hibernate/engine/jdbc/env/spi/IdentifierHelperBuilder
instanceKlass  @bci org/hibernate/dialect/PostgreSQLDialect buildSQLExceptionConversionDelegate ()Lorg/hibernate/exception/spi/SQLExceptionConversionDelegate; 0 <appendix> argL0 ; # org/hibernate/dialect/PostgreSQLDialect$$Lambda+0x00000210bf62eb08
instanceKlass org/hibernate/sql/ast/SqlAstTranslator
instanceKlass org/hibernate/sql/ast/SqlAstWalker
instanceKlass org/hibernate/sql/ast/tree/MutationStatement
instanceKlass org/hibernate/sql/ast/spi/StandardSqlAstTranslatorFactory
instanceKlass org/hibernate/dialect/DialectLogging_$logger
instanceKlass org/hibernate/dialect/DialectLogging
instanceKlass org/hibernate/internal/log/DeprecationLogger
instanceKlass java/util/regex/Pattern$1MatcherIterator
instanceKlass org/hibernate/boot/model/source/internal/hbm/CommaSeparatedStringHelper
instanceKlass  @bci org/hibernate/dialect/PostgreSQLDialect determineOptionalTableUpdateStrategy (Lorg/hibernate/dialect/DatabaseVersion;)Lorg/hibernate/dialect/PostgreSQLDialect$OptionalTableUpdateStrategy; 21 <appendix> argL0 ; # org/hibernate/dialect/PostgreSQLDialect$$Lambda+0x00000210bf62a490
instanceKlass org/hibernate/sql/model/ast/AbstractTableMutation
instanceKlass org/hibernate/sql/model/ast/RestrictedTableMutation
instanceKlass org/hibernate/sql/model/ast/TableMutation
instanceKlass org/hibernate/persister/entity/mutation/EntityMutationTarget
instanceKlass org/hibernate/dialect/PostgreSQLDialect$OptionalTableUpdateStrategy
instanceKlass org/hibernate/dialect/unique/AlterTableUniqueDelegate
instanceKlass org/hibernate/engine/jdbc/env/spi/AnsiSqlKeywords
instanceKlass  @bci org/hibernate/dialect/Dialect <init> (Lorg/hibernate/dialect/DatabaseVersion;)V 160 <appendix> member <vmtarget> ; # org/hibernate/dialect/Dialect$$Lambda+0x00000210bf628910
instanceKlass  @cpi org/hibernate/dialect/Dialect 1445 form vmentry <vmtarget> ; # java/lang/invoke/LambdaForm$DMH+0x00000210bf62c000
instanceKlass org/hibernate/loader/ast/spi/MultiKeyLoadSizingStrategy
instanceKlass org/hibernate/tool/schema/internal/StandardTableCleaner
instanceKlass org/hibernate/tool/schema/internal/StandardTableMigrator
instanceKlass org/hibernate/dialect/temptable/StandardTemporaryTableExporter
instanceKlass org/hibernate/tool/schema/internal/StandardAuxiliaryDatabaseObjectExporter
instanceKlass org/hibernate/tool/schema/internal/StandardUniqueKeyExporter
instanceKlass org/hibernate/tool/schema/internal/StandardForeignKeyExporter
instanceKlass org/hibernate/tool/schema/internal/StandardIndexExporter
instanceKlass org/hibernate/tool/schema/internal/StandardSequenceExporter
instanceKlass org/hibernate/tool/schema/internal/StandardUserDefinedTypeExporter
instanceKlass org/hibernate/boot/model/relational/QualifiedName
instanceKlass org/hibernate/mapping/Value
instanceKlass org/hibernate/tool/schema/internal/StandardTableExporter
instanceKlass org/hibernate/dialect/Dialect$SizeStrategyImpl
instanceKlass  @bci org/hibernate/dialect/PostgreSQLDialect <clinit> ()V 15 <appendix> argL0 ; # org/hibernate/dialect/PostgreSQLDialect$$Lambda+0x00000210bf626180
instanceKlass org/hibernate/exception/spi/TemplatedViolatedConstraintNameExtractor
instanceKlass org/hibernate/dialect/SimpleDatabaseVersion
instanceKlass  @bci org/hibernate/dialect/Dialect <clinit> ()V 144 <appendix> argL0 ; # org/hibernate/dialect/Dialect$$Lambda+0x00000210bf625958
instanceKlass org/hibernate/dialect/Dialect$3
instanceKlass org/hibernate/dialect/Dialect$2
instanceKlass org/hibernate/dialect/Dialect$1
instanceKlass org/hibernate/dialect/pagination/LimitHandler
instanceKlass org/hibernate/sql/ast/tree/Statement
instanceKlass org/hibernate/dialect/LobMergeStrategy
instanceKlass org/hibernate/dialect/Dialect$SizeStrategy
instanceKlass org/hibernate/dialect/lock/LockingStrategy
instanceKlass org/hibernate/tool/schema/spi/Cleaner
instanceKlass org/hibernate/tool/schema/internal/TableMigrator
instanceKlass org/hibernate/dialect/unique/UniqueDelegate
instanceKlass org/hibernate/sql/model/MutationOperation
instanceKlass org/hibernate/sql/model/MutationTarget
instanceKlass org/hibernate/procedure/spi/CallableStatementSupport
instanceKlass org/hibernate/dialect/temptable/TemporaryTableExporter
instanceKlass org/hibernate/tool/schema/spi/Exporter
instanceKlass org/hibernate/engine/jdbc/env/spi/SchemaNameResolver
instanceKlass org/hibernate/dialect/identity/IdentityColumnSupport
instanceKlass org/hibernate/tool/schema/extract/spi/SequenceInformationExtractor
instanceKlass org/hibernate/type/descriptor/jdbc/JdbcTypeConstructor
instanceKlass org/hibernate/dialect/FunctionalDependencyAnalysisSupport
instanceKlass  @bci org/hibernate/engine/jdbc/dialect/internal/DialectFactoryImpl constructDialect (Ljava/lang/Object;Lorg/hibernate/engine/jdbc/dialect/spi/DialectResolutionInfoSource;)Lorg/hibernate/dialect/Dialect; 12 <appendix> member <vmtarget> ; # org/hibernate/engine/jdbc/dialect/internal/DialectFactoryImpl$$Lambda+0x00000210bf621ac0
instanceKlass  @bci org/hibernate/engine/jdbc/env/internal/JdbcEnvironmentInitiator$1 execute (Ljava/sql/Connection;)Lorg/hibernate/engine/jdbc/env/internal/JdbcEnvironmentImpl; 167 <appendix> member <vmtarget> ; # org/hibernate/engine/jdbc/env/internal/JdbcEnvironmentInitiator$1$$Lambda+0x00000210bf61fd60
instanceKlass org/hibernate/engine/jdbc/env/internal/JdbcEnvironmentInitiator$DialectResolutionInfoImpl
instanceKlass com/zaxxer/hikari/pool/ProxyDatabaseMetaData
instanceKlass org/postgresql/jdbc/PgDatabaseMetaData
instanceKlass org/hibernate/jdbc/WorkExecutor
instanceKlass com/zaxxer/hikari/pool/ProxyConnection
instanceKlass com/zaxxer/hikari/pool/ProxyFactory
instanceKlass com/zaxxer/hikari/pool/ProxyLeakTask
instanceKlass com/zaxxer/hikari/pool/HikariPool$HouseKeeper
instanceKlass com/zaxxer/hikari/pool/ProxyLeakTaskFactory
instanceKlass java/util/concurrent/ThreadPoolExecutor$CallerRunsPolicy
instanceKlass com/zaxxer/hikari/util/UtilityElf$CustomDiscardPolicy
instanceKlass com/zaxxer/hikari/pool/PoolBase$NopMetricsTrackerDelegate
instanceKlass com/zaxxer/hikari/pool/HikariPool$MaxLifetimeTask
instanceKlass org/postgresql/util/JdbcBlackHole
instanceKlass java/sql/ResultSetMetaData
instanceKlass org/postgresql/jdbc/PgResultSet
instanceKlass org/postgresql/PGRefCursorResultSet
instanceKlass org/postgresql/core/Tuple
instanceKlass org/postgresql/jdbc/FieldMetadata
instanceKlass  @bci org/postgresql/core/AsciiStringInterner getString ([BIILorg/postgresql/core/Encoding;)Ljava/lang/String; 134 <appendix> member <vmtarget> ; # org/postgresql/core/AsciiStringInterner$$Lambda+0x00000210bf61aca8
instanceKlass org/postgresql/jdbc/ResultWrapper
instanceKlass org/postgresql/jdbc/PSQLWarningWrapper
instanceKlass java/util/TimerTask
instanceKlass java/sql/ResultSet
instanceKlass org/postgresql/jdbc/PgStatement
instanceKlass org/postgresql/core/BaseStatement
instanceKlass org/postgresql/PGStatement
instanceKlass org/postgresql/util/LazyCleaner$1
instanceKlass  @bci org/postgresql/util/LazyCleaner <init> (Ljava/time/Duration;Ljava/lang/String;)V 3 <appendix> member <vmtarget> ; # org/postgresql/util/LazyCleaner$$Lambda+0x00000210bf618b58
instanceKlass org/postgresql/util/LazyCleaner$Cleanable
instanceKlass org/postgresql/util/LazyCleaner
instanceKlass org/postgresql/jdbc/PgConnectionCleaningAction
instanceKlass org/postgresql/util/PGobject
instanceKlass org/postgresql/util/PGBinaryObject
instanceKlass org/postgresql/jdbc/TypeInfoCache
instanceKlass org/postgresql/jdbc/QueryExecutorTimeZoneProvider
instanceKlass org/postgresql/core/v3/ExecuteRequest
instanceKlass org/postgresql/core/v3/QueryExecutorImpl$4
instanceKlass org/postgresql/core/ResultHandlerBase
instanceKlass org/postgresql/core/SetupQueryRunner
instanceKlass org/postgresql/core/Utils
instanceKlass org/postgresql/hostchooser/GlobalHostStatusTracker$HostSpecStatus
instanceKlass org/postgresql/hostchooser/GlobalHostStatusTracker
instanceKlass java/time/Instant$1
instanceKlass java/time/chrono/Era
instanceKlass java/time/LocalDateTime$1
instanceKlass org/postgresql/jdbc/TimestampUtils
instanceKlass org/postgresql/replication/PGReplicationStream
instanceKlass org/postgresql/replication/fluent/CommonOptions
instanceKlass org/postgresql/core/v3/replication/V3ReplicationProtocol
instanceKlass org/postgresql/core/v3/adaptivefetch/AdaptiveFetchCache
instanceKlass org/postgresql/core/CommandCompleteParser
instanceKlass org/postgresql/core/CachedQuery
instanceKlass org/postgresql/core/v3/SimpleParameterList
instanceKlass org/postgresql/core/v3/SqlSerializationContext
instanceKlass org/postgresql/core/v3/SimpleQuery
instanceKlass org/postgresql/core/SqlCommand
instanceKlass org/postgresql/core/NativeQuery
instanceKlass org/postgresql/core/Parser
instanceKlass org/postgresql/core/BaseQueryKey
instanceKlass org/postgresql/util/internal/IntSet
instanceKlass java/util/concurrent/atomic/AtomicReferenceFieldUpdater$AtomicReferenceFieldUpdaterImpl$1
instanceKlass java/util/concurrent/atomic/AtomicReferenceFieldUpdater
instanceKlass org/postgresql/core/QueryExecutorCloseAction
instanceKlass org/postgresql/core/QueryExecutorBase$1
instanceKlass org/postgresql/util/LruCache
instanceKlass org/postgresql/util/Gettable
instanceKlass org/postgresql/core/CachedQueryCreateAction
instanceKlass org/postgresql/core/v3/Portal
instanceKlass org/postgresql/core/Field
instanceKlass org/postgresql/core/v3/V3ParameterList
instanceKlass org/postgresql/core/ReplicationProtocol
instanceKlass org/postgresql/copy/CopyDual
instanceKlass org/postgresql/copy/CopyOut
instanceKlass org/postgresql/copy/CopyIn
instanceKlass org/postgresql/core/v3/CopyOperationImpl
instanceKlass org/postgresql/copy/CopyOperation
instanceKlass org/postgresql/PGNotification
instanceKlass org/postgresql/core/ParameterList
instanceKlass org/postgresql/core/ResultCursor
instanceKlass org/postgresql/core/Query
instanceKlass org/postgresql/util/CanEstimateSize
instanceKlass org/postgresql/util/LruCache$CreateAction
instanceKlass org/postgresql/util/LruCache$EvictAction
instanceKlass org/postgresql/core/QueryExecutorBase
instanceKlass  @bci org/postgresql/core/v3/ScramAuthenticator handleAuthenticationSASLContinue (I)V 103 <appendix> member <vmtarget> ; # org/postgresql/core/v3/ScramAuthenticator$$Lambda+0x00000210bf60e500
instanceKlass  @bci javax/crypto/spec/SecretKeySpec <clinit> ()V 0 <appendix> argL0 ; # javax/crypto/spec/SecretKeySpec$$Lambda+0x00000210bf5eb688
instanceKlass jdk/internal/access/JavaxCryptoSpecAccess
instanceKlass javax/crypto/spec/SecretKeySpec
instanceKlass  @bci com/sun/crypto/provider/PBKDF2KeyImpl <init> (Ljavax/crypto/spec/PBEKeySpec;Ljava/lang/String;)V 237 <appendix> member <vmtarget> ; # com/sun/crypto/provider/PBKDF2KeyImpl$$Lambda+0x00000210bf5eafb0
instanceKlass com/sun/crypto/provider/PBKDF2KeyImpl$1
instanceKlass javax/crypto/MacSpi
instanceKlass sun/nio/cs/ThreadLocalCoders$Cache
instanceKlass sun/nio/cs/ThreadLocalCoders
instanceKlass com/sun/crypto/provider/PBKDF2KeyImpl
instanceKlass javax/crypto/interfaces/PBEKey
instanceKlass javax/crypto/spec/PBEKeySpec
instanceKlass org/postgresql/shaded/com/ongres/scram/common/CryptoUtil
instanceKlass org/postgresql/shaded/com/ongres/scram/client/ClientFinalProcessor
instanceKlass org/postgresql/shaded/com/ongres/scram/client/ServerFirstProcessor
instanceKlass  @bci org/postgresql/core/v3/ScramAuthenticator handleAuthenticationSASL ()V 66 <appendix> member <vmtarget> ; # org/postgresql/core/v3/ScramAuthenticator$$Lambda+0x00000210bf60d3b8
instanceKlass org/postgresql/core/v3/ScramAuthenticator$BodySender
instanceKlass org/postgresql/shaded/com/ongres/scram/common/StringWritableCsv
instanceKlass  @bci org/postgresql/shaded/com/ongres/stringprep/Stringprep prepare ([C)[C 109 <appendix> argL0 ; # org/postgresql/shaded/com/ongres/stringprep/Stringprep$$Lambda+0x00000210bf60c940
instanceKlass  @bci org/postgresql/shaded/com/ongres/stringprep/Stringprep prohibitedOutput (I)V 205 <appendix> argL0 ; # org/postgresql/shaded/com/ongres/stringprep/Stringprep$$Lambda+0x00000210bf60c6f0
instanceKlass  @bci org/postgresql/shaded/com/ongres/stringprep/Stringprep prohibitedOutput (I)V 189 <appendix> argL0 ; # org/postgresql/shaded/com/ongres/stringprep/Stringprep$$Lambda+0x00000210bf60c4a0
instanceKlass  @bci org/postgresql/shaded/com/ongres/stringprep/Stringprep prohibitedOutput (I)V 173 <appendix> argL0 ; # org/postgresql/shaded/com/ongres/stringprep/Stringprep$$Lambda+0x00000210bf60c250
instanceKlass  @bci org/postgresql/shaded/com/ongres/stringprep/Stringprep prohibitedOutput (I)V 157 <appendix> argL0 ; # org/postgresql/shaded/com/ongres/stringprep/Stringprep$$Lambda+0x00000210bf60c000
instanceKlass  @bci org/postgresql/shaded/com/ongres/stringprep/Stringprep prohibitedOutput (I)V 141 <appendix> argL0 ; # org/postgresql/shaded/com/ongres/stringprep/Stringprep$$Lambda+0x00000210bf607c70
instanceKlass  @bci org/postgresql/shaded/com/ongres/stringprep/Stringprep prohibitedOutput (I)V 125 <appendix> argL0 ; # org/postgresql/shaded/com/ongres/stringprep/Stringprep$$Lambda+0x00000210bf607a20
instanceKlass  @bci org/postgresql/shaded/com/ongres/stringprep/Stringprep prohibitedOutput (I)V 109 <appendix> argL0 ; # org/postgresql/shaded/com/ongres/stringprep/Stringprep$$Lambda+0x00000210bf6077d0
instanceKlass  @bci org/postgresql/shaded/com/ongres/stringprep/Stringprep prohibitedOutput (I)V 93 <appendix> argL0 ; # org/postgresql/shaded/com/ongres/stringprep/Stringprep$$Lambda+0x00000210bf607580
instanceKlass  @bci org/postgresql/shaded/com/ongres/stringprep/Stringprep prohibitedOutput (I)V 77 <appendix> argL0 ; # org/postgresql/shaded/com/ongres/stringprep/Stringprep$$Lambda+0x00000210bf607330
instanceKlass  @bci org/postgresql/shaded/com/ongres/stringprep/Stringprep prohibitedOutput (I)V 61 <appendix> argL0 ; # org/postgresql/shaded/com/ongres/stringprep/Stringprep$$Lambda+0x00000210bf6070e0
instanceKlass  @bci org/postgresql/shaded/com/ongres/stringprep/Stringprep prohibitedOutput (I)V 45 <appendix> argL0 ; # org/postgresql/shaded/com/ongres/stringprep/Stringprep$$Lambda+0x00000210bf606e90
instanceKlass  @bci org/postgresql/shaded/com/ongres/stringprep/Stringprep prohibitedOutput (I)V 29 <appendix> argL0 ; # org/postgresql/shaded/com/ongres/stringprep/Stringprep$$Lambda+0x00000210bf606c40
instanceKlass  @bci org/postgresql/shaded/com/ongres/stringprep/Stringprep prohibitedOutput (I)V 13 <appendix> member <vmtarget> ; # org/postgresql/shaded/com/ongres/stringprep/Stringprep$$Lambda+0x00000210bf6069e8
instanceKlass  @cpi org/postgresql/shaded/com/ongres/stringprep/Stringprep 329 form vmentry <vmtarget> ; # java/lang/invoke/LambdaForm$DMH+0x00000210bf608000
instanceKlass jdk/internal/icu/text/NormalizerBase$NFKCModeImpl
instanceKlass org/postgresql/shaded/com/ongres/stringprep/Tables
instanceKlass org/postgresql/shaded/com/ongres/stringprep/Stringprep
instanceKlass org/postgresql/shaded/com/ongres/saslprep/SASLprep
instanceKlass org/postgresql/shaded/com/ongres/stringprep/Profile
instanceKlass org/postgresql/shaded/com/ongres/scram/common/ScramStringFormatting
instanceKlass org/postgresql/shaded/com/ongres/scram/common/StringWritable
instanceKlass  @bci org/postgresql/core/v3/ScramAuthenticator initializeScramClient ([CLorg/postgresql/core/PGStream;Lorg/postgresql/core/v3/ChannelBinding;)Lorg/postgresql/shaded/com/ongres/scram/client/ScramClient; 79 <appendix> member <vmtarget> ; # org/postgresql/core/v3/ScramAuthenticator$$Lambda+0x00000210bf604130
instanceKlass  @bci org/postgresql/shaded/com/ongres/scram/common/ScramMechanism <clinit> ()V 356 <appendix> argL0 ; # org/postgresql/shaded/com/ongres/scram/common/ScramMechanism$$Lambda+0x00000210bf603ab0
instanceKlass javax/crypto/SecretKeyFactorySpi
instanceKlass javax/crypto/SecretKeyFactory
instanceKlass javax/crypto/ProviderVerifier
instanceKlass java/lang/Class$Holder
instanceKlass javax/crypto/JceSecurity$3
instanceKlass javax/crypto/JceSecurity$2
instanceKlass java/net/spi/URLStreamHandlerProvider
instanceKlass java/net/URL$1
instanceKlass java/net/URL$2
instanceKlass java/net/URL$ThreadTrackHolder
instanceKlass javax/crypto/CryptoPolicyParser$CryptoPermissionEntry
instanceKlass javax/crypto/CryptoPolicyParser$GrantEntry
instanceKlass java/io/StreamTokenizer
instanceKlass javax/crypto/CryptoPolicyParser
instanceKlass java/nio/file/Files$1
instanceKlass sun/nio/fs/WindowsFileSystem$2
instanceKlass java/nio/file/PathMatcher
instanceKlass sun/nio/fs/Globs
instanceKlass sun/nio/fs/WindowsFileSystemProvider$1
instanceKlass javax/crypto/JceSecurity$1
instanceKlass javax/crypto/JceSecurity
instanceKlass javax/crypto/Mac
instanceKlass  @bci org/postgresql/shaded/com/ongres/scram/common/ScramMechanism <clinit> ()V 321 <appendix> argL0 ; # org/postgresql/shaded/com/ongres/scram/common/ScramMechanism$$Lambda+0x00000210bf603870
instanceKlass  @bci java/util/stream/Collectors uniqKeysMapMerger ()Ljava/util/function/BinaryOperator; 0 <appendix> argL0 ; # java/util/stream/Collectors$$Lambda+0x00000210bf5e3140
instanceKlass  @bci java/util/stream/Collectors uniqKeysMapAccumulator (Ljava/util/function/Function;Ljava/util/function/Function;)Ljava/util/function/BiConsumer; 2 <appendix> member <vmtarget> ; # java/util/stream/Collectors$$Lambda+0x00000210bf5e2f08
instanceKlass  @bci java/util/stream/Collectors toMap (Ljava/util/function/Function;Ljava/util/function/Function;)Ljava/util/stream/Collector; 4 <appendix> argL0 ; # java/util/stream/Collectors$$Lambda+0x00000210bf5e2ce8
instanceKlass  @bci org/postgresql/shaded/com/ongres/scram/common/ScramMechanism <clinit> ()V 310 <appendix> argL0 ; # org/postgresql/shaded/com/ongres/scram/common/ScramMechanism$$Lambda+0x00000210bf603630
instanceKlass  @bci org/postgresql/shaded/com/ongres/scram/common/ScramMechanism <clinit> ()V 300 <appendix> argL0 ; # org/postgresql/shaded/com/ongres/scram/common/ScramMechanism$$Lambda+0x00000210bf6033e0
instanceKlass org/postgresql/shaded/com/ongres/scram/common/ScramFunctions
instanceKlass org/postgresql/shaded/com/ongres/scram/common/util/Preconditions
instanceKlass org/postgresql/shaded/com/ongres/scram/common/CharSupplier
instanceKlass org/postgresql/shaded/com/ongres/scram/client/ScramClient$Builder
instanceKlass org/postgresql/shaded/com/ongres/scram/client/ScramClient$FinalBuildStage
instanceKlass org/postgresql/shaded/com/ongres/scram/client/ScramClient$PasswordBuildStage
instanceKlass org/postgresql/shaded/com/ongres/scram/client/ScramClient$UsernameBuildStage
instanceKlass org/postgresql/shaded/com/ongres/scram/client/ScramClient$MechanismsBuildStage
instanceKlass org/postgresql/shaded/com/ongres/scram/client/ScramClient
instanceKlass org/postgresql/shaded/com/ongres/scram/client/MessageFlow
instanceKlass org/postgresql/core/v3/AuthenticationPluginManager
instanceKlass  @bci org/postgresql/core/v3/ConnectionFactoryImpl doAuthentication (Lorg/postgresql/core/PGStream;Ljava/lang/String;Ljava/lang/String;Ljava/util/Properties;)V 925 <appendix> member <vmtarget> ; # org/postgresql/core/v3/ConnectionFactoryImpl$$Lambda+0x00000210bf600000
instanceKlass org/postgresql/core/v3/ScramAuthenticator
instanceKlass org/postgresql/core/v3/AuthenticationPluginManager$PasswordAction
instanceKlass org/postgresql/core/ServerVersion$1
instanceKlass org/postgresql/core/v3/ConnectionFactoryImpl$StartupParam
instanceKlass org/postgresql/util/ByteConverter
instanceKlass  @bci org/postgresql/core/v3/ConnectionFactoryImpl enableSSL (Lorg/postgresql/core/PGStream;Lorg/postgresql/jdbc/SslMode;Ljava/util/Properties;I)Lorg/postgresql/core/PGStream; 44 <appendix> member <vmtarget> ; # org/postgresql/core/v3/ConnectionFactoryImpl$$Lambda+0x00000210bf5daf88
instanceKlass java/lang/management/MemoryUsage
instanceKlass java/lang/management/MemoryMXBean
instanceKlass org/postgresql/util/PGPropertyMaxResultBufferParser
instanceKlass org/postgresql/core/AsciiStringInterner$BaseKey
instanceKlass org/postgresql/core/AsciiStringInterner
instanceKlass org/postgresql/core/Encoding
instanceKlass sun/nio/ch/ExtendedSocketOption$1
instanceKlass sun/nio/ch/ExtendedSocketOption
instanceKlass sun/nio/ch/OptionKey
instanceKlass sun/nio/ch/SocketOptionRegistry$LazyInitialization
instanceKlass sun/nio/ch/SocketOptionRegistry$RegistryKey
instanceKlass sun/nio/ch/SocketOptionRegistry
instanceKlass java/net/StandardSocketOptions$StdSocketOption
instanceKlass java/net/StandardSocketOptions
instanceKlass org/postgresql/util/ByteStreamWriter$ByteStreamTarget
instanceKlass org/postgresql/core/PGStream
instanceKlass org/postgresql/hostchooser/CandidateHost
instanceKlass org/postgresql/hostchooser/SingleHostChooser
instanceKlass org/postgresql/hostchooser/HostChooser
instanceKlass org/postgresql/hostchooser/HostChooserFactory
instanceKlass javax/net/SocketFactory
instanceKlass org/postgresql/core/SocketFactoryFactory
instanceKlass org/postgresql/core/QueryExecutor
instanceKlass org/postgresql/core/v3/TypeTransferModeRegistry
instanceKlass org/postgresql/core/ConnectionFactory
instanceKlass org/postgresql/util/HostSpec
instanceKlass  @bci java/lang/SecurityManager nonExportedPkgs (Ljava/lang/module/ModuleDescriptor;)Ljava/util/Set; 92 <appendix> member <vmtarget> ; # java/lang/SecurityManager$$Lambda+0x00000210bf27fda8
instanceKlass  @bci java/lang/SecurityManager nonExportedPkgs (Ljava/lang/module/ModuleDescriptor;)Ljava/util/Set; 76 <appendix> argL0 ; # java/lang/SecurityManager$$Lambda+0x00000210bf27fb68
instanceKlass  @bci java/lang/SecurityManager nonExportedPkgs (Ljava/lang/module/ModuleDescriptor;)Ljava/util/Set; 66 <appendix> argL0 ; # java/lang/SecurityManager$$Lambda+0x00000210bf27f918
instanceKlass  @bci java/lang/SecurityManager nonExportedPkgs (Ljava/lang/module/ModuleDescriptor;)Ljava/util/Set; 47 <appendix> member <vmtarget> ; # java/lang/SecurityManager$$Lambda+0x00000210bf27f6e0
instanceKlass  @bci java/lang/SecurityManager nonExportedPkgs (Ljava/lang/module/ModuleDescriptor;)Ljava/util/Set; 31 <appendix> argL0 ; # java/lang/SecurityManager$$Lambda+0x00000210bf27f4a0
instanceKlass  @bci java/lang/SecurityManager nonExportedPkgs (Ljava/lang/module/ModuleDescriptor;)Ljava/util/Set; 21 <appendix> argL0 ; # java/lang/SecurityManager$$Lambda+0x00000210bf27f250
instanceKlass  @bci java/lang/SecurityManager addNonExportedPackages (Ljava/lang/ModuleLayer;)V 59 <appendix> argL0 ; # java/lang/SecurityManager$$Lambda+0x00000210bf27f020
instanceKlass  @bci java/lang/SecurityManager addNonExportedPackages (Ljava/lang/ModuleLayer;)V 49 <appendix> argL0 ; # java/lang/SecurityManager$$Lambda+0x00000210bf27ede0
instanceKlass  @bci java/lang/SecurityManager addNonExportedPackages (Ljava/lang/ModuleLayer;)V 39 <appendix> argL0 ; # java/lang/SecurityManager$$Lambda+0x00000210bf27eba0
instanceKlass  @bci java/lang/SecurityManager addNonExportedPackages (Ljava/lang/ModuleLayer;)V 29 <appendix> member <vmtarget> ; # java/lang/SecurityManager$$Lambda+0x00000210bf27e948
instanceKlass  @cpi org/springframework/web/servlet/view/AbstractCachingViewResolver 223 form vmentry <vmtarget> ; # java/lang/invoke/LambdaForm$DMH+0x00000210bf5d8800
instanceKlass  @bci java/lang/SecurityManager addNonExportedPackages (Ljava/lang/ModuleLayer;)V 17 <appendix> argL0 ; # java/lang/SecurityManager$$Lambda+0x00000210bf27e708
instanceKlass org/postgresql/replication/PGReplicationConnection
instanceKlass org/postgresql/core/TypeInfo
instanceKlass org/postgresql/core/Provider
instanceKlass java/sql/Savepoint
instanceKlass java/sql/Array
instanceKlass java/sql/CallableStatement
instanceKlass java/sql/PreparedStatement
instanceKlass org/postgresql/core/Version
instanceKlass java/sql/DatabaseMetaData
instanceKlass org/postgresql/xml/PGXmlFactoryFactory
instanceKlass org/postgresql/core/ResultHandler
instanceKlass java/sql/Statement
instanceKlass java/sql/SQLXML
instanceKlass org/postgresql/jdbc/PgConnection
instanceKlass org/postgresql/core/BaseConnection
instanceKlass org/postgresql/PGConnection
instanceKlass  @bci org/postgresql/Driver parseURL (Ljava/lang/String;Ljava/util/Properties;)Ljava/util/Properties; 812 <appendix> member <vmtarget> ; # org/postgresql/Driver$$Lambda+0x00000210bf5d4b80
instanceKlass  @bci org/postgresql/Driver parseURL (Ljava/lang/String;Ljava/util/Properties;)Ljava/util/Properties; 777 <appendix> member <vmtarget> ; # org/postgresql/Driver$$Lambda+0x00000210bf5d4948
# instanceKlass org/postgresql/Driver$$InjectedInvoker+0x00000210bf5d8400
# instanceKlass java/lang/invoke/LambdaForm$MH+0x00000210bf5d8000
instanceKlass org/postgresql/Driver$1
instanceKlass sun/reflect/misc/ReflectUtil
instanceKlass com/zaxxer/hikari/util/FastList
instanceKlass java/util/concurrent/atomic/AtomicIntegerFieldUpdater$AtomicIntegerFieldUpdaterImpl$1
instanceKlass java/util/concurrent/atomic/AtomicIntegerFieldUpdater
instanceKlass com/zaxxer/hikari/pool/PoolEntry
instanceKlass com/zaxxer/hikari/util/ClockSource$NanosecondClockSource
instanceKlass com/zaxxer/hikari/util/ClockSource$Factory
instanceKlass com/zaxxer/hikari/util/ClockSource
instanceKlass java/util/concurrent/ThreadPoolExecutor$DiscardPolicy
instanceKlass  @bci com/zaxxer/hikari/pool/HikariPool initializeHouseKeepingExecutorService ()Ljava/util/concurrent/ScheduledExecutorService; 21 <appendix> member <vmtarget> ; # com/zaxxer/hikari/pool/HikariPool$$Lambda+0x00000210bf5d36d8
instanceKlass com/zaxxer/hikari/util/SuspendResumeLock
instanceKlass  @bci com/zaxxer/hikari/util/ConcurrentBag <init> (Lcom/zaxxer/hikari/util/ConcurrentBag$IBagStateListener;)V 74 <appendix> argL0 ; # com/zaxxer/hikari/util/ConcurrentBag$$Lambda+0x00000210bf5d3058
instanceKlass com/zaxxer/hikari/util/ConcurrentBag
instanceKlass com/zaxxer/hikari/pool/HikariPool$PoolEntryCreator
instanceKlass com/zaxxer/hikari/util/UtilityElf$DefaultThreadFactory
instanceKlass org/postgresql/jdbcurlresolver/PgPassParser
instanceKlass org/postgresql/util/PGPropertyUtil
instanceKlass org/postgresql/util/internal/Nullness
instanceKlass  @bci org/postgresql/Driver parseURL (Ljava/lang/String;Ljava/util/Properties;)Ljava/util/Properties; 793 <appendix> member <vmtarget> ; # org/postgresql/Driver$$Lambda+0x00000210bf5d2118
instanceKlass org/postgresql/util/URLCoder
instanceKlass java/util/stream/Sink$ChainedInt
instanceKlass  @bci org/postgresql/Driver parseURL (Ljava/lang/String;Ljava/util/Properties;)Ljava/util/Properties; 150 <appendix> argL0 ; # org/postgresql/Driver$$Lambda+0x00000210bf5d1878
instanceKlass java/sql/DriverManager$2
instanceKlass java/sql/DriverManager$1
instanceKlass com/zaxxer/hikari/util/DriverDataSource
instanceKlass com/zaxxer/hikari/SQLExceptionOverride
instanceKlass com/zaxxer/hikari/metrics/PoolStats
instanceKlass com/zaxxer/hikari/pool/PoolBase$IMetricsTrackerDelegate
instanceKlass com/zaxxer/hikari/util/ConcurrentBag$IConcurrentBagEntry
instanceKlass com/zaxxer/hikari/util/UtilityElf
instanceKlass org/hibernate/jdbc/AbstractReturningWork
instanceKlass org/hibernate/jdbc/ReturningWork
instanceKlass org/hibernate/resource/transaction/backend/jdbc/internal/JdbcIsolationDelegate
instanceKlass org/hibernate/resource/transaction/internal/SynchronizationRegistryStandardImpl
instanceKlass org/hibernate/resource/transaction/spi/SynchronizationRegistryImplementor
instanceKlass org/hibernate/resource/transaction/spi/IsolationDelegate
instanceKlass org/hibernate/resource/transaction/spi/TransactionCoordinator$TransactionDriver
instanceKlass org/hibernate/resource/transaction/spi/SynchronizationRegistry
instanceKlass org/hibernate/resource/transaction/backend/jdbc/internal/JdbcResourceLocalTransactionCoordinatorImpl
instanceKlass  @bci org/hibernate/engine/jdbc/env/internal/JdbcEnvironmentInitiator getJdbcEnvironmentUsingJdbcMetadata (Ljava/util/Map;Lorg/hibernate/service/spi/ServiceRegistryImplementor;Lorg/hibernate/engine/jdbc/dialect/spi/DialectFactory;Ljava/lang/String;Ljava/lang/Integer;Ljava/lang/Integer;Ljava/lang/String;)Lorg/hibernate/engine/jdbc/env/internal/JdbcEnvironmentImpl; 68 <appendix> argL0 ; # org/hibernate/engine/jdbc/env/internal/JdbcEnvironmentInitiator$$Lambda+0x00000210bf5ce880
instanceKlass org/hibernate/tool/schema/internal/exec/JdbcContext
instanceKlass org/hibernate/resource/transaction/spi/TransactionCoordinator
instanceKlass org/hibernate/resource/transaction/spi/DdlTransactionIsolator
instanceKlass org/hibernate/resource/jdbc/internal/AbstractLogicalConnectionImplementor
instanceKlass org/hibernate/resource/jdbc/spi/PhysicalJdbcTransaction
instanceKlass org/hibernate/resource/jdbc/internal/ResourceRegistryStandardImpl
instanceKlass org/hibernate/resource/jdbc/spi/LogicalConnectionImplementor
instanceKlass org/hibernate/resource/jdbc/LogicalConnection
instanceKlass org/hibernate/resource/jdbc/ResourceRegistry
instanceKlass org/hibernate/engine/jdbc/spi/StatementPreparer
instanceKlass org/hibernate/resource/transaction/backend/jdbc/spi/JdbcResourceTransaction
instanceKlass org/hibernate/engine/jdbc/spi/MutationStatementPreparer
instanceKlass org/hibernate/engine/jdbc/spi/ResultSetReturn
instanceKlass org/hibernate/engine/jdbc/internal/JdbcCoordinatorImpl
instanceKlass org/hibernate/engine/jdbc/spi/JdbcCoordinator
instanceKlass org/hibernate/resource/transaction/backend/jdbc/spi/JdbcResourceTransactionAccess
instanceKlass org/hibernate/event/internal/EmptyEventManager
instanceKlass org/hibernate/engine/jdbc/spi/SqlExceptionHelper$WarningHandlerLoggingSupport
instanceKlass  @bci org/hibernate/engine/jdbc/spi/SqlExceptionHelper <clinit> ()V 30 <appendix> argL0 ; # org/hibernate/engine/jdbc/spi/SqlExceptionHelper$$Lambda+0x00000210bf5cad98
instanceKlass org/hibernate/exception/spi/ViolatedConstraintNameExtractor
instanceKlass org/hibernate/exception/spi/AbstractSQLExceptionConversionDelegate
instanceKlass org/hibernate/exception/spi/SQLExceptionConversionDelegate
instanceKlass org/hibernate/exception/internal/StandardSQLExceptionConverter
instanceKlass org/hibernate/engine/jdbc/spi/SqlExceptionHelper$WarningHandler
instanceKlass org/hibernate/engine/jdbc/spi/SqlExceptionHelper
instanceKlass org/hibernate/engine/jdbc/env/internal/JdbcEnvironmentInitiator$TemporaryJdbcSessionOwner$EmptyJdbcObserver
instanceKlass org/hibernate/event/spi/EventManager
instanceKlass org/hibernate/resource/jdbc/spi/JdbcObserver
instanceKlass org/hibernate/engine/jdbc/env/internal/JdbcEnvironmentInitiator$TemporaryJdbcSessionOwner
instanceKlass org/hibernate/resource/jdbc/spi/JdbcSessionContext
instanceKlass org/hibernate/sql/exec/spi/JdbcMutationExecutor
instanceKlass org/hibernate/sql/exec/spi/JdbcSelectExecutor
instanceKlass org/hibernate/engine/jdbc/internal/JdbcServicesImpl
instanceKlass javax/naming/event/NamespaceChangeListener
instanceKlass javax/naming/event/NamingListener
instanceKlass org/hibernate/engine/jndi/internal/JndiServiceImpl
instanceKlass org/hibernate/engine/jdbc/env/internal/JdbcEnvironmentInitiator$ConnectionProviderJdbcConnectionAccess
instanceKlass  @bci org/hibernate/engine/jdbc/env/internal/JdbcEnvironmentInitiator getExplicitDatabaseVersion (Ljava/util/Map;Ljava/lang/Integer;Ljava/lang/Integer;)Ljava/lang/String; 26 <appendix> member <vmtarget> ; # org/hibernate/engine/jdbc/env/internal/JdbcEnvironmentInitiator$$Lambda+0x00000210bf5c69d8
instanceKlass  @bci org/hibernate/engine/jdbc/env/internal/JdbcEnvironmentInitiator getExplicitDatabaseVersion (Ljava/util/Map;Ljava/lang/Integer;Ljava/lang/Integer;)Ljava/lang/String; 16 <appendix> member <vmtarget> ; # org/hibernate/engine/jdbc/env/internal/JdbcEnvironmentInitiator$$Lambda+0x00000210bf5c67b0
instanceKlass  @bci org/hibernate/engine/jdbc/env/internal/JdbcEnvironmentInitiator getExplicitDatabaseVersion (Ljava/util/Map;Ljava/lang/Integer;Ljava/lang/Integer;)Ljava/lang/String; 7 <appendix> member <vmtarget> ; # org/hibernate/engine/jdbc/env/internal/JdbcEnvironmentInitiator$$Lambda+0x00000210bf5c6588
instanceKlass  @bci org/hibernate/engine/jdbc/env/internal/JdbcEnvironmentInitiator getExplicitDatabaseMinorVersion (Ljava/util/Map;)Ljava/lang/Integer; 16 <appendix> member <vmtarget> ; # org/hibernate/engine/jdbc/env/internal/JdbcEnvironmentInitiator$$Lambda+0x00000210bf5c6360
instanceKlass  @bci org/hibernate/engine/jdbc/env/internal/JdbcEnvironmentInitiator getExplicitDatabaseMinorVersion (Ljava/util/Map;)Ljava/lang/Integer; 7 <appendix> member <vmtarget> ; # org/hibernate/engine/jdbc/env/internal/JdbcEnvironmentInitiator$$Lambda+0x00000210bf5c6138
instanceKlass  @bci org/hibernate/engine/jdbc/env/internal/JdbcEnvironmentInitiator getExplicitDatabaseMajorVersion (Ljava/util/Map;)Ljava/lang/Integer; 16 <appendix> member <vmtarget> ; # org/hibernate/engine/jdbc/env/internal/JdbcEnvironmentInitiator$$Lambda+0x00000210bf5c5f10
instanceKlass  @bci org/hibernate/engine/jdbc/env/internal/JdbcEnvironmentInitiator getExplicitDatabaseMajorVersion (Ljava/util/Map;)Ljava/lang/Integer; 7 <appendix> member <vmtarget> ; # org/hibernate/engine/jdbc/env/internal/JdbcEnvironmentInitiator$$Lambda+0x00000210bf5c5ce8
instanceKlass  @bci org/hibernate/engine/jdbc/env/internal/JdbcEnvironmentInitiator getExplicitDatabaseName (Ljava/util/Map;)Ljava/lang/String; 16 <appendix> member <vmtarget> ; # org/hibernate/engine/jdbc/env/internal/JdbcEnvironmentInitiator$$Lambda+0x00000210bf5c5ac0
instanceKlass  @bci org/hibernate/engine/jdbc/env/internal/JdbcEnvironmentInitiator getExplicitDatabaseName (Ljava/util/Map;)Ljava/lang/String; 7 <appendix> member <vmtarget> ; # org/hibernate/engine/jdbc/env/internal/JdbcEnvironmentInitiator$$Lambda+0x00000210bf5c5898
instanceKlass org/hibernate/engine/jdbc/dialect/internal/StandardDialectResolver
instanceKlass org/hibernate/engine/jdbc/dialect/internal/DialectResolverSet
instanceKlass org/hibernate/engine/jdbc/dialect/spi/DialectResolutionInfoSource
instanceKlass org/hibernate/engine/jdbc/dialect/internal/DialectFactoryImpl
instanceKlass org/hibernate/boot/model/relational/Database
instanceKlass org/hibernate/boot/model/TypeDefinitionRegistryStandardImpl
instanceKlass  @bci org/hibernate/boot/model/convert/internal/AttributeConverterManager <clinit> ()V 8 <appendix> argL0 ; # org/hibernate/boot/model/convert/internal/AttributeConverterManager$$Lambda+0x00000210bf5c32d8
instanceKlass org/hibernate/internal/util/StringHelper$Renderer
instanceKlass org/hibernate/boot/model/convert/internal/AttributeConverterManager
instanceKlass org/hibernate/boot/model/TypeDefinitionRegistry
instanceKlass org/hibernate/boot/model/naming/ImplicitForeignKeyNameSource
instanceKlass org/hibernate/boot/model/naming/ImplicitConstraintNameSource
instanceKlass org/hibernate/boot/model/naming/ImplicitNameSource
instanceKlass org/hibernate/boot/spi/InFlightMetadataCollector$DelayedPropertyReferenceHandler
instanceKlass org/hibernate/mapping/Table
instanceKlass org/hibernate/boot/model/relational/ContributableDatabaseObject
instanceKlass org/hibernate/boot/model/relational/Exportable
instanceKlass org/hibernate/mapping/Contributable
instanceKlass org/hibernate/boot/model/convert/spi/ConverterAutoApplyHandler
instanceKlass org/hibernate/boot/spi/SecondPass
instanceKlass org/hibernate/boot/query/NamedProcedureCallDefinition
instanceKlass org/hibernate/boot/query/NamedQueryDefinition
instanceKlass org/hibernate/boot/spi/InFlightMetadataCollector$EntityTableXref
instanceKlass org/hibernate/boot/internal/InFlightMetadataCollectorImpl
instanceKlass org/hibernate/boot/model/convert/spi/ConverterRegistry
instanceKlass org/hibernate/proxy/pojo/bytebuddy/ByteBuddyProxyHelper
instanceKlass org/hibernate/bytecode/internal/bytebuddy/ByteBuddyState$StandardClassRewriter
instanceKlass net/bytebuddy/matcher/LatentMatcher$Resolved
instanceKlass net/bytebuddy/utility/AsmClassWriter
instanceKlass net/bytebuddy/pool/TypePool
instanceKlass net/bytebuddy/dynamic/scaffold/InstrumentedType$WithFlexibleName
instanceKlass net/bytebuddy/dynamic/scaffold/InstrumentedType
instanceKlass net/bytebuddy/dynamic/scaffold/TypeInitializer
instanceKlass net/bytebuddy/implementation/LoadedTypeInitializer
instanceKlass net/bytebuddy/dynamic/scaffold/MethodGraph$Linked
instanceKlass net/bytebuddy/dynamic/scaffold/MethodGraph
instanceKlass net/bytebuddy/dynamic/scaffold/MethodGraph$Compiler$Default$Harmonizer
instanceKlass net/bytebuddy/dynamic/scaffold/MethodGraph$Compiler$Default$Merger
instanceKlass net/bytebuddy/dynamic/scaffold/MethodGraph$Compiler$AbstractBase
instanceKlass net/bytebuddy/dynamic/scaffold/MethodGraph$Compiler
instanceKlass net/bytebuddy/implementation/Implementation$Context$ExtractableView
instanceKlass net/bytebuddy/implementation/Implementation$Context
instanceKlass net/bytebuddy/implementation/MethodAccessorFactory
instanceKlass net/bytebuddy/implementation/attribute/AnnotationValueFilter
instanceKlass net/bytebuddy/implementation/auxiliary/AuxiliaryType$NamingStrategy$SuffixingRandom
instanceKlass net/bytebuddy/utility/RandomString
instanceKlass net/bytebuddy/NamingStrategy$AbstractBase
instanceKlass net/bytebuddy/implementation/attribute/AnnotationValueFilter$Factory
instanceKlass net/bytebuddy/dynamic/scaffold/InstrumentedType$Factory
instanceKlass net/bytebuddy/dynamic/VisibilityBridgeStrategy
instanceKlass net/bytebuddy/matcher/LatentMatcher
instanceKlass net/bytebuddy/implementation/Implementation$Context$Factory
instanceKlass net/bytebuddy/implementation/auxiliary/AuxiliaryType$NamingStrategy
instanceKlass net/bytebuddy/dynamic/scaffold/subclass/ConstructorStrategy
instanceKlass net/bytebuddy/utility/AsmClassWriter$Factory
instanceKlass net/bytebuddy/ByteBuddy
instanceKlass org/hibernate/bytecode/enhance/internal/bytebuddy/CodeTemplates$ClearOwner
instanceKlass org/hibernate/bytecode/enhance/internal/tracker/CompositeOwnerTracker
instanceKlass org/hibernate/bytecode/enhance/internal/bytebuddy/CodeTemplates$SetOwner
instanceKlass org/hibernate/bytecode/enhance/spi/interceptor/AbstractInterceptor
instanceKlass org/hibernate/bytecode/enhance/spi/interceptor/BytecodeLazyAttributeInterceptor
instanceKlass org/hibernate/bytecode/enhance/spi/interceptor/SessionAssociableInterceptor
instanceKlass org/hibernate/bytecode/enhance/internal/bytebuddy/CodeTemplates$InitializeLazyAttributeLoadingInterceptor
instanceKlass org/hibernate/bytecode/enhance/internal/bytebuddy/CodeTemplates$ClearDirtyAttributes
# instanceKlass java/lang/invoke/LambdaForm$MH+0x00000210bf5b4000
instanceKlass org/hibernate/bytecode/enhance/internal/bytebuddy/CodeTemplates$GetCollectionTrackerWithoutCollections
instanceKlass org/hibernate/bytecode/enhance/internal/bytebuddy/CodeTemplates$AreFieldsDirty
instanceKlass net/bytebuddy/asm/Advice$OffsetMapping$ForThisReference
instanceKlass org/hibernate/engine/spi/ExtendedSelfDirtinessTracker
instanceKlass org/hibernate/bytecode/enhance/internal/bytebuddy/CodeTemplates$GetDirtyAttributes
instanceKlass org/hibernate/bytecode/enhance/internal/bytebuddy/CodeTemplates$SuspendDirtyTracking
instanceKlass org/hibernate/bytecode/enhance/internal/bytebuddy/CodeTemplates$ClearDirtyAttributesWithoutCollections
instanceKlass org/hibernate/bytecode/enhance/internal/bytebuddy/CodeTemplates$AreFieldsDirtyWithoutCollections
instanceKlass net/bytebuddy/asm/Advice$OffsetMapping$ForReturnValue
instanceKlass net/bytebuddy/description/type/TypeDescription$Generic$AnnotationReader$Delegator$ForLoadedMethodReturnType$Dispatcher
instanceKlass net/bytebuddy/description/type/TypeDescription$Generic$AnnotationReader$Delegator
instanceKlass net/bytebuddy/asm/Advice$OffsetMapping$ForEnterValue$Factory
instanceKlass org/hibernate/bytecode/enhance/internal/bytebuddy/CodeTemplates$GetDirtyAttributesWithoutCollections
instanceKlass net/bytebuddy/asm/Advice$Dispatcher$RelocationHandler$Bound
instanceKlass net/bytebuddy/asm/Advice$Dispatcher$RelocationHandler$ForType
instanceKlass net/bytebuddy/asm/Advice$Dispatcher$RelocationHandler
instanceKlass net/bytebuddy/asm/Advice$Dispatcher$SuppressionHandler$Bound
instanceKlass net/bytebuddy/asm/Advice$Dispatcher$SuppressionHandler$Suppressing
instanceKlass net/bytebuddy/asm/Advice$Dispatcher$SuppressionHandler
instanceKlass net/bytebuddy/description/enumeration/EnumerationDescription$AbstractBase
instanceKlass net/bytebuddy/asm/Advice$OffsetMapping$Target$ForDefaultValue
instanceKlass net/bytebuddy/asm/Advice$OffsetMapping$ForArgument
instanceKlass net/bytebuddy/asm/Advice$StubValue
instanceKlass net/bytebuddy/asm/Advice$Unused
instanceKlass net/bytebuddy/utility/CompoundList
instanceKlass net/bytebuddy/asm/Advice$Return
instanceKlass net/bytebuddy/asm/Advice$Enter
instanceKlass net/bytebuddy/asm/Advice$OffsetMapping$ForLocalValue$Factory
instanceKlass net/bytebuddy/asm/Advice$OffsetMapping$Factory$Illegal
instanceKlass net/bytebuddy/asm/Advice$Exit
instanceKlass net/bytebuddy/asm/Advice$OffsetMapping$ForExitValue$Factory
instanceKlass net/bytebuddy/asm/Advice$Thrown
instanceKlass net/bytebuddy/asm/Advice$OffsetMapping$Target
instanceKlass net/bytebuddy/asm/Advice$SelfCallHandle
instanceKlass net/bytebuddy/asm/Advice$Origin
instanceKlass net/bytebuddy/asm/Advice$FieldSetterHandle
instanceKlass net/bytebuddy/asm/Advice$FieldGetterHandle
instanceKlass net/bytebuddy/asm/Advice$OffsetMapping$ForFieldHandle
instanceKlass net/bytebuddy/asm/Advice$OffsetMapping$ForField
instanceKlass net/bytebuddy/asm/Advice$This
instanceKlass net/bytebuddy/asm/Advice$AllArguments
instanceKlass net/bytebuddy/asm/Advice$OffsetMapping$Factory
instanceKlass net/bytebuddy/asm/Advice$ArgumentHandler
instanceKlass net/bytebuddy/asm/Advice$OffsetMapping
instanceKlass net/bytebuddy/asm/Advice$Dispatcher$Resolved$AbstractBase
instanceKlass net/bytebuddy/jar/asm/ClassReader
instanceKlass net/bytebuddy/utility/OpenedClassReader
instanceKlass net/bytebuddy/utility/AsmClassReader$Default
instanceKlass net/bytebuddy/utility/StreamDrainer
instanceKlass net/bytebuddy/dynamic/ClassFileLocator$Resolution$Explicit
instanceKlass net/bytebuddy/asm/Advice$Local
instanceKlass net/bytebuddy/asm/Advice$FieldValue
instanceKlass net/bytebuddy/asm/Advice$Argument
instanceKlass net/bytebuddy/asm/Advice$Dispatcher$Inlining
instanceKlass net/bytebuddy/description/annotation/AnnotationValue$ForConstant$PropertyDelegate
instanceKlass net/bytebuddy/description/annotation/AnnotationValue$Loaded
instanceKlass net/bytebuddy/description/annotation/AnnotationValue$AbstractBase
instanceKlass org/hibernate/bytecode/enhance/internal/tracker/DirtyTracker
instanceKlass net/bytebuddy/asm/Advice$Dispatcher$Bound
instanceKlass net/bytebuddy/asm/Advice$Dispatcher$Resolved$ForMethodExit
instanceKlass net/bytebuddy/asm/Advice$Dispatcher$Resolved$ForMethodEnter
instanceKlass net/bytebuddy/asm/Advice$Dispatcher$Resolved
instanceKlass net/bytebuddy/utility/AsmClassReader
instanceKlass net/bytebuddy/asm/Advice$Delegator
instanceKlass net/bytebuddy/asm/Advice$PostProcessor
instanceKlass net/bytebuddy/asm/Advice$OnMethodExit
instanceKlass net/bytebuddy/asm/Advice$OnMethodEnter
instanceKlass net/bytebuddy/asm/Advice$PostProcessor$Factory
instanceKlass net/bytebuddy/asm/Advice$Delegator$Factory
instanceKlass net/bytebuddy/utility/AsmClassReader$Factory
instanceKlass net/bytebuddy/asm/Advice$Dispatcher$Unresolved
instanceKlass net/bytebuddy/asm/Advice$Dispatcher
instanceKlass net/bytebuddy/asm/Advice$Dispatcher$RelocationHandler$Relocation
instanceKlass net/bytebuddy/asm/Advice$ExceptionHandler
instanceKlass net/bytebuddy/asm/Advice
instanceKlass net/bytebuddy/asm/AsmVisitorWrapper$ForDeclaredMethods$MethodVisitorWrapper
instanceKlass org/hibernate/bytecode/enhance/internal/bytebuddy/CodeTemplates$TrackChange
instanceKlass net/bytebuddy/dynamic/loading/ClassLoadingStrategy
instanceKlass net/bytebuddy/dynamic/ClassFileLocator$Resolution
instanceKlass net/bytebuddy/dynamic/ClassFileLocator$ForClassLoader
instanceKlass net/bytebuddy/dynamic/ClassFileLocator
instanceKlass org/hibernate/bytecode/enhance/internal/bytebuddy/CodeTemplates
instanceKlass org/hibernate/bytecode/enhance/spi/CollectionTracker
instanceKlass org/hibernate/engine/spi/PersistentAttributeInterceptor
instanceKlass org/hibernate/bytecode/enhance/spi/LazyPropertyInitializer$InterceptorImplementor
instanceKlass org/hibernate/engine/spi/EntityEntry
instanceKlass org/hibernate/bytecode/enhance/internal/bytebuddy/EnhancerImplConstants$1
instanceKlass org/hibernate/bytecode/enhance/spi/EnhancementInfo
instanceKlass net/bytebuddy/description/annotation/AnnotationDescription$Builder
instanceKlass jakarta/persistence/Transient
instanceKlass net/bytebuddy/description/modifier/ModifierContributor$Resolver
instanceKlass net/bytebuddy/description/modifier/ModifierContributor$ForField
instanceKlass net/bytebuddy/description/modifier/ModifierContributor$ForMethod
instanceKlass net/bytebuddy/description/modifier/ModifierContributor$ForType
instanceKlass net/bytebuddy/description/modifier/ModifierContributor
instanceKlass org/hibernate/bytecode/enhance/internal/bytebuddy/EnhancerImplConstants
instanceKlass net/bytebuddy/implementation/FieldAccessor$FieldLocation$Prepared
instanceKlass net/bytebuddy/implementation/FieldAccessor$FieldLocation$Relative
instanceKlass net/bytebuddy/utility/ConstantValue
instanceKlass net/bytebuddy/implementation/FieldAccessor$FieldNameExtractor$ForFixedValue
instanceKlass net/bytebuddy/implementation/FieldAccessor$FieldNameExtractor
instanceKlass net/bytebuddy/implementation/FieldAccessor$OwnerTypeLocatable
instanceKlass net/bytebuddy/implementation/FieldAccessor$AssignerConfigurable
instanceKlass net/bytebuddy/implementation/FieldAccessor$PropertyConfigurable
instanceKlass net/bytebuddy/implementation/FieldAccessor$FieldLocation
instanceKlass net/bytebuddy/implementation/FieldAccessor
instanceKlass org/hibernate/bytecode/internal/bytebuddy/ByteBuddyState$ProxyDefinitionHelpers$2
instanceKlass net/bytebuddy/implementation/bytecode/assign/primitive/PrimitiveTypeAwareAssigner
instanceKlass net/bytebuddy/implementation/bytecode/assign/primitive/VoidAwareAssigner
instanceKlass net/bytebuddy/implementation/bytecode/assign/Assigner
instanceKlass net/bytebuddy/implementation/bind/MethodDelegationBinder$MethodBinding
instanceKlass net/bytebuddy/implementation/bind/annotation/TargetMethodAnnotationDrivenBinder$Record
instanceKlass net/bytebuddy/implementation/bind/annotation/TargetMethodAnnotationDrivenBinder$DelegationProcessor$Handler$Bound
instanceKlass net/bytebuddy/implementation/bind/annotation/TargetMethodAnnotationDrivenBinder$DelegationProcessor$Handler$Unbound
instanceKlass net/bytebuddy/implementation/bind/annotation/RuntimeType$Verifier
instanceKlass net/bytebuddy/description/method/ParameterDescription$ForLoadedParameter$Parameter
instanceKlass net/bytebuddy/description/method/ParameterDescription$InDefinedShape
instanceKlass net/bytebuddy/description/method/ParameterDescription
instanceKlass net/bytebuddy/description/NamedElement$WithOptionalName
instanceKlass net/bytebuddy/description/method/ParameterList$ForLoadedExecutable$Executable
instanceKlass net/bytebuddy/description/method/ParameterList
instanceKlass net/bytebuddy/utility/dispatcher/JavaDispatcher$Dispatcher$ForInstanceCheck
instanceKlass net/bytebuddy/description/type/TypeDefinition$Sort$AnnotatedType
instanceKlass net/bytebuddy/description/type/TypeDescription$Generic$AnnotationReader
instanceKlass net/bytebuddy/description/annotation/AnnotationValue
instanceKlass net/bytebuddy/description/enumeration/EnumerationDescription
instanceKlass net/bytebuddy/description/annotation/AnnotationDescription$AbstractBase
instanceKlass net/bytebuddy/description/annotation/AnnotationDescription$Loadable
instanceKlass net/bytebuddy/implementation/bind/annotation/IgnoreForBinding
instanceKlass net/bytebuddy/implementation/bind/annotation/RuntimeType
instanceKlass net/bytebuddy/description/annotation/AnnotationDescription
instanceKlass net/bytebuddy/implementation/bind/annotation/IgnoreForBinding$Verifier
instanceKlass net/bytebuddy/implementation/MethodDelegation$ImplementationDelegate$Compiled
instanceKlass net/bytebuddy/implementation/MethodDelegation$ImplementationDelegate$ForStaticMethod
instanceKlass net/bytebuddy/implementation/bind/annotation/Empty
instanceKlass net/bytebuddy/implementation/bind/annotation/StubValue
instanceKlass net/bytebuddy/implementation/bind/annotation/TargetMethodAnnotationDrivenBinder$DelegationProcessor$Handler
instanceKlass net/bytebuddy/implementation/bind/annotation/TargetMethodAnnotationDrivenBinder$DelegationProcessor
instanceKlass net/bytebuddy/implementation/bind/annotation/TargetMethodAnnotationDrivenBinder
instanceKlass net/bytebuddy/implementation/bind/MethodDelegationBinder
instanceKlass org/hibernate/proxy/ProxyConfiguration$Interceptor
instanceKlass net/bytebuddy/implementation/bind/annotation/FieldSetterHandle
instanceKlass net/bytebuddy/implementation/bind/annotation/FieldGetterHandle
instanceKlass net/bytebuddy/implementation/bind/annotation/FieldValue
instanceKlass net/bytebuddy/dynamic/scaffold/FieldLocator$AbstractBase
instanceKlass net/bytebuddy/dynamic/scaffold/FieldLocator
instanceKlass net/bytebuddy/implementation/bind/annotation/TargetMethodAnnotationDrivenBinder$ParameterBinder$ForFieldBinding
instanceKlass net/bytebuddy/implementation/bind/annotation/DefaultMethodHandle
instanceKlass net/bytebuddy/implementation/bind/annotation/DefaultMethodHandle$Binder$MethodLocator
instanceKlass net/bytebuddy/implementation/bind/annotation/DefaultMethod
instanceKlass net/bytebuddy/implementation/bind/annotation/DefaultMethod$Binder$MethodLocator
instanceKlass net/bytebuddy/implementation/bind/annotation/SuperMethodHandle
instanceKlass net/bytebuddy/implementation/bind/annotation/SuperMethod
instanceKlass net/bytebuddy/implementation/bind/annotation/DefaultCallHandle
instanceKlass net/bytebuddy/implementation/bind/annotation/DefaultCallHandle$Binder$DefaultMethodLocator
instanceKlass net/bytebuddy/implementation/bind/annotation/DefaultCall
instanceKlass net/bytebuddy/implementation/bind/annotation/DefaultCall$Binder$DefaultMethodLocator
instanceKlass net/bytebuddy/implementation/bind/annotation/SuperCallHandle
instanceKlass net/bytebuddy/implementation/bind/annotation/SuperCall
instanceKlass net/bytebuddy/implementation/bind/annotation/Default
instanceKlass net/bytebuddy/implementation/bind/annotation/Super
instanceKlass net/bytebuddy/implementation/bind/annotation/This
instanceKlass net/bytebuddy/implementation/bind/annotation/Origin
instanceKlass net/bytebuddy/implementation/bind/annotation/AllArguments
instanceKlass net/bytebuddy/implementation/bind/annotation/Argument
instanceKlass net/bytebuddy/implementation/bind/MethodDelegationBinder$ParameterBinding
instanceKlass net/bytebuddy/implementation/bytecode/StackManipulation
instanceKlass net/bytebuddy/implementation/bind/annotation/TargetMethodAnnotationDrivenBinder$ParameterBinder
instanceKlass net/bytebuddy/description/method/MethodDescription$InDefinedShape$AbstractBase$Executable
instanceKlass net/bytebuddy/description/ByteCodeElement$Token
instanceKlass net/bytebuddy/description/method/ParameterDescription$ForLoadedParameter$ParameterAnnotationSource
instanceKlass net/bytebuddy/implementation/bind/annotation/BindingPriority
instanceKlass net/bytebuddy/implementation/bind/MethodDelegationBinder$AmbiguityResolver$Compound
instanceKlass net/bytebuddy/implementation/bind/MethodDelegationBinder$BindingResolver
instanceKlass net/bytebuddy/dynamic/scaffold/FieldLocator$Factory
instanceKlass net/bytebuddy/implementation/MethodDelegation$ImplementationDelegate
instanceKlass net/bytebuddy/implementation/MethodDelegation$WithCustomProperties
instanceKlass net/bytebuddy/implementation/bind/MethodDelegationBinder$TerminationHandler
instanceKlass net/bytebuddy/implementation/bytecode/ByteCodeAppender
instanceKlass net/bytebuddy/implementation/bind/MethodDelegationBinder$Record
instanceKlass net/bytebuddy/implementation/bind/MethodDelegationBinder$AmbiguityResolver
instanceKlass net/bytebuddy/implementation/MethodDelegation
instanceKlass net/bytebuddy/implementation/Implementation$Composable
instanceKlass org/hibernate/proxy/ProxyConfiguration$InterceptorDispatcher
instanceKlass org/hibernate/internal/util/securitymanager/SystemSecurityManager
instanceKlass org/hibernate/bytecode/internal/bytebuddy/ByteBuddyState$ProxyDefinitionHelpers$1
instanceKlass org/hibernate/proxy/ProxyConfiguration
instanceKlass org/hibernate/engine/spi/SelfDirtinessTracker
instanceKlass org/hibernate/engine/spi/ManagedMappedSuperclass
instanceKlass org/hibernate/engine/spi/PersistentAttributeInterceptable
instanceKlass org/hibernate/engine/spi/ManagedComposite
instanceKlass org/hibernate/engine/spi/CompositeTracker
instanceKlass org/hibernate/engine/spi/ManagedEntity
instanceKlass org/hibernate/engine/spi/Managed
instanceKlass org/hibernate/engine/spi/CompositeOwner
instanceKlass net/bytebuddy/dynamic/TargetType
instanceKlass net/bytebuddy/utility/dispatcher/JavaDispatcher$ProxiedInvocationHandler
instanceKlass net/bytebuddy/utility/nullability/MaybeNull
instanceKlass net/bytebuddy/utility/dispatcher/JavaDispatcher$Dispatcher$ForNonStaticMethod
instanceKlass net/bytebuddy/utility/dispatcher/JavaDispatcher$IsConstructor
instanceKlass net/bytebuddy/utility/dispatcher/JavaDispatcher$IsStatic
instanceKlass net/bytebuddy/utility/dispatcher/JavaDispatcher$Container
instanceKlass net/bytebuddy/utility/dispatcher/JavaDispatcher$Instance
instanceKlass net/bytebuddy/utility/dispatcher/JavaDispatcher$Defaults
instanceKlass net/bytebuddy/utility/dispatcher/JavaDispatcher$Proxied
instanceKlass net/bytebuddy/utility/Invoker$Dispatcher
# instanceKlass java/lang/invoke/LambdaForm$MH+0x00000210bf564800
# instanceKlass java/lang/invoke/LambdaForm$MH+0x00000210bf564400
# instanceKlass java/lang/invoke/LambdaForm$MH+0x00000210bf564000
instanceKlass net/bytebuddy/jar/asm/Attribute
instanceKlass net/bytebuddy/jar/asm/Handler
instanceKlass net/bytebuddy/jar/asm/Frame
instanceKlass net/bytebuddy/jar/asm/Type
instanceKlass net/bytebuddy/jar/asm/ByteVector
instanceKlass net/bytebuddy/jar/asm/Symbol
instanceKlass net/bytebuddy/jar/asm/SymbolTable
instanceKlass net/bytebuddy/jar/asm/RecordComponentVisitor
instanceKlass net/bytebuddy/jar/asm/ModuleVisitor
instanceKlass net/bytebuddy/jar/asm/MethodVisitor
instanceKlass net/bytebuddy/jar/asm/AnnotationVisitor
instanceKlass net/bytebuddy/jar/asm/FieldVisitor
instanceKlass net/bytebuddy/jar/asm/ClassVisitor
instanceKlass net/bytebuddy/utility/Invoker
instanceKlass net/bytebuddy/utility/dispatcher/JavaDispatcher$InvokerCreationAction
instanceKlass net/bytebuddy/utility/dispatcher/JavaDispatcher$DynamicClassLoader$Resolver$ForModuleSystem
instanceKlass net/bytebuddy/utility/dispatcher/JavaDispatcher$DynamicClassLoader$Resolver
instanceKlass net/bytebuddy/utility/dispatcher/JavaDispatcher$Dispatcher
instanceKlass net/bytebuddy/utility/dispatcher/JavaDispatcher
instanceKlass net/bytebuddy/description/type/TypeDescription$ForLoadedType$Dispatcher
instanceKlass net/bytebuddy/utility/privilege/GetSystemPropertyAction
instanceKlass net/bytebuddy/description/method/MethodList
instanceKlass net/bytebuddy/description/type/RecordComponentList
instanceKlass net/bytebuddy/description/field/FieldList
instanceKlass net/bytebuddy/description/type/PackageDescription
instanceKlass net/bytebuddy/description/type/TypeList
instanceKlass net/bytebuddy/description/type/TypeDescription$Generic$Visitor
instanceKlass net/bytebuddy/description/annotation/AnnotationList
instanceKlass net/bytebuddy/description/type/TypeDescription$Generic
instanceKlass net/bytebuddy/description/type/TypeList$Generic
instanceKlass net/bytebuddy/matcher/FilterableList
instanceKlass net/bytebuddy/description/ModifierReviewable$AbstractBase
instanceKlass net/bytebuddy/description/ModifierReviewable$ForParameterDescription
instanceKlass  @bci org/hibernate/bytecode/internal/bytebuddy/ByteBuddyState$ProxyDefinitionHelpers <init> ()V 24 <appendix> argL0 ; # org/hibernate/bytecode/internal/bytebuddy/ByteBuddyState$ProxyDefinitionHelpers$$Lambda+0x00000210bf5537c8
instanceKlass net/bytebuddy/description/type/TypeDescription
instanceKlass org/hibernate/bytecode/internal/bytebuddy/ByteBuddyState$ProxyDefinitionHelpers
instanceKlass org/hibernate/bytecode/internal/bytebuddy/ByteBuddyState$ClassRewriter
instanceKlass org/hibernate/bytecode/internal/bytebuddy/ByteBuddyState
instanceKlass java/lang/Process
instanceKlass net/bytebuddy/ClassFileVersion$VersionLocator$Resolved
instanceKlass net/bytebuddy/ClassFileVersion$VersionLocator
instanceKlass org/hibernate/bytecode/internal/bytebuddy/BytecodeProviderImpl$1
instanceKlass net/bytebuddy/matcher/ElementMatcher$Junction$AbstractBase
instanceKlass net/bytebuddy/description/field/FieldDescription$InDefinedShape
instanceKlass net/bytebuddy/description/field/FieldDescription
instanceKlass net/bytebuddy/description/ModifierReviewable$ForFieldDescription
instanceKlass net/bytebuddy/description/method/MethodDescription$InDefinedShape
instanceKlass net/bytebuddy/description/method/MethodDescription
instanceKlass net/bytebuddy/description/ByteCodeElement$TypeDependant
instanceKlass net/bytebuddy/description/ByteCodeElement$Member
instanceKlass net/bytebuddy/description/NamedElement$WithGenericName
instanceKlass net/bytebuddy/description/ByteCodeElement
instanceKlass net/bytebuddy/description/annotation/AnnotationSource
instanceKlass net/bytebuddy/description/NamedElement$WithDescriptor
instanceKlass net/bytebuddy/description/NamedElement$WithRuntimeName
instanceKlass net/bytebuddy/description/DeclaredByType$WithMandatoryDeclaration
instanceKlass net/bytebuddy/description/DeclaredByType
instanceKlass net/bytebuddy/description/ModifierReviewable$ForMethodDescription
instanceKlass net/bytebuddy/description/TypeVariableSource
instanceKlass net/bytebuddy/matcher/ElementMatcher$Junction
instanceKlass net/bytebuddy/matcher/ElementMatchers
instanceKlass net/bytebuddy/ClassFileVersion
instanceKlass org/hibernate/bytecode/spi/ReflectionOptimizer
instanceKlass net/bytebuddy/description/type/TypeDefinition
instanceKlass net/bytebuddy/description/ModifierReviewable$ForTypeDefinition
instanceKlass net/bytebuddy/description/ModifierReviewable$OfEnumeration
instanceKlass net/bytebuddy/description/ModifierReviewable$OfAbstraction
instanceKlass net/bytebuddy/description/ModifierReviewable$OfByteCodeElement
instanceKlass net/bytebuddy/description/ModifierReviewable
instanceKlass net/bytebuddy/description/NamedElement
instanceKlass org/hibernate/bytecode/enhance/spi/Enhancer
instanceKlass net/bytebuddy/NamingStrategy
instanceKlass net/bytebuddy/NamingStrategy$SuffixingRandom$BaseNameResolver
instanceKlass net/bytebuddy/NamingStrategy$Suffixing$BaseNameResolver
instanceKlass net/bytebuddy/dynamic/DynamicType$Builder
instanceKlass net/bytebuddy/implementation/Implementation
instanceKlass net/bytebuddy/dynamic/scaffold/InstrumentedType$Prepareable
instanceKlass net/bytebuddy/matcher/ElementMatcher
instanceKlass org/hibernate/bytecode/internal/bytebuddy/BytecodeProviderImpl
instanceKlass org/hibernate/jpa/internal/enhance/EnhancingClassTransformerImpl
instanceKlass org/hibernate/bytecode/enhance/spi/DefaultEnhancementContext
instanceKlass org/hibernate/boot/archive/scan/internal/StandardScanParameters
instanceKlass org/hibernate/boot/archive/scan/internal/ScanResultImpl
instanceKlass org/hibernate/boot/archive/scan/spi/ScanResult
instanceKlass  @bci org/hibernate/boot/jaxb/internal/MappingBinder <init> (Lorg/hibernate/boot/ResourceStreamLocator;Ljava/util/function/Function;)V 72 <appendix> member <vmtarget> ; # org/hibernate/boot/jaxb/internal/MappingBinder$$Lambda+0x00000210bf549608
instanceKlass  @bci org/hibernate/boot/jaxb/internal/MappingBinder <init> (Lorg/hibernate/boot/ResourceStreamLocator;Ljava/util/function/Function;)V 62 <appendix> member <vmtarget> ; # org/hibernate/boot/jaxb/internal/MappingBinder$$Lambda+0x00000210bf549198
instanceKlass com/ctc/wstx/io/WstxInputLocation
instanceKlass org/codehaus/stax2/XMLStreamLocation2
instanceKlass javax/xml/stream/Location
instanceKlass javax/xml/stream/events/Comment
instanceKlass org/codehaus/stax2/evt/DTD2
instanceKlass javax/xml/stream/events/DTD
instanceKlass javax/xml/stream/events/ProcessingInstruction
instanceKlass javax/xml/stream/events/EntityReference
instanceKlass javax/xml/stream/events/EndDocument
instanceKlass javax/xml/stream/events/StartDocument
instanceKlass javax/xml/stream/events/Characters
instanceKlass javax/xml/stream/events/EndElement
instanceKlass javax/xml/stream/events/StartElement
instanceKlass javax/xml/stream/events/Namespace
instanceKlass javax/xml/stream/events/Attribute
instanceKlass javax/xml/stream/events/XMLEvent
instanceKlass javax/xml/stream/XMLEventFactory
instanceKlass org/hibernate/boot/jaxb/internal/stax/LocalSchemaLocator
instanceKlass org/hibernate/boot/jaxb/internal/stax/LocalXmlResourceResolver$DtdDescriptor
instanceKlass org/hibernate/boot/jaxb/internal/stax/LocalXmlResourceResolver
instanceKlass  @bci org/hibernate/boot/jaxb/internal/MappingBinder <init> (Lorg/hibernate/service/ServiceRegistry;)V 13 <appendix> member <vmtarget> ; # org/hibernate/boot/jaxb/internal/MappingBinder$$Lambda+0x00000210bf547618
instanceKlass org/hibernate/boot/jaxb/internal/MappingBinder$2
instanceKlass org/hibernate/boot/jaxb/internal/MappingBinder$1
instanceKlass jakarta/xml/bind/ValidationEventHandler
instanceKlass org/hibernate/boot/jaxb/internal/AbstractBinder
instanceKlass org/hibernate/boot/spi/XmlMappingBinderAccess
instanceKlass org/hibernate/boot/archive/spi/InputStreamAccess
instanceKlass org/hibernate/boot/archive/scan/spi/ScanParameters
instanceKlass org/hibernate/boot/model/process/internal/ScanningCoordinator
instanceKlass  @bci org/hibernate/boot/model/process/internal/ManagedResourcesImpl baseline (Lorg/hibernate/boot/MetadataSources;Lorg/hibernate/boot/spi/BootstrapContext;)Lorg/hibernate/boot/model/process/internal/ManagedResourcesImpl; 20 <appendix> member <vmtarget> ; # org/hibernate/boot/model/process/internal/ManagedResourcesImpl$$Lambda+0x00000210bf545410
instanceKlass org/hibernate/boot/model/process/internal/ManagedResourcesImpl
instanceKlass org/hibernate/boot/model/source/spi/MetadataSourceProcessor
instanceKlass org/hibernate/boot/model/process/spi/ManagedResources
instanceKlass org/hibernate/boot/spi/AdditionalMappingContributions
instanceKlass org/hibernate/boot/spi/InFlightMetadataCollector
instanceKlass org/hibernate/boot/spi/MetadataImplementor
instanceKlass org/hibernate/boot/spi/MetadataBuildingContext
instanceKlass org/hibernate/boot/jaxb/internal/MappingBinder$Options
instanceKlass org/hibernate/type/descriptor/sql/DdlType
instanceKlass org/hibernate/boot/model/process/spi/MetadataBuildingProcess
instanceKlass  @bci org/hibernate/jpa/boot/internal/EntityManagerFactoryBuilderImpl applyMetadataBuilderContributor ()V 75 <appendix> member <vmtarget> ; # org/hibernate/jpa/boot/internal/EntityManagerFactoryBuilderImpl$$Lambda+0x00000210bf543d28
instanceKlass org/hibernate/boot/spi/MetadataBuilderContributor
instanceKlass  @bci org/hibernate/jpa/boot/internal/EntityManagerFactoryBuilderImpl applyTypeContributors ()V 86 <appendix> member <vmtarget> ; # org/hibernate/jpa/boot/internal/EntityManagerFactoryBuilderImpl$$Lambda+0x00000210bf5438f0
instanceKlass org/hibernate/jpa/boot/internal/StandardJpaScanEnvironmentImpl
instanceKlass org/hibernate/boot/spi/MetadataBuilderFactory
instanceKlass org/hibernate/boot/spi/MetadataBuilderInitializer
instanceKlass org/hibernate/boot/cfgxml/internal/CfgXmlAccessServiceImpl
instanceKlass org/hibernate/boot/spi/MetadataSourcesContributor
instanceKlass org/hibernate/internal/util/collections/CaseInsensitiveDictionary
instanceKlass org/hibernate/query/sqm/function/SqmFunctionDescriptor
instanceKlass org/hibernate/query/sqm/function/SqmFunctionRegistry
instanceKlass org/hibernate/boot/model/TypeBeanInstanceProducer
instanceKlass org/hibernate/type/spi/TypeBootstrapContext
instanceKlass  @bci org/hibernate/type/BasicTypeRegistry registryForJdbcType (Lorg/hibernate/type/descriptor/jdbc/JdbcType;)Ljava/util/Map; 5 <appendix> argL0 ; # org/hibernate/type/BasicTypeRegistry$$Lambda+0x00000210bf540e28
instanceKlass  @bci org/hibernate/type/descriptor/jdbc/JdbcType getJdbcLiteralFormatter (Lorg/hibernate/type/descriptor/java/JavaType;)Lorg/hibernate/type/descriptor/jdbc/JdbcLiteralFormatter; 0 <appendix> argL0 ; # org/hibernate/type/descriptor/jdbc/JdbcType$$Lambda+0x00000210bf540bf8
instanceKlass org/hibernate/type/descriptor/jdbc/BasicExtractor
instanceKlass org/hibernate/type/descriptor/jdbc/ObjectJdbcType
instanceKlass org/hibernate/metamodel/mapping/SqlExpressible$1
instanceKlass org/hibernate/metamodel/mapping/JdbcMappingContainer$1
instanceKlass org/hibernate/metamodel/mapping/Bindable$JdbcValuesBiConsumer
instanceKlass org/hibernate/type/AbstractStandardBasicType
instanceKlass org/hibernate/type/ProcedureParameterNamedBinder
instanceKlass org/hibernate/type/ProcedureParameterExtractionAware
instanceKlass org/hibernate/type/CharBooleanConverter
instanceKlass org/hibernate/type/NumericBooleanConverter
instanceKlass org/hibernate/type/StandardBooleanConverter
instanceKlass org/hibernate/type/StandardConverter
instanceKlass jakarta/persistence/AttributeConverter
instanceKlass org/hibernate/type/BasicTypeReference
instanceKlass org/hibernate/type/StandardBasicTypes
instanceKlass org/hibernate/type/BasicTypeRegistry
instanceKlass org/hibernate/type/descriptor/sql/spi/DdlTypeRegistry
instanceKlass org/hibernate/type/descriptor/jdbc/RowIdJdbcType
instanceKlass org/hibernate/type/descriptor/jdbc/ClobJdbcType
instanceKlass org/hibernate/type/descriptor/jdbc/BasicBinder
instanceKlass org/hibernate/type/descriptor/jdbc/BlobJdbcType
instanceKlass org/hibernate/type/descriptor/jdbc/VarcharJdbcType
instanceKlass org/hibernate/type/descriptor/jdbc/VarbinaryJdbcType
instanceKlass org/hibernate/type/descriptor/jdbc/TimeWithTimeZoneJdbcType
instanceKlass org/hibernate/type/descriptor/jdbc/TimeJdbcType
instanceKlass org/hibernate/type/descriptor/jdbc/TimestampWithTimeZoneJdbcType
instanceKlass org/hibernate/type/descriptor/jdbc/TimestampJdbcType
instanceKlass org/hibernate/type/descriptor/jdbc/DateJdbcType
instanceKlass org/hibernate/type/descriptor/jdbc/internal/AbstractJavaTimeJdbcType
instanceKlass org/hibernate/type/descriptor/jdbc/JavaTimeJdbcType
instanceKlass org/hibernate/type/descriptor/jdbc/TinyIntJdbcType
instanceKlass org/hibernate/type/descriptor/jdbc/SmallIntJdbcType
instanceKlass org/hibernate/type/descriptor/jdbc/IntegerJdbcType
instanceKlass org/hibernate/type/descriptor/jdbc/FloatJdbcType
instanceKlass org/hibernate/type/descriptor/jdbc/DoubleJdbcType
instanceKlass org/hibernate/type/descriptor/jdbc/DecimalJdbcType
instanceKlass org/hibernate/type/descriptor/jdbc/BigIntJdbcType
instanceKlass org/hibernate/type/descriptor/ValueBinder
instanceKlass org/hibernate/type/descriptor/ValueExtractor
instanceKlass org/hibernate/type/descriptor/jdbc/JdbcLiteralFormatter
instanceKlass org/hibernate/type/descriptor/jdbc/BooleanJdbcType
instanceKlass org/hibernate/type/descriptor/jdbc/AdjustableJdbcType
instanceKlass org/hibernate/type/descriptor/jdbc/internal/JdbcTypeBaseline
instanceKlass org/hibernate/type/descriptor/jdbc/spi/JdbcTypeRegistry
instanceKlass org/hibernate/type/descriptor/jdbc/internal/JdbcTypeBaseline$BaselineTarget
instanceKlass org/hibernate/collection/spi/AbstractMapSemantics
instanceKlass org/hibernate/collection/spi/MapSemantics
instanceKlass org/hibernate/collection/spi/AbstractSetSemantics
instanceKlass org/hibernate/collection/internal/StandardListSemantics
instanceKlass org/hibernate/collection/internal/StandardArraySemantics
instanceKlass org/hibernate/collection/spi/PersistentCollection
instanceKlass org/hibernate/collection/spi/LazyInitializable
instanceKlass org/hibernate/collection/spi/AbstractBagSemantics
instanceKlass org/hibernate/collection/spi/BagSemantics
instanceKlass org/hibernate/type/descriptor/java/LocaleJavaType$LocaleComparator
instanceKlass org/hibernate/type/descriptor/java/TimeZoneJavaType$TimeZoneComparator
instanceKlass org/hibernate/internal/util/compare/CalendarComparator
instanceKlass org/hibernate/type/descriptor/java/ZoneOffsetJavaType$ZoneOffsetComparator
instanceKlass org/hibernate/internal/util/ZonedDateTimeComparator
instanceKlass  @bci java/time/OffsetDateTime timeLineOrder ()Ljava/util/Comparator; 0 <appendix> argL0 ; # java/time/OffsetDateTime$$Lambda+0x00000210bf279088
instanceKlass org/hibernate/type/descriptor/java/TemporalJavaType
instanceKlass org/hibernate/type/descriptor/java/DoublePrimitiveArrayJavaType$ArrayMutabilityPlan
instanceKlass org/hibernate/type/descriptor/java/FloatPrimitiveArrayJavaType$ArrayMutabilityPlan
instanceKlass org/hibernate/type/descriptor/java/LongPrimitiveArrayJavaType$ArrayMutabilityPlan
instanceKlass org/hibernate/type/descriptor/java/IntegerPrimitiveArrayJavaType$ArrayMutabilityPlan
instanceKlass org/hibernate/type/descriptor/java/ShortPrimitiveArrayJavaType$ArrayMutabilityPlan
instanceKlass org/hibernate/type/descriptor/java/BooleanPrimitiveArrayJavaType$ArrayMutabilityPlan
instanceKlass org/hibernate/type/descriptor/converter/spi/BasicValueConverter
instanceKlass org/hibernate/type/descriptor/java/BasicPluralJavaType
instanceKlass org/hibernate/internal/util/compare/RowVersionComparator
instanceKlass org/hibernate/type/descriptor/java/MutableMutabilityPlan
instanceKlass org/hibernate/sql/ast/spi/SqlAppender
instanceKlass org/hibernate/type/descriptor/java/NClobJavaType$NClobMutabilityPlan
instanceKlass java/sql/NClob
instanceKlass org/hibernate/type/descriptor/java/ClobJavaType$ClobMutabilityPlan
instanceKlass java/sql/Clob
instanceKlass org/hibernate/type/descriptor/java/IncomparableComparator
instanceKlass org/hibernate/type/descriptor/java/BlobJavaType$BlobMutabilityPlan
instanceKlass java/sql/Blob
instanceKlass org/hibernate/type/descriptor/jdbc/JdbcType
instanceKlass org/hibernate/type/spi/TypeConfigurationAware
instanceKlass org/hibernate/internal/util/compare/ComparableComparator
instanceKlass org/hibernate/type/descriptor/java/ImmutableMutabilityPlan
instanceKlass org/hibernate/type/descriptor/java/AbstractClassJavaType
instanceKlass org/hibernate/type/descriptor/java/VersionJavaType
instanceKlass org/hibernate/type/descriptor/java/spi/PrimitiveJavaType
instanceKlass org/hibernate/type/descriptor/java/BasicJavaType
instanceKlass org/hibernate/collection/spi/CollectionSemantics
instanceKlass org/hibernate/type/descriptor/java/spi/JavaTypeBaseline
instanceKlass org/hibernate/type/descriptor/java/MutabilityPlan
instanceKlass org/hibernate/type/descriptor/java/spi/JavaTypeRegistry
instanceKlass org/hibernate/type/descriptor/java/spi/JavaTypeBaseline$BaselineTarget
instanceKlass org/hibernate/id/uuid/LocalObjectUuidHelper
instanceKlass org/hibernate/type/spi/TypeConfiguration$Scope
instanceKlass org/hibernate/type/descriptor/jdbc/JdbcTypeIndicators
instanceKlass org/hibernate/type/BasicType
instanceKlass org/hibernate/metamodel/mapping/JdbcMapping
instanceKlass org/hibernate/metamodel/mapping/BasicValuedMapping
instanceKlass org/hibernate/metamodel/mapping/SqlExpressible
instanceKlass org/hibernate/metamodel/mapping/ValueMapping
instanceKlass org/hibernate/type/descriptor/java/JavaTypedExpressible
instanceKlass org/hibernate/metamodel/mapping/MappingModelExpressible
instanceKlass org/hibernate/metamodel/mapping/Bindable
instanceKlass org/hibernate/metamodel/mapping/JdbcMappingContainer
instanceKlass org/hibernate/metamodel/mapping/MappingType
instanceKlass org/hibernate/metamodel/model/domain/BasicDomainType
instanceKlass org/hibernate/query/ReturnableType
instanceKlass org/hibernate/query/OutputableType
instanceKlass jakarta/persistence/metamodel/BasicType
instanceKlass org/hibernate/metamodel/model/domain/SimpleDomainType
instanceKlass jakarta/persistence/metamodel/Type
instanceKlass org/hibernate/metamodel/model/domain/DomainType
instanceKlass org/hibernate/query/sqm/SqmExpressible
instanceKlass org/hibernate/query/BindableType
instanceKlass org/hibernate/type/spi/TypeConfiguration
instanceKlass org/hibernate/SessionFactoryObserver
instanceKlass org/hibernate/metamodel/spi/EntityRepresentationStrategy
instanceKlass org/hibernate/metamodel/spi/EmbeddableRepresentationStrategy
instanceKlass org/hibernate/metamodel/spi/ManagedTypeRepresentationStrategy
instanceKlass org/hibernate/metamodel/spi/EmbeddableInstantiator
instanceKlass org/hibernate/metamodel/spi/Instantiator
instanceKlass org/hibernate/metamodel/internal/ManagedTypeRepresentationResolverStandard
instanceKlass org/hibernate/boot/archive/spi/ArchiveDescriptorFactory
instanceKlass org/hibernate/boot/archive/scan/internal/StandardScanOptions
instanceKlass org/hibernate/jpa/internal/MutableJpaComplianceImpl
instanceKlass org/hibernate/boot/model/internal/XMLContext
instanceKlass org/hibernate/annotations/common/reflection/java/JavaMetadataProvider
instanceKlass org/hibernate/annotations/common/reflection/AnnotationReader
instanceKlass org/hibernate/boot/model/internal/JPAXMLOverriddenMetadataProvider
instanceKlass  @bci org/hibernate/annotations/common/reflection/java/JavaReflectionManager <init> ()V 56 <appendix> member <vmtarget> ; # org/hibernate/annotations/common/reflection/java/JavaReflectionManager$$Lambda+0x00000210bf50f498
instanceKlass org/hibernate/annotations/common/reflection/XMethod
instanceKlass  @bci org/hibernate/annotations/common/reflection/java/JavaReflectionManager <init> ()V 39 <appendix> member <vmtarget> ; # org/hibernate/annotations/common/reflection/java/JavaReflectionManager$$Lambda+0x00000210bf50ecf8
instanceKlass org/hibernate/annotations/common/reflection/XProperty
instanceKlass org/hibernate/annotations/common/reflection/XMember
instanceKlass  @bci org/hibernate/annotations/common/reflection/java/JavaReflectionManager <init> ()V 22 <appendix> member <vmtarget> ; # org/hibernate/annotations/common/reflection/java/JavaReflectionManager$$Lambda+0x00000210bf50dff0
instanceKlass org/hibernate/annotations/common/reflection/java/JavaXAnnotatedElement
instanceKlass org/hibernate/annotations/common/reflection/XClass
instanceKlass org/hibernate/annotations/common/reflection/java/generics/TypeEnvironment
instanceKlass org/hibernate/annotations/common/reflection/java/XTypeConstruction
instanceKlass org/hibernate/annotations/common/reflection/java/TypeEnvironmentMap
instanceKlass org/hibernate/annotations/common/reflection/XPackage
instanceKlass org/hibernate/annotations/common/reflection/XAnnotatedElement
instanceKlass org/hibernate/annotations/common/reflection/java/JavaXType
instanceKlass org/hibernate/annotations/common/reflection/java/JavaReflectionManager
instanceKlass org/hibernate/annotations/common/reflection/MetadataProviderInjector
instanceKlass org/hibernate/boot/internal/ClassLoaderAccessImpl
instanceKlass com/fasterxml/classmate/MemberResolver
instanceKlass com/fasterxml/classmate/util/ResolvedTypeCache
instanceKlass com/fasterxml/classmate/util/ClassKey
instanceKlass com/fasterxml/classmate/TypeBindings
instanceKlass com/fasterxml/classmate/members/RawMember
instanceKlass com/fasterxml/classmate/ResolvedType
instanceKlass com/fasterxml/classmate/TypeResolver
instanceKlass org/hibernate/boot/internal/ClassmateContext
instanceKlass org/hibernate/jpa/spi/MutableJpaCompliance
instanceKlass org/hibernate/jpa/spi/JpaCompliance
instanceKlass org/hibernate/boot/spi/ClassLoaderAccess
instanceKlass org/hibernate/annotations/common/reflection/ReflectionManager
instanceKlass org/hibernate/annotations/common/reflection/MetadataProvider
instanceKlass org/hibernate/boot/internal/BootstrapContextImpl
instanceKlass org/hibernate/boot/internal/MetadataBuilderImpl$MetadataBuildingOptionsImpl$2
instanceKlass  @bci org/hibernate/boot/registry/selector/internal/StrategySelectorImpl resolveDefaultableStrategy (Ljava/lang/Class;Ljava/lang/Object;Ljava/lang/Object;)Ljava/lang/Object; 4 <appendix> member <vmtarget> ; # org/hibernate/boot/registry/selector/internal/StrategySelectorImpl$$Lambda+0x00000210bf506750
instanceKlass org/hibernate/boot/model/naming/PhysicalNamingStrategyStandardImpl
instanceKlass org/hibernate/boot/internal/MetadataBuilderImpl$MetadataBuildingOptionsImpl$1
instanceKlass org/hibernate/boot/spi/SessionFactoryOptions
instanceKlass org/hibernate/query/spi/QueryEngineOptions
instanceKlass org/hibernate/cache/spi/DomainDataRegion
instanceKlass org/hibernate/cache/cfg/spi/DomainDataRegionBuildingContext
instanceKlass org/hibernate/cache/cfg/spi/DomainDataRegionConfig
instanceKlass org/hibernate/cache/spi/TimestampsRegion
instanceKlass org/hibernate/cache/spi/QueryResultsRegion
instanceKlass org/hibernate/cache/spi/DirectAccessRegion
instanceKlass org/hibernate/cache/spi/Region
instanceKlass org/hibernate/engine/spi/SessionFactoryImplementor
instanceKlass org/hibernate/query/spi/QueryParameterBindingTypeResolver
instanceKlass org/hibernate/sql/ast/spi/SqlAstCreationContext
instanceKlass org/hibernate/query/sqm/spi/SqmCreationContext
instanceKlass org/hibernate/cache/spi/CacheTransactionSynchronization
instanceKlass org/hibernate/cache/internal/NoCachingRegionFactory
instanceKlass  @bci org/hibernate/boot/registry/selector/internal/StrategySelectorImpl resolveStrategy (Ljava/lang/Class;Ljava/lang/Object;Ljava/lang/Object;Lorg/hibernate/boot/registry/selector/spi/StrategyCreator;)Ljava/lang/Object; 4 <appendix> member <vmtarget> ; # org/hibernate/boot/registry/selector/internal/StrategySelectorImpl$$Lambda+0x00000210bf503ae8
instanceKlass org/hibernate/cache/internal/StrategyCreatorRegionFactoryImpl
instanceKlass  @bci org/hibernate/boot/internal/MetadataBuilderImpl$MetadataBuildingOptionsImpl <init> (Lorg/hibernate/boot/registry/StandardServiceRegistry;)V 258 <appendix> argL0 ; # org/hibernate/boot/internal/MetadataBuilderImpl$MetadataBuildingOptionsImpl$$Lambda+0x00000210bf503690
instanceKlass  @bci org/hibernate/boot/internal/MetadataBuilderImpl$MetadataBuildingOptionsImpl <init> (Lorg/hibernate/boot/registry/StandardServiceRegistry;)V 227 <appendix> argL0 ; # org/hibernate/boot/internal/MetadataBuilderImpl$MetadataBuildingOptionsImpl$$Lambda+0x00000210bf503470
instanceKlass  @bci org/hibernate/boot/internal/MetadataBuilderImpl$MetadataBuildingOptionsImpl <init> (Lorg/hibernate/boot/registry/StandardServiceRegistry;)V 219 <appendix> argL0 ; # org/hibernate/boot/internal/MetadataBuilderImpl$MetadataBuildingOptionsImpl$$Lambda+0x00000210bf503250
instanceKlass org/hibernate/sql/ast/SqlAstTranslatorFactory
instanceKlass org/hibernate/engine/jdbc/env/spi/QualifiedObjectNameFormatter
instanceKlass org/hibernate/engine/jdbc/env/spi/ExtractedDatabaseMetaData
instanceKlass org/hibernate/engine/jdbc/env/spi/LobCreatorBuilder
instanceKlass org/hibernate/exception/spi/SQLExceptionConverter
instanceKlass org/hibernate/engine/jdbc/env/internal/JdbcEnvironmentImpl
instanceKlass  @bci org/hibernate/boot/internal/MetadataBuilderImpl lambda$resolveWrapperArrayHandling$1 (Lorg/hibernate/engine/config/spi/ConfigurationService;)Lorg/hibernate/type/WrapperArrayHandling; 3 <appendix> argL0 ; # org/hibernate/boot/internal/MetadataBuilderImpl$$Lambda+0x00000210bf502168
instanceKlass  @bci org/hibernate/boot/internal/MetadataBuilderImpl resolveWrapperArrayHandling (Lorg/hibernate/engine/config/spi/ConfigurationService;Lorg/hibernate/boot/registry/StandardServiceRegistry;)Lorg/hibernate/type/WrapperArrayHandling; 16 <appendix> member <vmtarget> ; # org/hibernate/boot/internal/MetadataBuilderImpl$$Lambda+0x00000210bf501f40
instanceKlass  @bci org/hibernate/boot/internal/MetadataBuilderImpl resolveWrapperArrayHandling (Lorg/hibernate/engine/config/spi/ConfigurationService;Lorg/hibernate/boot/registry/StandardServiceRegistry;)Lorg/hibernate/type/WrapperArrayHandling; 7 <appendix> member <vmtarget> ; # org/hibernate/boot/internal/MetadataBuilderImpl$$Lambda+0x00000210bf501d18
instanceKlass  @bci org/hibernate/boot/internal/MetadataBuilderImpl resolveTimeZoneStorageStrategy (Lorg/hibernate/engine/config/spi/ConfigurationService;)Lorg/hibernate/annotations/TimeZoneStorageType; 3 <appendix> argL0 ; # org/hibernate/boot/internal/MetadataBuilderImpl$$Lambda+0x00000210bf5016b8
instanceKlass  @bci org/hibernate/boot/internal/MetadataBuilderImpl$MappingDefaultsImpl <init> (Lorg/hibernate/boot/registry/StandardServiceRegistry;)V 75 <appendix> argL0 ; # org/hibernate/boot/internal/MetadataBuilderImpl$MappingDefaultsImpl$$Lambda+0x00000210bf500c18
instanceKlass  @bci org/hibernate/boot/internal/MetadataBuilderImpl$MappingDefaultsImpl <init> (Lorg/hibernate/boot/registry/StandardServiceRegistry;)V 55 <appendix> argL0 ; # org/hibernate/boot/internal/MetadataBuilderImpl$MappingDefaultsImpl$$Lambda+0x00000210bf5007a8
instanceKlass org/hibernate/boot/internal/MetadataBuilderImpl$MappingDefaultsImpl
instanceKlass org/hibernate/id/factory/spi/GeneratorDefinitionResolver
instanceKlass org/hibernate/type/descriptor/java/JavaType
instanceKlass org/hibernate/generator/GeneratorCreationContext
instanceKlass org/hibernate/id/enhanced/TableGenerator
instanceKlass org/hibernate/id/ForeignGenerator
instanceKlass org/hibernate/id/IncrementGenerator
instanceKlass org/hibernate/id/enhanced/SequenceStyleGenerator
instanceKlass org/hibernate/id/PersistentIdentifierGenerator
instanceKlass org/hibernate/id/OptimizableGenerator
instanceKlass org/hibernate/id/SelectGenerator
instanceKlass org/hibernate/id/IdentityGenerator
instanceKlass org/hibernate/id/BulkInsertionCapableIdentifierGenerator
instanceKlass org/hibernate/id/PostInsertIdentifierGenerator
instanceKlass org/hibernate/generator/OnExecutionGenerator
instanceKlass org/hibernate/id/Assigned
instanceKlass org/hibernate/id/AbstractUUIDGenerator
instanceKlass org/hibernate/id/GUIDGenerator
instanceKlass org/hibernate/id/factory/IdGenFactoryLogging
instanceKlass org/hibernate/id/UUIDGenerator
instanceKlass org/hibernate/id/factory/spi/StandardGenerator
instanceKlass org/hibernate/id/IdentifierGenerator
instanceKlass org/hibernate/id/Configurable
instanceKlass org/hibernate/boot/model/relational/ExportableProducer
instanceKlass org/hibernate/generator/BeforeExecutionGenerator
instanceKlass  @bci org/hibernate/id/factory/internal/StandardIdentifierGeneratorFactory logOverrides ()V 22 <appendix> member <vmtarget> ; # org/hibernate/id/factory/internal/StandardIdentifierGeneratorFactory$$Lambda+0x00000210bf4fb7d8
instanceKlass org/hibernate/id/factory/spi/GenerationTypeStrategyRegistration
instanceKlass org/hibernate/id/factory/internal/UUIDGenerationTypeStrategy
instanceKlass org/hibernate/id/factory/internal/IdentityGenerationTypeStrategy
instanceKlass org/hibernate/id/factory/internal/TableGenerationTypeStrategy
instanceKlass org/hibernate/id/factory/internal/SequenceGenerationTypeStrategy
instanceKlass org/hibernate/id/factory/internal/AutoGenerationTypeStrategy
instanceKlass org/hibernate/id/factory/spi/GenerationTypeStrategy
instanceKlass org/hibernate/resource/beans/spi/ManagedBean
instanceKlass org/hibernate/resource/beans/internal/ManagedBeanRegistryImpl
instanceKlass  @bci org/hibernate/engine/config/spi/StandardConverters <clinit> ()V 16 <appendix> argL0 ; # org/hibernate/engine/config/spi/StandardConverters$$Lambda+0x00000210bf4f9de0
instanceKlass  @bci org/hibernate/engine/config/spi/StandardConverters <clinit> ()V 8 <appendix> argL0 ; # org/hibernate/engine/config/spi/StandardConverters$$Lambda+0x00000210bf4f9bc0
instanceKlass  @bci org/hibernate/engine/config/spi/StandardConverters <clinit> ()V 0 <appendix> argL0 ; # org/hibernate/engine/config/spi/StandardConverters$$Lambda+0x00000210bf4f99a0
instanceKlass org/hibernate/engine/config/spi/StandardConverters
instanceKlass org/hibernate/service/spi/Startable
instanceKlass org/hibernate/service/spi/InjectService
instanceKlass org/hibernate/engine/config/internal/ConfigurationServiceImpl
instanceKlass org/hibernate/resource/beans/container/spi/BeanLifecycleStrategy
instanceKlass org/hibernate/resource/beans/internal/Helper
instanceKlass org/hibernate/generator/Generator
instanceKlass org/hibernate/resource/beans/spi/BeanInstanceProducer
instanceKlass org/hibernate/id/factory/internal/StandardIdentifierGeneratorFactory
instanceKlass org/hibernate/resource/beans/container/spi/BeanContainer$LifecycleOptions
instanceKlass org/hibernate/boot/spi/MappingDefaults
instanceKlass org/hibernate/collection/spi/CollectionSemanticsResolver
instanceKlass org/hibernate/metamodel/spi/ManagedTypeRepresentationResolver
instanceKlass org/hibernate/boot/internal/MetadataBuilderImpl$MetadataBuildingOptionsImpl
instanceKlass org/hibernate/boot/spi/JpaOrmXmlPersistenceUnitDefaultAware
instanceKlass org/hibernate/boot/spi/BootstrapContext
instanceKlass org/hibernate/boot/model/convert/spi/ConverterDescriptor
instanceKlass org/hibernate/boot/spi/MetadataBuildingOptions
instanceKlass org/hibernate/boot/model/FunctionContributions
instanceKlass org/hibernate/boot/internal/MetadataBuilderImpl
instanceKlass org/hibernate/boot/model/TypeContributions
instanceKlass org/hibernate/boot/spi/MetadataBuilderImplementor
instanceKlass org/hibernate/boot/jaxb/spi/Binder
instanceKlass org/hibernate/boot/MetadataSources
instanceKlass org/hibernate/service/spi/SessionFactoryServiceRegistryFactory
instanceKlass org/hibernate/engine/jdbc/spi/SqlStatementLogger
instanceKlass org/hibernate/tool/schema/spi/SchemaManagementTool
instanceKlass org/hibernate/bytecode/spi/ProxyFactoryFactory
instanceKlass org/hibernate/internal/util/collections/CollectionHelper
instanceKlass org/hibernate/service/internal/AbstractServiceRegistryImpl
instanceKlass org/hibernate/engine/config/spi/ConfigurationService$Converter
instanceKlass org/hibernate/internal/util/config/ConfigurationHelper
instanceKlass org/hibernate/service/spi/ServiceContributor
instanceKlass  @bci org/hibernate/jpa/boot/internal/EntityManagerFactoryBuilderImpl normalizeConnectionAccessUserAndPass (Ljava/util/HashMap;Lorg/hibernate/jpa/boot/internal/EntityManagerFactoryBuilderImpl$MergedSettings;)V 116 <appendix> member <vmtarget> ; # org/hibernate/jpa/boot/internal/EntityManagerFactoryBuilderImpl$$Lambda+0x00000210bf4f4048
instanceKlass  @bci org/hibernate/jpa/boot/internal/EntityManagerFactoryBuilderImpl normalizeConnectionAccessUserAndPass (Ljava/util/HashMap;Lorg/hibernate/jpa/boot/internal/EntityManagerFactoryBuilderImpl$MergedSettings;)V 107 <appendix> member <vmtarget> ; # org/hibernate/jpa/boot/internal/EntityManagerFactoryBuilderImpl$$Lambda+0x00000210bf4f3e20
instanceKlass  @bci org/hibernate/jpa/boot/internal/EntityManagerFactoryBuilderImpl normalizeConnectionAccessUserAndPass (Ljava/util/HashMap;Lorg/hibernate/jpa/boot/internal/EntityManagerFactoryBuilderImpl$MergedSettings;)V 98 <appendix> member <vmtarget> ; # org/hibernate/jpa/boot/internal/EntityManagerFactoryBuilderImpl$$Lambda+0x00000210bf4f3bf8
instanceKlass  @bci org/hibernate/jpa/boot/internal/EntityManagerFactoryBuilderImpl normalizeConnectionAccessUserAndPass (Ljava/util/HashMap;Lorg/hibernate/jpa/boot/internal/EntityManagerFactoryBuilderImpl$MergedSettings;)V 89 <appendix> member <vmtarget> ; # org/hibernate/jpa/boot/internal/EntityManagerFactoryBuilderImpl$$Lambda+0x00000210bf4f39d0
instanceKlass  @bci org/hibernate/jpa/boot/internal/EntityManagerFactoryBuilderImpl normalizeConnectionAccessUserAndPass (Ljava/util/HashMap;Lorg/hibernate/jpa/boot/internal/EntityManagerFactoryBuilderImpl$MergedSettings;)V 80 <appendix> member <vmtarget> ; # org/hibernate/jpa/boot/internal/EntityManagerFactoryBuilderImpl$$Lambda+0x00000210bf4f37a8
instanceKlass  @bci org/hibernate/jpa/boot/internal/EntityManagerFactoryBuilderImpl normalizeConnectionAccessUserAndPass (Ljava/util/HashMap;Lorg/hibernate/jpa/boot/internal/EntityManagerFactoryBuilderImpl$MergedSettings;)V 71 <appendix> member <vmtarget> ; # org/hibernate/jpa/boot/internal/EntityManagerFactoryBuilderImpl$$Lambda+0x00000210bf4f3580
instanceKlass  @bci org/hibernate/internal/util/NullnessHelper coalesceSuppliedValues ([Ljava/util/function/Supplier;)Ljava/lang/Object; 0 <appendix> argL0 ; # org/hibernate/internal/util/NullnessHelper$$Lambda+0x00000210bf4f3340
instanceKlass org/hibernate/internal/util/NullnessHelper
instanceKlass  @bci org/hibernate/jpa/boot/internal/EntityManagerFactoryBuilderImpl normalizeConnectionAccessUserAndPass (Ljava/util/HashMap;Lorg/hibernate/jpa/boot/internal/EntityManagerFactoryBuilderImpl$MergedSettings;)V 53 <appendix> member <vmtarget> ; # org/hibernate/jpa/boot/internal/EntityManagerFactoryBuilderImpl$$Lambda+0x00000210bf4f2f10
instanceKlass  @bci org/hibernate/jpa/boot/internal/EntityManagerFactoryBuilderImpl normalizeConnectionAccessUserAndPass (Ljava/util/HashMap;Lorg/hibernate/jpa/boot/internal/EntityManagerFactoryBuilderImpl$MergedSettings;)V 44 <appendix> member <vmtarget> ; # org/hibernate/jpa/boot/internal/EntityManagerFactoryBuilderImpl$$Lambda+0x00000210bf4f2ce8
instanceKlass  @bci org/hibernate/jpa/boot/internal/EntityManagerFactoryBuilderImpl normalizeConnectionAccessUserAndPass (Ljava/util/HashMap;Lorg/hibernate/jpa/boot/internal/EntityManagerFactoryBuilderImpl$MergedSettings;)V 35 <appendix> member <vmtarget> ; # org/hibernate/jpa/boot/internal/EntityManagerFactoryBuilderImpl$$Lambda+0x00000210bf4f2ac0
instanceKlass  @bci org/hibernate/jpa/boot/internal/EntityManagerFactoryBuilderImpl normalizeConnectionAccessUserAndPass (Ljava/util/HashMap;Lorg/hibernate/jpa/boot/internal/EntityManagerFactoryBuilderImpl$MergedSettings;)V 26 <appendix> member <vmtarget> ; # org/hibernate/jpa/boot/internal/EntityManagerFactoryBuilderImpl$$Lambda+0x00000210bf4f2898
instanceKlass  @bci org/hibernate/jpa/boot/internal/EntityManagerFactoryBuilderImpl normalizeConnectionAccessUserAndPass (Ljava/util/HashMap;Lorg/hibernate/jpa/boot/internal/EntityManagerFactoryBuilderImpl$MergedSettings;)V 17 <appendix> member <vmtarget> ; # org/hibernate/jpa/boot/internal/EntityManagerFactoryBuilderImpl$$Lambda+0x00000210bf4f2670
instanceKlass  @bci org/hibernate/jpa/boot/internal/EntityManagerFactoryBuilderImpl normalizeConnectionAccessUserAndPass (Ljava/util/HashMap;Lorg/hibernate/jpa/boot/internal/EntityManagerFactoryBuilderImpl$MergedSettings;)V 8 <appendix> member <vmtarget> ; # org/hibernate/jpa/boot/internal/EntityManagerFactoryBuilderImpl$$Lambda+0x00000210bf4f2448
instanceKlass org/hibernate/type/Type
instanceKlass org/hibernate/internal/util/collections/ArrayHelper
instanceKlass org/hibernate/internal/util/StringHelper
instanceKlass org/hibernate/internal/util/PropertiesHelper
instanceKlass org/hibernate/internal/util/ConfigHelper
instanceKlass org/hibernate/Version
instanceKlass org/hibernate/cfg/Environment
instanceKlass org/hibernate/cfg/AvailableSettings
instanceKlass org/hibernate/cfg/ValidationSettings
instanceKlass org/hibernate/cfg/TransactionSettings
instanceKlass org/hibernate/cfg/StatisticsSettings
instanceKlass org/hibernate/cfg/SessionEventSettings
instanceKlass org/hibernate/cfg/SchemaToolingSettings
instanceKlass org/hibernate/cfg/QuerySettings
instanceKlass org/hibernate/cfg/PersistenceSettings
instanceKlass org/hibernate/cfg/MultiTenancySettings
instanceKlass org/hibernate/cfg/MappingSettings
instanceKlass org/hibernate/cfg/ManagedBeanSettings
instanceKlass org/hibernate/cfg/JpaComplianceSettings
instanceKlass org/hibernate/cfg/JdbcSettings
instanceKlass org/hibernate/cfg/HikariCPSettings
instanceKlass org/hibernate/cfg/AgroalSettings
instanceKlass org/hibernate/cfg/ProxoolSettings
instanceKlass org/hibernate/cfg/C3p0Settings
instanceKlass org/hibernate/cfg/FetchSettings
instanceKlass org/hibernate/cfg/EnvironmentSettings
instanceKlass org/hibernate/cfg/CacheSettings
instanceKlass org/hibernate/cfg/BytecodeSettings
instanceKlass org/hibernate/cfg/BatchSettings
instanceKlass org/hibernate/jpa/boot/internal/EntityManagerFactoryBuilderImpl$MergedSettings
instanceKlass org/hibernate/loader/ast/spi/BatchLoaderFactory
instanceKlass org/hibernate/loader/ast/internal/BatchLoaderFactoryInitiator
instanceKlass org/hibernate/sql/ast/spi/ParameterMarkerStrategy
instanceKlass org/hibernate/sql/ast/internal/ParameterMarkerStrategyInitiator
instanceKlass org/hibernate/query/sqm/mutation/spi/SqmMultiTableMutationStrategyProvider
instanceKlass org/hibernate/query/sqm/mutation/internal/SqmMultiTableMutationStrategyProviderInitiator
instanceKlass org/hibernate/sql/results/jdbc/spi/JdbcValuesMappingProducerProvider
instanceKlass org/hibernate/sql/results/jdbc/internal/JdbcValuesMappingProducerProviderInitiator
instanceKlass org/hibernate/event/spi/EntityCopyObserverFactory
instanceKlass org/hibernate/event/internal/EntityCopyObserverFactoryInitiator
instanceKlass org/hibernate/resource/beans/spi/ManagedBeanRegistry
instanceKlass org/hibernate/resource/beans/spi/ManagedBeanRegistryInitiator
instanceKlass org/hibernate/resource/transaction/internal/TransactionCoordinatorBuilderInitiator
instanceKlass org/hibernate/cache/spi/RegionFactory
instanceKlass org/hibernate/cache/internal/RegionFactoryInitiator
instanceKlass org/hibernate/service/internal/SessionFactoryServiceRegistryFactoryInitiator
instanceKlass org/hibernate/engine/transaction/jta/platform/internal/JtaPlatformInitiator
instanceKlass org/hibernate/engine/transaction/jta/platform/spi/JtaPlatformResolver
instanceKlass org/hibernate/engine/transaction/jta/platform/internal/JtaPlatformResolverInitiator
instanceKlass org/hibernate/engine/jdbc/cursor/spi/RefCursorSupport
instanceKlass org/hibernate/engine/jdbc/cursor/internal/RefCursorSupportInitiator
instanceKlass org/hibernate/engine/jdbc/internal/JdbcServicesInitiator
instanceKlass org/hibernate/engine/jdbc/internal/SqlStatementLoggerInitiator
instanceKlass org/hibernate/engine/jdbc/batch/spi/BatchBuilder
instanceKlass org/hibernate/engine/jdbc/batch/internal/BatchBuilderInitiator
instanceKlass org/hibernate/engine/jdbc/mutation/spi/MutationExecutorService
instanceKlass org/hibernate/engine/jdbc/mutation/internal/MutationExecutorServiceInitiator
instanceKlass org/hibernate/engine/jdbc/dialect/spi/DialectFactory
instanceKlass org/hibernate/engine/jdbc/dialect/internal/DialectFactoryInitiator
instanceKlass org/hibernate/engine/jdbc/dialect/spi/DialectResolver
instanceKlass org/hibernate/engine/jdbc/dialect/internal/DialectResolverInitiator
instanceKlass org/hibernate/engine/jdbc/connections/spi/MultiTenantConnectionProvider
instanceKlass org/hibernate/engine/jdbc/connections/internal/MultiTenantConnectionProviderInitiator
instanceKlass org/hibernate/engine/jdbc/connections/internal/UserSuppliedConnectionProviderImpl
instanceKlass org/hibernate/engine/jdbc/connections/internal/DriverManagerConnectionProviderImpl
instanceKlass org/hibernate/engine/jdbc/connections/internal/ConnectionValidator
instanceKlass org/hibernate/engine/jdbc/connections/internal/DatasourceConnectionProviderImpl
instanceKlass org/hibernate/service/spi/Configurable
instanceKlass org/hibernate/engine/jdbc/connections/spi/ConnectionProvider
instanceKlass org/hibernate/service/spi/Wrapped
instanceKlass org/hibernate/engine/jdbc/connections/internal/ConnectionProviderInitiator
instanceKlass org/hibernate/persister/spi/PersisterFactory
instanceKlass org/hibernate/persister/internal/PersisterFactoryInitiator
instanceKlass org/hibernate/persister/spi/PersisterClassResolver
instanceKlass org/hibernate/persister/internal/PersisterClassResolverInitiator
instanceKlass org/hibernate/engine/jndi/spi/JndiService
instanceKlass org/hibernate/engine/jndi/internal/JndiServiceInitiator
instanceKlass org/hibernate/engine/jdbc/dialect/spi/DialectResolutionInfo
instanceKlass org/hibernate/dialect/DatabaseVersion
instanceKlass org/hibernate/engine/jdbc/connections/spi/DatabaseConnectionInfo
instanceKlass org/hibernate/jdbc/WorkExecutorVisitable
instanceKlass org/hibernate/resource/transaction/spi/TransactionCoordinatorOwner
instanceKlass org/hibernate/engine/jdbc/spi/JdbcServices
instanceKlass org/hibernate/engine/jdbc/connections/spi/JdbcConnectionAccess
instanceKlass org/hibernate/engine/jdbc/env/spi/JdbcEnvironment
instanceKlass org/hibernate/engine/jdbc/env/internal/JdbcEnvironmentInitiator
instanceKlass org/hibernate/tool/schema/internal/SchemaManagementToolInitiator
instanceKlass org/hibernate/tool/schema/spi/SqlScriptCommandExtractor
instanceKlass org/hibernate/tool/schema/internal/script/SqlScriptExtractorInitiator
instanceKlass org/hibernate/property/access/spi/PropertyAccessStrategyResolver
instanceKlass org/hibernate/property/access/internal/PropertyAccessStrategyResolverInitiator
instanceKlass org/hibernate/engine/config/spi/ConfigurationService
instanceKlass org/hibernate/engine/config/internal/ConfigurationServiceInitiator
instanceKlass org/hibernate/boot/cfgxml/spi/CfgXmlAccessService
instanceKlass org/hibernate/boot/cfgxml/internal/CfgXmlAccessServiceInitiator
instanceKlass org/hibernate/bytecode/internal/ProxyFactoryFactoryInitiator
instanceKlass org/hibernate/bytecode/spi/BytecodeProvider
instanceKlass org/hibernate/bytecode/internal/BytecodeProviderInitiator
instanceKlass org/hibernate/id/factory/IdentifierGeneratorFactory
instanceKlass org/hibernate/id/factory/internal/StandardIdentifierGeneratorFactoryInitiator
instanceKlass org/hibernate/boot/spi/SessionFactoryBuilderService
instanceKlass org/hibernate/boot/internal/DefaultSessionFactoryBuilderInitiator
instanceKlass org/hibernate/boot/registry/StandardServiceInitiator
instanceKlass org/hibernate/service/spi/ServiceInitiator
instanceKlass org/hibernate/service/StandardServiceInitiators
instanceKlass org/hibernate/boot/cfgxml/internal/ConfigLoader$1
instanceKlass org/hibernate/internal/util/ValueHolder$1
instanceKlass org/hibernate/internal/util/ValueHolder
instanceKlass org/hibernate/internal/util/ValueHolder$DeferredInitializer
instanceKlass org/hibernate/boot/cfgxml/internal/ConfigLoader
instanceKlass org/hibernate/boot/cfgxml/spi/LoadedConfig
instanceKlass org/hibernate/boot/registry/StandardServiceRegistry
instanceKlass org/hibernate/boot/registry/StandardServiceRegistryBuilder
instanceKlass org/hibernate/service/spi/ServiceBinding
instanceKlass org/hibernate/boot/registry/selector/StrategyRegistrationProvider
instanceKlass org/hibernate/type/format/jaxb/JaxbXmlFormatMapper
instanceKlass org/hibernate/type/format/jackson/JacksonXmlFormatMapper
instanceKlass org/hibernate/type/format/AbstractJsonFormatMapper
instanceKlass org/hibernate/type/format/FormatMapper
instanceKlass org/hibernate/cache/internal/SimpleCacheKeysFactory
instanceKlass org/hibernate/cache/internal/DefaultCacheKeysFactory
instanceKlass org/hibernate/cache/spi/CacheKeysFactory
instanceKlass org/hibernate/boot/model/relational/ColumnOrderingStrategyLegacy
instanceKlass org/hibernate/boot/model/relational/ColumnOrderingStrategyStandard
instanceKlass org/hibernate/boot/model/relational/ColumnOrderingStrategy
instanceKlass org/hibernate/id/enhanced/LegacyNamingStrategy
instanceKlass org/hibernate/id/enhanced/SingleNamingStrategy
instanceKlass org/hibernate/id/enhanced/StandardNamingStrategy
instanceKlass org/hibernate/id/enhanced/ImplicitDatabaseObjectNamingStrategy
instanceKlass org/hibernate/query/sqm/mutation/internal/cte/CteMutationStrategy
instanceKlass org/hibernate/query/sqm/mutation/spi/SqmMultiTableMutationStrategy
instanceKlass org/hibernate/query/sqm/mutation/internal/temptable/PersistentTableStrategy
instanceKlass org/hibernate/query/sqm/mutation/internal/temptable/LocalTemporaryTableStrategy
instanceKlass org/hibernate/query/sqm/mutation/internal/temptable/GlobalTemporaryTableStrategy
instanceKlass org/hibernate/query/sqm/mutation/internal/cte/CteInsertStrategy
instanceKlass org/hibernate/query/sqm/mutation/spi/SqmMultiTableInsertStrategy
instanceKlass org/hibernate/resource/transaction/backend/jta/internal/JtaTransactionCoordinatorBuilderImpl
instanceKlass org/hibernate/service/spi/ServiceRegistryAwareService
instanceKlass  @bci org/hibernate/boot/registry/selector/internal/StrategySelectorImpl registerStrategyImplementor (Ljava/lang/Class;Ljava/lang/String;Ljava/lang/Class;)V 5 <appendix> argL0 ; # org/hibernate/boot/registry/selector/internal/StrategySelectorImpl$$Lambda+0x00000210bf4dcb50
instanceKlass org/hibernate/resource/transaction/backend/jdbc/internal/JdbcResourceLocalTransactionCoordinatorBuilderImpl
instanceKlass org/hibernate/resource/transaction/spi/TransactionCoordinatorBuilder
instanceKlass org/hibernate/boot/registry/selector/internal/DefaultJtaPlatformSelector
instanceKlass org/hibernate/boot/registry/selector/internal/DefaultDialectSelector
instanceKlass org/hibernate/boot/registry/selector/internal/AggregatedDialectSelector
instanceKlass org/hibernate/boot/registry/selector/spi/DialectSelector
instanceKlass org/hibernate/dialect/Dialect
instanceKlass org/hibernate/boot/model/FunctionContributor
instanceKlass org/hibernate/boot/model/TypeContributor
instanceKlass org/hibernate/exception/spi/ConversionContext
instanceKlass  @bci org/hibernate/boot/registry/selector/internal/StrategySelectorImpl <clinit> ()V 8 <appendix> argL0 ; # org/hibernate/boot/registry/selector/internal/StrategySelectorImpl$$Lambda+0x00000210bf4da978
instanceKlass org/hibernate/boot/registry/selector/spi/StrategyCreator
instanceKlass org/hibernate/boot/registry/selector/internal/StrategySelectorImpl
instanceKlass org/hibernate/boot/registry/internal/BootstrapServiceRegistryImpl
instanceKlass org/hibernate/service/spi/ServiceBinding$ServiceLifecycleOwner
instanceKlass org/hibernate/service/spi/ServiceRegistryImplementor
instanceKlass org/hibernate/boot/registry/classloading/internal/AggregatedClassLoader$4
instanceKlass org/hibernate/boot/registry/classloading/internal/AggregatedClassLoader$2
instanceKlass org/hibernate/boot/registry/classloading/internal/AggregatedServiceLoader
instanceKlass org/hibernate/cache/internal/CollectionCacheInvalidator
instanceKlass org/hibernate/event/spi/PostUpdateEventListener
instanceKlass org/hibernate/event/spi/PostDeleteEventListener
instanceKlass org/hibernate/event/spi/PostInsertEventListener
instanceKlass org/hibernate/event/spi/PostActionEventListener
instanceKlass org/hibernate/boot/beanvalidation/ActivationContext
instanceKlass org/hibernate/boot/beanvalidation/BeanValidationIntegrator
instanceKlass org/hibernate/integrator/spi/Integrator
instanceKlass org/hibernate/integrator/internal/IntegratorServiceImpl
instanceKlass org/hibernate/boot/registry/classloading/internal/ClassLoaderServiceImpl$1
instanceKlass org/hibernate/boot/registry/classloading/internal/ClassLoaderServiceImpl
instanceKlass org/hibernate/boot/registry/selector/spi/StrategySelector
instanceKlass org/hibernate/boot/registry/selector/internal/LazyServiceResolver
instanceKlass org/hibernate/boot/registry/selector/StrategyRegistration
instanceKlass org/hibernate/boot/registry/selector/internal/StrategySelectorBuilder
instanceKlass org/hibernate/boot/registry/BootstrapServiceRegistry
instanceKlass org/hibernate/integrator/spi/IntegratorService
instanceKlass org/hibernate/boot/registry/classloading/spi/ClassLoaderService
instanceKlass org/hibernate/boot/ResourceStreamLocator
instanceKlass org/hibernate/boot/ResourceLocator
instanceKlass org/hibernate/boot/registry/BootstrapServiceRegistryBuilder
instanceKlass org/slf4j/helpers/FormattingTuple
instanceKlass org/slf4j/helpers/NormalizedParameters
instanceKlass org/slf4j/helpers/MessageFormatter
# instanceKlass java/lang/invoke/LambdaForm$MH+0x00000210bf4d6800
# instanceKlass java/lang/invoke/LambdaForm$MH+0x00000210bf4d6400
# instanceKlass java/lang/invoke/LambdaForm$MH+0x00000210bf4d6000
# instanceKlass java/lang/invoke/LambdaForm$MH+0x00000210bf4d5c00
# instanceKlass java/lang/invoke/LambdaForm$MH+0x00000210bf4d5800
# instanceKlass java/lang/invoke/LambdaForm$MH+0x00000210bf4d5400
# instanceKlass java/lang/invoke/LambdaForm$MH+0x00000210bf4d5000
# instanceKlass java/lang/invoke/LambdaForm$MH+0x00000210bf4d4c00
# instanceKlass java/lang/invoke/LambdaForm$BMH+0x00000210bf4d4800
# instanceKlass java/lang/invoke/LambdaForm$DMH+0x00000210bf4d4400
# instanceKlass java/lang/invoke/LambdaForm$DMH+0x00000210bf4d4000
instanceKlass org/hibernate/jpa/internal/util/LogHelper
instanceKlass org/hibernate/internal/CoreLogging
instanceKlass org/hibernate/bytecode/spi/ClassTransformer
instanceKlass jakarta/persistence/spi/ClassTransformer
instanceKlass org/hibernate/jpa/boot/internal/PersistenceUnitInfoDescriptor
instanceKlass org/jboss/logging/DelegatingBasicLogger
instanceKlass org/jboss/logging/LoggingLocale
instanceKlass org/hibernate/internal/EntityManagerMessageLogger
instanceKlass org/hibernate/internal/CoreMessageLogger
instanceKlass org/hibernate/internal/HEMLogging
instanceKlass org/hibernate/bytecode/enhance/spi/EnhancementContext
instanceKlass org/hibernate/proxy/EntityNotFoundDelegate
instanceKlass org/hibernate/boot/archive/scan/spi/ScanOptions
instanceKlass org/hibernate/boot/archive/scan/spi/ScanEnvironment
instanceKlass org/hibernate/boot/MetadataBuilder
instanceKlass org/hibernate/boot/Metadata
instanceKlass org/hibernate/engine/spi/Mapping
instanceKlass org/hibernate/service/ServiceRegistry
instanceKlass org/hibernate/tool/schema/spi/DelayedDropRegistry
instanceKlass org/hibernate/jpa/boot/internal/EntityManagerFactoryBuilderImpl
instanceKlass org/hibernate/jpa/boot/spi/EntityManagerFactoryBuilder
instanceKlass  @bci org/springframework/orm/jpa/AbstractEntityManagerFactoryBean afterPropertiesSet ()V 61 <appendix> member <vmtarget> ; # org/springframework/orm/jpa/AbstractEntityManagerFactoryBean$$Lambda+0x00000210bf4c8a78
instanceKlass org/springframework/orm/jpa/vendor/HibernateJpaVendorAdapter$1
instanceKlass  @bci org/springframework/orm/jpa/persistenceunit/DefaultPersistenceUnitManager applyManagedTypes (Lorg/springframework/orm/jpa/persistenceunit/SpringPersistenceUnitInfo;Lorg/springframework/orm/jpa/persistenceunit/PersistenceManagedTypes;)V 34 <appendix> member <vmtarget> ; # org/springframework/orm/jpa/persistenceunit/DefaultPersistenceUnitManager$$Lambda+0x00000210bf4c3c10
instanceKlass  @bci org/springframework/orm/jpa/persistenceunit/DefaultPersistenceUnitManager applyManagedTypes (Lorg/springframework/orm/jpa/persistenceunit/SpringPersistenceUnitInfo;Lorg/springframework/orm/jpa/persistenceunit/PersistenceManagedTypes;)V 12 <appendix> member <vmtarget> ; # org/springframework/orm/jpa/persistenceunit/DefaultPersistenceUnitManager$$Lambda+0x00000210bf4c39d8
instanceKlass org/springframework/orm/jpa/persistenceunit/PersistenceUnitReader
instanceKlass java/lang/instrument/ClassFileTransformer
instanceKlass org/springframework/instrument/classloading/InstrumentationLoadTimeWeaver
instanceKlass org/springframework/boot/jdbc/metadata/AbstractDataSourcePoolMetadata
instanceKlass org/springframework/jdbc/datasource/DelegatingDataSource
instanceKlass org/springframework/boot/jdbc/DataSourceUnwrapper
instanceKlass org/hibernate/engine/transaction/jta/platform/internal/NoJtaPlatform
instanceKlass org/hibernate/engine/transaction/jta/platform/spi/JtaPlatform
instanceKlass org/hibernate/service/Service
instanceKlass org/hibernate/resource/beans/container/spi/ContainedBean
instanceKlass org/springframework/orm/hibernate5/SpringBeanContainer
instanceKlass  @bci org/springframework/boot/autoconfigure/orm/jpa/HibernateProperties getAdditionalProperties (Ljava/util/Map;Lorg/springframework/boot/autoconfigure/orm/jpa/HibernateSettings;)Ljava/util/Map; 98 <appendix> member <vmtarget> ; # org/springframework/boot/autoconfigure/orm/jpa/HibernateProperties$$Lambda+0x00000210bf4c55d0
instanceKlass  @bci org/springframework/boot/autoconfigure/orm/jpa/HibernateProperties getAdditionalProperties (Ljava/util/Map;Lorg/springframework/boot/autoconfigure/orm/jpa/HibernateSettings;)Ljava/util/Map; 30 <appendix> member <vmtarget> ; # org/springframework/boot/autoconfigure/orm/jpa/HibernateProperties$$Lambda+0x00000210bf4c53a8
instanceKlass  @bci org/springframework/boot/autoconfigure/orm/jpa/HibernateProperties$Naming applyNamingStrategies (Ljava/util/Map;)V 38 <appendix> member <vmtarget> ; # org/springframework/boot/autoconfigure/orm/jpa/HibernateProperties$Naming$$Lambda+0x00000210bf4c5180
instanceKlass org/hibernate/boot/model/naming/CamelCaseToUnderscoresNamingStrategy
instanceKlass  @bci org/springframework/boot/autoconfigure/orm/jpa/HibernateProperties$Naming applyNamingStrategy (Ljava/util/Map;Ljava/lang/String;Ljava/lang/Object;Ljava/util/function/Supplier;)V 20 <appendix> member <vmtarget> ; # org/springframework/boot/autoconfigure/orm/jpa/HibernateProperties$Naming$$Lambda+0x00000210bf4c4cb0
instanceKlass  @bci org/springframework/boot/autoconfigure/orm/jpa/HibernateProperties$Naming applyNamingStrategies (Ljava/util/Map;)V 15 <appendix> member <vmtarget> ; # org/springframework/boot/autoconfigure/orm/jpa/HibernateProperties$Naming$$Lambda+0x00000210bf4c4a88
instanceKlass org/hibernate/boot/model/naming/ImplicitNamingStrategyJpaCompliantImpl
instanceKlass org/hibernate/boot/archive/scan/internal/DisabledScanner
instanceKlass org/hibernate/boot/archive/scan/spi/Scanner
instanceKlass  @bci org/springframework/boot/autoconfigure/orm/jpa/HibernateJpaConfiguration getVendorProperties (Ljavax/sql/DataSource;)Ljava/util/Map; 2 <appendix> member <vmtarget> ; # org/springframework/boot/autoconfigure/orm/jpa/HibernateJpaConfiguration$$Lambda+0x00000210bf4bfd98
instanceKlass org/springframework/jdbc/datasource/lookup/SingleDataSourceLookup
instanceKlass org/springframework/instrument/classloading/LoadTimeWeaver
instanceKlass org/springframework/orm/jpa/persistenceunit/MutablePersistenceUnitInfo
instanceKlass org/springframework/orm/jpa/persistenceunit/SmartPersistenceUnitInfo
instanceKlass org/springframework/orm/jpa/persistenceunit/DefaultPersistenceUnitManager
instanceKlass org/springframework/jdbc/datasource/lookup/DataSourceLookup
# instanceKlass java/lang/invoke/LambdaForm$MH+0x00000210bf4c2000
# instanceKlass java/lang/invoke/LambdaForm$MH+0x00000210bf4c1c00
instanceKlass org/springframework/orm/jpa/persistenceunit/SimplePersistenceManagedTypes
instanceKlass org/springframework/orm/jpa/persistenceunit/PersistenceManagedTypesScanner$ScanResult
instanceKlass  @bci org/springframework/orm/jpa/persistenceunit/PersistenceManagedTypesScanner <init> (Lorg/springframework/core/io/ResourceLoader;Lorg/springframework/orm/jpa/persistenceunit/ManagedClassNameFilter;)V 34 <appendix> argL0 ; # org/springframework/orm/jpa/persistenceunit/PersistenceManagedTypesScanner$$Lambda+0x00000210bf4bdeb8
instanceKlass jakarta/persistence/Converter
instanceKlass jakarta/persistence/MappedSuperclass
instanceKlass jakarta/persistence/Embeddable
instanceKlass org/springframework/orm/jpa/persistenceunit/PersistenceManagedTypesScanner
instanceKlass org/springframework/boot/autoconfigure/domain/EntityScanPackages
# instanceKlass java/lang/invoke/LambdaForm$MH+0x00000210bf4c1800
# instanceKlass java/lang/invoke/LambdaForm$MH+0x00000210bf4c1400
# instanceKlass java/lang/invoke/LambdaForm$MH+0x00000210bf4c1000
# instanceKlass java/lang/invoke/LambdaForm$MH+0x00000210bf4c0c00
instanceKlass org/springframework/orm/jpa/persistenceunit/ManagedClassNameFilter
instanceKlass org/springframework/boot/orm/jpa/EntityManagerFactoryBuilder$Builder
instanceKlass org/springframework/orm/jpa/persistenceunit/PersistenceUnitPostProcessor
instanceKlass  @bci org/springframework/boot/autoconfigure/orm/jpa/JpaBaseConfiguration entityManagerFactoryBuilder (Lorg/springframework/orm/jpa/JpaVendorAdapter;Lorg/springframework/beans/factory/ObjectProvider;Lorg/springframework/beans/factory/ObjectProvider;)Lorg/springframework/boot/orm/jpa/EntityManagerFactoryBuilder; 33 <appendix> member <vmtarget> ; # org/springframework/boot/autoconfigure/orm/jpa/JpaBaseConfiguration$$Lambda+0x00000210bf4bca50
instanceKlass  @bci org/springframework/boot/autoconfigure/orm/jpa/JpaBaseConfiguration entityManagerFactoryBuilder (Lorg/springframework/orm/jpa/JpaVendorAdapter;Lorg/springframework/beans/factory/ObjectProvider;Lorg/springframework/beans/factory/ObjectProvider;)Lorg/springframework/boot/orm/jpa/EntityManagerFactoryBuilder; 6 <appendix> member <vmtarget> ; # org/springframework/boot/autoconfigure/orm/jpa/JpaBaseConfiguration$$Lambda+0x00000210bf4bc808
# instanceKlass java/lang/invoke/LambdaForm$MH+0x00000210bf4c0800
# instanceKlass java/lang/invoke/LambdaForm$MH+0x00000210bf4c0400
# instanceKlass java/lang/invoke/LambdaForm$MH+0x00000210bf4c0000
instanceKlass jakarta/persistence/spi/PersistenceUnitInfo
instanceKlass org/hibernate/SessionFactory
instanceKlass javax/naming/Referenceable
instanceKlass org/hibernate/jpa/HibernatePersistenceProvider$1
instanceKlass org/hibernate/jpa/internal/util/PersistenceUtilHelper
instanceKlass org/hibernate/jpa/internal/util/PersistenceUtilHelper$MetadataCache
instanceKlass org/jboss/logging/Slf4jLocationAwareLogger$1
instanceKlass org/jboss/logging/AbstractLoggerProvider
instanceKlass org/jboss/logging/SecurityActions
instanceKlass org/jboss/logging/LoggerProvider
instanceKlass org/jboss/logging/LoggerProviders
instanceKlass jakarta/persistence/spi/ProviderUtil
instanceKlass org/hibernate/jpa/boot/spi/PersistenceUnitDescriptor
instanceKlass org/hibernate/jpa/HibernatePersistenceProvider
instanceKlass org/springframework/jdbc/support/AbstractFallbackSQLExceptionTranslator
instanceKlass org/springframework/jdbc/support/SQLExceptionTranslator
instanceKlass org/springframework/jdbc/datasource/ConnectionHandle
instanceKlass org/springframework/orm/jpa/DefaultJpaDialect
instanceKlass jakarta/persistence/spi/PersistenceProvider
instanceKlass org/springframework/orm/jpa/JpaDialect
instanceKlass org/springframework/orm/jpa/persistenceunit/PersistenceUnitManager
instanceKlass  @bci org/springframework/boot/autoconfigure/orm/jpa/HibernateJpaConfiguration determineHibernatePropertiesCustomizers (Lorg/hibernate/boot/model/naming/PhysicalNamingStrategy;Lorg/hibernate/boot/model/naming/ImplicitNamingStrategy;Lorg/springframework/beans/factory/config/ConfigurableListableBeanFactory;Ljava/util/List;)Ljava/util/List; 27 <appendix> member <vmtarget> ; # org/springframework/boot/autoconfigure/orm/jpa/HibernateJpaConfiguration$$Lambda+0x00000210bf4b4850
instanceKlass org/hibernate/resource/beans/container/spi/BeanContainer
instanceKlass org/hibernate/service/spi/Stoppable
instanceKlass  @bci org/springframework/boot/autoconfigure/jdbc/metadata/DataSourcePoolMetadataProvidersConfiguration$HikariPoolDataSourceMetadataProviderConfiguration hikariPoolDataSourceMetadataProvider ()Lorg/springframework/boot/jdbc/metadata/DataSourcePoolMetadataProvider; 0 <appendix> argL0 ; # org/springframework/boot/autoconfigure/jdbc/metadata/DataSourcePoolMetadataProvidersConfiguration$HikariPoolDataSourceMetadataProviderConfiguration$$Lambda+0x00000210bf4b4230
instanceKlass org/springframework/boot/jdbc/metadata/CompositeDataSourcePoolMetadataProvider
instanceKlass org/springframework/boot/autoconfigure/orm/jpa/HibernateDefaultDdlAutoProvider
# instanceKlass java/lang/invoke/LambdaForm$MH+0x00000210bf4b1400
# instanceKlass java/lang/invoke/LambdaForm$MH+0x00000210bf4b1000
# instanceKlass java/lang/invoke/LambdaForm$MH+0x00000210bf4b0c00
# instanceKlass java/lang/invoke/LambdaForm$MH+0x00000210bf4b0800
# instanceKlass java/lang/invoke/LambdaForm$MH+0x00000210bf4b0400
# instanceKlass java/lang/invoke/LambdaForm$MH+0x00000210bf4b0000
# instanceKlass java/lang/invoke/LambdaForm$DMH+0x00000210bf4a9400
instanceKlass  @bci org/springframework/boot/context/properties/bind/MapBinder$EntryBinder bindEntries (Lorg/springframework/boot/context/properties/source/ConfigurationPropertySource;Ljava/util/Map;)V 96 <appendix> member <vmtarget> ; # org/springframework/boot/context/properties/bind/MapBinder$EntryBinder$$Lambda+0x00000210bf4a9a98
instanceKlass org/springframework/boot/jdbc/SchemaManagementProvider
instanceKlass  @bci org/springframework/boot/sql/init/AbstractScriptDatabaseInitializer$ScriptLocationResolver resolve (Ljava/lang/String;)Ljava/util/List; 22 <appendix> argL0 ; # org/springframework/boot/sql/init/AbstractScriptDatabaseInitializer$ScriptLocationResolver$$Lambda+0x00000210bf4a9800
instanceKlass org/springframework/boot/sql/init/AbstractScriptDatabaseInitializer$ScriptLocationResolver
instanceKlass org/springframework/jdbc/datasource/init/ResourceDatabasePopulator
instanceKlass org/springframework/boot/sql/init/AbstractScriptDatabaseInitializer$Scripts
instanceKlass org/springframework/boot/sql/init/DatabaseInitializationSettings
instanceKlass org/springframework/boot/autoconfigure/sql/init/SettingsCreator
# instanceKlass java/lang/invoke/LambdaForm$MH+0x00000210bf4a9000
# instanceKlass java/lang/invoke/LambdaForm$MH+0x00000210bf4a8c00
instanceKlass sun/invoke/util/VerifyAccess$1
instanceKlass java/sql/ShardingKeyBuilder
instanceKlass java/sql/ConnectionBuilder
instanceKlass com/zaxxer/hikari/metrics/MetricsTrackerFactory
instanceKlass com/zaxxer/hikari/pool/PoolBase
instanceKlass com/zaxxer/hikari/util/ConcurrentBag$IBagStateListener
instanceKlass java/sql/DriverInfo
instanceKlass java/sql/DriverManager
instanceKlass org/postgresql/util/LazyCleaner$CleaningAction
instanceKlass org/postgresql/util/SharedTimer
instanceKlass java/sql/Connection
instanceKlass  @bci org/springframework/boot/jdbc/DataSourceBuilder$MappedDataSourceProperties getMapping (Lorg/springframework/boot/jdbc/DataSourceBuilder$DataSourceProperty;)Lorg/springframework/boot/jdbc/DataSourceBuilder$MappedDataSourceProperty; 31 <appendix> member <vmtarget> ; # org/springframework/boot/jdbc/DataSourceBuilder$MappedDataSourceProperties$$Lambda+0x00000210bf4a77d8
instanceKlass com/zaxxer/hikari/HikariPoolMXBean
instanceKlass  @bci org/springframework/boot/autoconfigure/jdbc/DataSourceProperties findDriverClassName ()Ljava/lang/String; 15 <appendix> member <vmtarget> ; # org/springframework/boot/autoconfigure/jdbc/DataSourceProperties$$Lambda+0x00000210bf4a7150
instanceKlass org/postgresql/Driver
instanceKlass java/sql/Driver
instanceKlass org/springframework/boot/autoconfigure/jdbc/DataSourceConfiguration
# instanceKlass java/lang/invoke/LambdaForm$MH+0x00000210bf4a8800
# instanceKlass java/lang/invoke/LambdaForm$MH+0x00000210bf4a8400
# instanceKlass java/lang/invoke/LambdaForm$MH+0x00000210bf4a8000
instanceKlass org/springframework/boot/jdbc/EmbeddedDatabaseConnection$1
instanceKlass org/springframework/jdbc/core/ConnectionCallback
instanceKlass  @bci org/springframework/boot/context/properties/bind/PropertySourcesPlaceholdersResolver resolvePlaceholders (Ljava/lang/Object;)Ljava/lang/Object; 18 <appendix> member <vmtarget> ; # org/springframework/boot/context/properties/bind/PropertySourcesPlaceholdersResolver$$Lambda+0x00000210bf4a2280
instanceKlass org/springframework/beans/factory/BeanFactoryInitializer
instanceKlass org/springframework/boot/web/servlet/context/WebServerStartStopLifecycle
instanceKlass org/springframework/boot/web/context/WebServerGracefulShutdownLifecycle
instanceKlass org/apache/naming/ContextAccessController
instanceKlass org/apache/naming/StringManager
instanceKlass org/apache/naming/ContextBindings
instanceKlass  @bci org/apache/catalina/core/StandardServer startPeriodicLifecycleEvent ()V 76 <appendix> member <vmtarget> ; # org/apache/catalina/core/StandardServer$$Lambda+0x00000210bf4a1090
instanceKlass java/util/concurrent/ForkJoinPool$2
instanceKlass jdk/internal/access/JavaUtilConcurrentFJPAccess
instanceKlass java/util/concurrent/ForkJoinPool$DefaultForkJoinWorkerThreadFactory
instanceKlass java/util/concurrent/ForkJoinPool$WorkQueue
instanceKlass java/util/concurrent/ForkJoinPool$ForkJoinWorkerThreadFactory
instanceKlass  @bci org/apache/catalina/core/StandardServer startInternal ()V 108 <appendix> member <vmtarget> ; # org/apache/catalina/core/StandardServer$$Lambda+0x00000210bf4a0e68
instanceKlass org/apache/catalina/mapper/WrapperMappingInfo
instanceKlass org/apache/catalina/core/ContainerBase$ContainerBackgroundProcessor
instanceKlass org/apache/catalina/mapper/Mapper$ContextList
instanceKlass org/apache/tomcat/util/threads/Constants
instanceKlass org/apache/tomcat/util/threads/TaskThread$WrappingRunnable
instanceKlass java/util/concurrent/Executors$RunnableAdapter
instanceKlass org/apache/catalina/core/ContainerBase$ContainerBackgroundProcessorMonitor
instanceKlass  @bci org/springframework/boot/web/embedded/tomcat/TomcatWebServer removeServiceConnectors ()V 2 <appendix> member <vmtarget> ; # org/springframework/boot/web/embedded/tomcat/TomcatWebServer$$Lambda+0x00000210bf49f608
instanceKlass  @bci org/apache/catalina/core/ApplicationFilterConfig registerJMX ()V 139 <appendix> form vmentry <vmtarget> ; # java/lang/invoke/LambdaForm$MH+0x00000210bf49dc00
# instanceKlass java/lang/invoke/LambdaForm$MH+0x00000210bf49d800
# instanceKlass java/lang/invoke/LambdaForm$MH+0x00000210bf49d400
# instanceKlass java/lang/invoke/LambdaForm$MH+0x00000210bf49d000
# instanceKlass java/lang/invoke/LambdaForm$MH+0x00000210bf49cc00
# instanceKlass java/lang/invoke/LambdaForm$MH+0x00000210bf49c800
# instanceKlass java/lang/invoke/LambdaForm$MH+0x00000210bf49c400
instanceKlass jdk/internal/vm/annotation/IntrinsicCandidate
instanceKlass org/apache/catalina/util/Introspection
instanceKlass org/apache/catalina/core/ApplicationFilterConfig
instanceKlass jakarta/servlet/HttpConstraintElement
instanceKlass org/apache/catalina/core/StandardContext$NoPluggabilityServletContext
instanceKlass org/apache/tomcat/websocket/server/WsContextListener
instanceKlass org/apache/tomcat/websocket/server/WsSessionListener
instanceKlass jakarta/servlet/GenericFilter
instanceKlass  @bci java/util/Comparator comparingLong (Ljava/util/function/ToLongFunction;)Ljava/util/Comparator; 6 <appendix> member <vmtarget> ; # java/util/Comparator$$Lambda+0x00000210bf276cc8
instanceKlass  @bci org/apache/tomcat/websocket/server/WsWriteTimeout <init> ()V 9 <appendix> argL0 ; # org/apache/tomcat/websocket/server/WsWriteTimeout$$Lambda+0x00000210bf49b1b0
instanceKlass  @cpi com/netflix/discovery/shared/transport/decorator/SessionedEurekaHttpClient 101 form vmentry <vmtarget> ; # java/lang/invoke/LambdaForm$DMH+0x00000210bf49c000
instanceKlass java/nio/channels/CompletionHandler
instanceKlass jakarta/websocket/SendHandler
instanceKlass org/apache/tomcat/websocket/server/WsWriteTimeout
instanceKlass org/apache/tomcat/websocket/WsExtension
instanceKlass jakarta/websocket/Extension
instanceKlass org/apache/tomcat/websocket/Constants
instanceKlass jakarta/websocket/CloseReason
instanceKlass jakarta/websocket/CloseReason$CloseCode
instanceKlass jakarta/websocket/HandshakeResponse
instanceKlass org/apache/tomcat/websocket/ClientEndpointHolder
instanceKlass jakarta/websocket/Session
instanceKlass jakarta/websocket/EndpointConfig
instanceKlass org/apache/tomcat/websocket/WsRemoteEndpointImplBase
instanceKlass jakarta/websocket/RemoteEndpoint
instanceKlass org/apache/tomcat/websocket/AsyncChannelWrapper
instanceKlass org/apache/tomcat/websocket/WsWebSocketContainer
instanceKlass org/apache/tomcat/websocket/BackgroundProcess
instanceKlass org/apache/catalina/core/ApplicationServletRegistration
instanceKlass org/apache/tomcat/util/modeler/Util
instanceKlass org/apache/catalina/core/StandardWrapperFacade
instanceKlass org/apache/catalina/core/ApplicationFilterRegistration
instanceKlass org/apache/tomcat/util/descriptor/web/Constants
instanceKlass  @bci org/springframework/boot/web/servlet/ServletContextInitializerBeans <init> (Lorg/springframework/beans/factory/ListableBeanFactory;[Ljava/lang/Class;)V 72 <appendix> argL0 ; # org/springframework/boot/web/servlet/ServletContextInitializerBeans$$Lambda+0x00000210bf492a20
instanceKlass org/springframework/boot/web/servlet/ServletContextInitializerBeans$ServletListenerRegistrationBeanAdapter
instanceKlass jakarta/servlet/ServletContextListener
instanceKlass jakarta/servlet/http/HttpSessionListener
instanceKlass jakarta/servlet/http/HttpSessionIdListener
instanceKlass jakarta/servlet/http/HttpSessionAttributeListener
instanceKlass jakarta/servlet/ServletRequestAttributeListener
instanceKlass jakarta/servlet/ServletContextAttributeListener
instanceKlass org/apache/catalina/loader/WebappClassLoaderBase$CombinedEnumeration
instanceKlass org/springframework/http/HttpInputMessage
instanceKlass jakarta/servlet/FilterConfig
instanceKlass jakarta/servlet/FilterChain
instanceKlass org/springframework/boot/web/servlet/ServletContextInitializerBeans$FilterRegistrationBeanAdapter
instanceKlass org/springframework/boot/web/servlet/ServletContextInitializerBeans$ServletRegistrationBeanAdapter
instanceKlass  @bci org/springframework/boot/web/servlet/ServletContextInitializerBeans$Seen add (Ljava/lang/Class;Ljava/lang/Object;)Z 16 <appendix> argL0 ; # org/springframework/boot/web/servlet/ServletContextInitializerBeans$Seen$$Lambda+0x00000210bf496368
instanceKlass  @bci org/springframework/boot/web/servlet/ServletContextInitializerBeans getOrderedBeansOfType (Lorg/springframework/beans/factory/ListableBeanFactory;Ljava/lang/Class;Lorg/springframework/boot/web/servlet/ServletContextInitializerBeans$Seen;)Ljava/util/List; 121 <appendix> argL0 ; # org/springframework/boot/web/servlet/ServletContextInitializerBeans$$Lambda+0x00000210bf4960d0
instanceKlass  @bci org/springframework/boot/autoconfigure/security/servlet/SecurityFilterAutoConfiguration getDispatcherTypes (Lorg/springframework/boot/autoconfigure/security/SecurityProperties;)Ljava/util/EnumSet; 34 <appendix> argL0 ; # org/springframework/boot/autoconfigure/security/servlet/SecurityFilterAutoConfiguration$$Lambda+0x00000210bf495cb8
instanceKlass  @bci org/springframework/boot/autoconfigure/security/servlet/SecurityFilterAutoConfiguration getDispatcherTypes (Lorg/springframework/boot/autoconfigure/security/SecurityProperties;)Ljava/util/EnumSet; 24 <appendix> argL0 ; # org/springframework/boot/autoconfigure/security/servlet/SecurityFilterAutoConfiguration$$Lambda+0x00000210bf495a78
instanceKlass java/util/UUID$Holder
instanceKlass org/springframework/boot/web/servlet/ServletContextInitializerBeans$Seen
instanceKlass org/springframework/boot/web/servlet/ServletContextInitializerBeans$RegistrationBeanAdapter
instanceKlass org/springframework/web/context/support/ServletContextScope
instanceKlass  @bci org/springframework/security/web/header/writers/HstsHeaderWriter updateHstsHeaderValue ()V 4 <appendix> form vmentry <vmtarget> ; # java/lang/invoke/LambdaForm$MH+0x00000210bf490c00
instanceKlass  @bci org/springframework/security/web/header/writers/HstsHeaderWriter updateHstsHeaderValue ()V 4 <appendix> argL3 form vmentry <vmtarget> ; # java/lang/invoke/LambdaForm$MH+0x00000210bf490800
# instanceKlass java/lang/invoke/LambdaForm$MH+0x00000210bf490400
# instanceKlass java/lang/invoke/LambdaForm$MH+0x00000210bf490000
# instanceKlass java/lang/invoke/LambdaForm$MH+0x00000210bf489400
instanceKlass  @bci org/springframework/boot/web/servlet/server/AbstractServletWebServerFactory$SessionConfiguringInitializer configureSessionCookie (Ljakarta/servlet/SessionCookieConfig;)V 221 <appendix> member <vmtarget> ; # org/springframework/boot/web/servlet/server/AbstractServletWebServerFactory$SessionConfiguringInitializer$$Lambda+0x00000210bf489800
instanceKlass  @bci org/springframework/boot/web/servlet/server/AbstractServletWebServerFactory$SessionConfiguringInitializer configureSessionCookie (Ljakarta/servlet/SessionCookieConfig;)V 212 <appendix> argL0 ; # org/springframework/boot/web/servlet/server/AbstractServletWebServerFactory$SessionConfiguringInitializer$$Lambda+0x00000210bf48bc80
instanceKlass  @bci org/springframework/boot/web/servlet/server/AbstractServletWebServerFactory$SessionConfiguringInitializer configureSessionCookie (Ljakarta/servlet/SessionCookieConfig;)V 204 <appendix> member <vmtarget> ; # org/springframework/boot/web/servlet/server/AbstractServletWebServerFactory$SessionConfiguringInitializer$$Lambda+0x00000210bf48ba58
instanceKlass  @bci org/springframework/boot/web/servlet/server/AbstractServletWebServerFactory$SessionConfiguringInitializer configureSessionCookie (Ljakarta/servlet/SessionCookieConfig;)V 189 <appendix> member <vmtarget> ; # org/springframework/boot/web/servlet/server/AbstractServletWebServerFactory$SessionConfiguringInitializer$$Lambda+0x00000210bf48b820
instanceKlass  @bci org/springframework/boot/web/servlet/server/AbstractServletWebServerFactory$SessionConfiguringInitializer configureSessionCookie (Ljakarta/servlet/SessionCookieConfig;)V 175 <appendix> argL0 ; # org/springframework/boot/web/servlet/server/AbstractServletWebServerFactory$SessionConfiguringInitializer$$Lambda+0x00000210bf48b5e0
instanceKlass  @bci org/springframework/boot/web/servlet/server/AbstractServletWebServerFactory$SessionConfiguringInitializer configureSessionCookie (Ljakarta/servlet/SessionCookieConfig;)V 167 <appendix> member <vmtarget> ; # org/springframework/boot/web/servlet/server/AbstractServletWebServerFactory$SessionConfiguringInitializer$$Lambda+0x00000210bf48b3b8
instanceKlass  @bci org/springframework/boot/web/servlet/server/AbstractServletWebServerFactory$SessionConfiguringInitializer configureSessionCookie (Ljakarta/servlet/SessionCookieConfig;)V 152 <appendix> member <vmtarget> ; # org/springframework/boot/web/servlet/server/AbstractServletWebServerFactory$SessionConfiguringInitializer$$Lambda+0x00000210bf48b180
instanceKlass  @bci org/springframework/boot/web/servlet/server/AbstractServletWebServerFactory$SessionConfiguringInitializer configureSessionCookie (Ljakarta/servlet/SessionCookieConfig;)V 138 <appendix> member <vmtarget> ; # org/springframework/boot/web/servlet/server/AbstractServletWebServerFactory$SessionConfiguringInitializer$$Lambda+0x00000210bf48af58
instanceKlass  @bci org/springframework/boot/web/servlet/server/AbstractServletWebServerFactory$SessionConfiguringInitializer configureSessionCookie (Ljakarta/servlet/SessionCookieConfig;)V 123 <appendix> member <vmtarget> ; # org/springframework/boot/web/servlet/server/AbstractServletWebServerFactory$SessionConfiguringInitializer$$Lambda+0x00000210bf48ad20
instanceKlass  @bci org/springframework/boot/web/servlet/server/AbstractServletWebServerFactory$SessionConfiguringInitializer configureSessionCookie (Ljakarta/servlet/SessionCookieConfig;)V 109 <appendix> member <vmtarget> ; # org/springframework/boot/web/servlet/server/AbstractServletWebServerFactory$SessionConfiguringInitializer$$Lambda+0x00000210bf48aaf8
instanceKlass  @bci org/springframework/boot/web/servlet/server/AbstractServletWebServerFactory$SessionConfiguringInitializer configureSessionCookie (Ljakarta/servlet/SessionCookieConfig;)V 94 <appendix> member <vmtarget> ; # org/springframework/boot/web/servlet/server/AbstractServletWebServerFactory$SessionConfiguringInitializer$$Lambda+0x00000210bf48a8c0
instanceKlass  @bci org/springframework/boot/web/servlet/server/AbstractServletWebServerFactory$SessionConfiguringInitializer configureSessionCookie (Ljakarta/servlet/SessionCookieConfig;)V 80 <appendix> member <vmtarget> ; # org/springframework/boot/web/servlet/server/AbstractServletWebServerFactory$SessionConfiguringInitializer$$Lambda+0x00000210bf48a698
instanceKlass  @bci org/springframework/boot/web/servlet/server/AbstractServletWebServerFactory$SessionConfiguringInitializer configureSessionCookie (Ljakarta/servlet/SessionCookieConfig;)V 65 <appendix> member <vmtarget> ; # org/springframework/boot/web/servlet/server/AbstractServletWebServerFactory$SessionConfiguringInitializer$$Lambda+0x00000210bf48a460
instanceKlass  @bci org/springframework/boot/web/servlet/server/AbstractServletWebServerFactory$SessionConfiguringInitializer configureSessionCookie (Ljakarta/servlet/SessionCookieConfig;)V 51 <appendix> member <vmtarget> ; # org/springframework/boot/web/servlet/server/AbstractServletWebServerFactory$SessionConfiguringInitializer$$Lambda+0x00000210bf48a238
instanceKlass  @bci org/springframework/boot/web/servlet/server/AbstractServletWebServerFactory$SessionConfiguringInitializer configureSessionCookie (Ljakarta/servlet/SessionCookieConfig;)V 36 <appendix> member <vmtarget> ; # org/springframework/boot/web/servlet/server/AbstractServletWebServerFactory$SessionConfiguringInitializer$$Lambda+0x00000210bf48a000
instanceKlass  @bci org/springframework/boot/web/servlet/server/AbstractServletWebServerFactory$SessionConfiguringInitializer configureSessionCookie (Ljakarta/servlet/SessionCookieConfig;)V 22 <appendix> member <vmtarget> ; # org/springframework/boot/web/servlet/server/AbstractServletWebServerFactory$SessionConfiguringInitializer$$Lambda+0x00000210bf48fc28
instanceKlass  @bci org/springframework/boot/web/servlet/server/AbstractServletWebServerFactory lambda$mergeInitializers$1 (Ljakarta/servlet/ServletContext;)V 10 <appendix> member <vmtarget> ; # org/springframework/boot/web/servlet/server/AbstractServletWebServerFactory$$Lambda+0x00000210bf48f9f0
instanceKlass  @cpi org/springframework/boot/web/servlet/server/AbstractServletWebServerFactory 395 form vmentry <vmtarget> ; # java/lang/invoke/LambdaForm$DMH+0x00000210bf489000
instanceKlass org/apache/tomcat/InstanceManagerBindings
instanceKlass org/apache/catalina/core/DefaultInstanceManager$AnnotationCacheEntry
instanceKlass org/apache/catalina/core/DefaultInstanceManager
instanceKlass org/apache/catalina/Session
instanceKlass org/apache/tomcat/util/descriptor/web/FilterDef
instanceKlass org/apache/catalina/startup/WebAnnotationSet
instanceKlass  @bci org/apache/catalina/loader/WebappLoader startInternal ()V 206 <appendix> form vmentry <vmtarget> ; # java/lang/invoke/LambdaForm$MH+0x00000210bf488c00
# instanceKlass java/lang/invoke/LambdaForm$MH+0x00000210bf488800
instanceKlass  @bci org/apache/catalina/loader/WebappLoader startInternal ()V 206 <appendix> argL3 form vmentry <vmtarget> ; # java/lang/invoke/LambdaForm$MH+0x00000210bf488400
# instanceKlass java/lang/invoke/LambdaForm$MH+0x00000210bf488000
# instanceKlass java/lang/invoke/LambdaForm$MH+0x00000210bf481c00
# instanceKlass java/lang/invoke/LambdaForm$MH+0x00000210bf481800
instanceKlass org/apache/catalina/webresources/EmptyResource
instanceKlass org/apache/tomcat/util/compat/JrePlatform
instanceKlass org/apache/catalina/webresources/CachedResource
instanceKlass org/apache/catalina/security/SecurityUtil
instanceKlass org/apache/tomcat/util/http/RequestUtil
instanceKlass org/apache/catalina/WebResourceLockSet
instanceKlass org/apache/catalina/webresources/TomcatURLStreamHandlerFactory
# instanceKlass java/lang/invoke/LambdaForm$MH+0x00000210bf481400
instanceKlass org/apache/catalina/core/ApplicationSessionCookieConfig
instanceKlass org/apache/catalina/core/ApplicationContextFacade
instanceKlass jakarta/servlet/SessionCookieConfig
instanceKlass jakarta/servlet/FilterRegistration$Dynamic
instanceKlass jakarta/servlet/FilterRegistration
instanceKlass jakarta/servlet/RequestDispatcher
instanceKlass org/apache/catalina/core/ApplicationContext
instanceKlass org/apache/catalina/util/ContextName
instanceKlass  @bci org/springframework/boot/web/servlet/server/StaticResourceJars getUrls ()Ljava/util/List; 58 <appendix> argL0 ; # org/springframework/boot/web/servlet/server/StaticResourceJars$$Lambda+0x00000210bf484248
instanceKlass  @bci org/springframework/boot/web/servlet/server/StaticResourceJars getUrls ()Ljava/util/List; 48 <appendix> member <vmtarget> ; # org/springframework/boot/web/servlet/server/StaticResourceJars$$Lambda+0x00000210bf484000
instanceKlass  @bci sun/management/spi/PlatformMBeanProvider$PlatformComponent getMBeans (Ljava/lang/Class;)Ljava/util/List; 63 <appendix> member <vmtarget> ; # sun/management/spi/PlatformMBeanProvider$PlatformComponent$$Lambda+0x00000210bf2761b8
instanceKlass  @bci sun/management/spi/PlatformMBeanProvider$PlatformComponent getMBeans (Ljava/lang/Class;)Ljava/util/List; 47 <appendix> member <vmtarget> ; # sun/management/spi/PlatformMBeanProvider$PlatformComponent$$Lambda+0x00000210bf275f60
instanceKlass java/util/Collections$2
instanceKlass sun/management/RuntimeImpl
instanceKlass java/util/stream/ReduceOps$2ReducingSink
instanceKlass  @bci java/lang/management/ManagementFactory$PlatformMBeanFinder findSingleton (Ljava/lang/Class;)Lsun/management/spi/PlatformMBeanProvider$PlatformComponent; 30 <appendix> member <vmtarget> ; # java/lang/management/ManagementFactory$PlatformMBeanFinder$$Lambda+0x00000210bf275170
instanceKlass  @bci java/lang/management/ManagementFactory$PlatformMBeanFinder findSingleton (Ljava/lang/Class;)Lsun/management/spi/PlatformMBeanProvider$PlatformComponent; 19 <appendix> member <vmtarget> ; # java/lang/management/ManagementFactory$PlatformMBeanFinder$$Lambda+0x00000210bf274f18
instanceKlass jdk/management/jfr/internal/FlightRecorderMXBeanProvider$SingleMBeanComponent
instanceKlass jdk/management/jfr/FlightRecorderMXBean
instanceKlass java/lang/management/DefaultPlatformMBeanProvider$11
instanceKlass java/lang/management/DefaultPlatformMBeanProvider$10
instanceKlass java/lang/management/DefaultPlatformMBeanProvider$9
instanceKlass sun/management/ManagementFactoryHelper$LoggingMXBeanAccess$1
instanceKlass sun/management/ManagementFactoryHelper$LoggingMXBeanAccess
instanceKlass java/lang/management/DefaultPlatformMBeanProvider$8
instanceKlass java/lang/management/DefaultPlatformMBeanProvider$7
instanceKlass java/lang/management/DefaultPlatformMBeanProvider$6
instanceKlass java/lang/management/DefaultPlatformMBeanProvider$5
instanceKlass java/lang/management/DefaultPlatformMBeanProvider$4
instanceKlass java/lang/management/DefaultPlatformMBeanProvider$3
instanceKlass java/lang/management/DefaultPlatformMBeanProvider$2
instanceKlass java/lang/management/DefaultPlatformMBeanProvider$1
instanceKlass com/sun/management/internal/PlatformMBeanProviderImpl$5
instanceKlass sun/management/VMManagementImpl
instanceKlass sun/management/VMManagement
instanceKlass sun/management/ManagementFactoryHelper
instanceKlass sun/management/NotificationEmitterSupport
instanceKlass com/sun/management/DiagnosticCommandMBean
instanceKlass com/sun/management/internal/PlatformMBeanProviderImpl$4
instanceKlass com/sun/management/internal/PlatformMBeanProviderImpl$3
instanceKlass com/sun/management/internal/PlatformMBeanProviderImpl$2
instanceKlass com/sun/management/internal/PlatformMBeanProviderImpl$1
instanceKlass sun/management/spi/PlatformMBeanProvider$PlatformComponent
instanceKlass  @bci com/sun/management/internal/PlatformMBeanProviderImpl <clinit> ()V 8 <appendix> argL0 ; # com/sun/management/internal/PlatformMBeanProviderImpl$$Lambda+0x00000210bf270610
instanceKlass sun/management/spi/PlatformMBeanProvider
instanceKlass java/lang/management/ManagementFactory$PlatformMBeanFinder$1
instanceKlass java/lang/management/ManagementFactory$PlatformMBeanFinder
instanceKlass java/lang/management/RuntimeMXBean
instanceKlass java/lang/management/PlatformManagedObject
instanceKlass  @bci java/lang/management/ManagementFactory loadNativeLib ()V 0 <appendix> argL0 ; # java/lang/management/ManagementFactory$$Lambda+0x00000210bf26f580
instanceKlass java/lang/management/ManagementFactory
instanceKlass org/apache/catalina/core/ContainerBase$StartChild
instanceKlass org/apache/catalina/realm/X509SubjectDnRetriever
instanceKlass java/util/logging/LogRecord
instanceKlass org/apache/tomcat/util/threads/ScheduledThreadPoolExecutor
instanceKlass java/util/concurrent/RunnableScheduledFuture
instanceKlass java/util/concurrent/ScheduledFuture
instanceKlass java/util/concurrent/Delayed
instanceKlass org/apache/tomcat/util/threads/TaskThreadFactory
instanceKlass org/apache/tomcat/util/buf/StringUtils
instanceKlass org/apache/catalina/util/ServerInfo
instanceKlass org/apache/catalina/connector/CoyoteAdapter
instanceKlass org/apache/catalina/Executor
instanceKlass org/apache/catalina/mbeans/MBeanUtils
instanceKlass org/apache/catalina/mbeans/MBeanFactory
instanceKlass org/apache/tomcat/util/buf/StringCache
instanceKlass com/sun/jmx/mbeanserver/Util
instanceKlass javax/management/ObjectName$Property
instanceKlass com/sun/jmx/mbeanserver/GetPropertyAction
instanceKlass org/apache/tomcat/util/net/SocketWrapperBase
instanceKlass org/apache/tomcat/util/net/SSLImplementation
# instanceKlass java/lang/invoke/LambdaForm$MH+0x00000210bf481000
# instanceKlass java/lang/invoke/LambdaForm$MH+0x00000210bf480c00
# instanceKlass java/lang/invoke/LambdaForm$MH+0x00000210bf480800
# instanceKlass java/lang/invoke/LambdaForm$BMH+0x00000210bf480400
# instanceKlass java/lang/invoke/LambdaForm$DMH+0x00000210bf480000
instanceKlass  @bci org/springframework/boot/web/embedded/tomcat/TomcatWebServer disableBindOnInit ()V 1 <appendix> argL0 ; # org/springframework/boot/web/embedded/tomcat/TomcatWebServer$$Lambda+0x00000210bf47cba8
instanceKlass  @bci org/springframework/boot/web/embedded/tomcat/TomcatWebServer initialize ()V 37 <appendix> member <vmtarget> ; # org/springframework/boot/web/embedded/tomcat/TomcatWebServer$$Lambda+0x00000210bf47c980
instanceKlass org/springframework/boot/web/embedded/tomcat/GracefulShutdown
instanceKlass  @bci org/springframework/boot/autoconfigure/web/embedded/TomcatWebServerFactoryCustomizer lambda$customizeStaticResources$27 (Lorg/springframework/boot/autoconfigure/web/ServerProperties$Tomcat$Resource;Lorg/apache/catalina/Context;)V 3 <appendix> member <vmtarget> ; # org/springframework/boot/autoconfigure/web/embedded/TomcatWebServerFactoryCustomizer$$Lambda+0x00000210bf47b8a8
instanceKlass org/springframework/boot/web/embedded/tomcat/DisableReferenceClearingContextCustomizer
instanceKlass org/springframework/boot/web/embedded/tomcat/TomcatServletWebServerFactory$DisablePersistSessionListener
instanceKlass org/apache/tomcat/util/buf/UDecoder
instanceKlass org/springframework/boot/web/embedded/tomcat/TomcatStarter
instanceKlass org/apache/catalina/core/StandardHost$MemoryLeakTrackingListener
instanceKlass org/springframework/boot/web/servlet/server/AbstractServletWebServerFactory$SessionConfiguringInitializer
instanceKlass  @bci org/springframework/boot/web/servlet/server/AbstractServletWebServerFactory mergeInitializers ([Lorg/springframework/boot/web/servlet/ServletContextInitializer;)[Lorg/springframework/boot/web/servlet/ServletContextInitializer; 10 <appendix> member <vmtarget> ; # org/springframework/boot/web/servlet/server/AbstractServletWebServerFactory$$Lambda+0x00000210bf47a270
instanceKlass org/springframework/boot/web/embedded/tomcat/TomcatServletWebServerFactory$StaticResourceConfigurer
instanceKlass org/apache/tomcat/util/collections/ConcurrentLruCache
instanceKlass org/apache/tomcat/util/scan/StandardJarScanner
instanceKlass org/apache/tomcat/util/scan/StandardJarScanFilter
instanceKlass  @bci org/springframework/boot/web/embedded/tomcat/TomcatServletWebServerFactory prepareContext (Lorg/apache/catalina/Host;[Lorg/springframework/boot/web/servlet/ServletContextInitializer;)V 171 <appendix> member <vmtarget> ; # org/springframework/boot/web/embedded/tomcat/TomcatServletWebServerFactory$$Lambda+0x00000210bf478d00
instanceKlass  @bci org/springframework/boot/web/embedded/tomcat/TomcatServletWebServerFactory addLocaleMappings (Lorg/springframework/boot/web/embedded/tomcat/TomcatEmbeddedContext;)V 5 <appendix> member <vmtarget> ; # org/springframework/boot/web/embedded/tomcat/TomcatServletWebServerFactory$$Lambda+0x00000210bf478ac8
instanceKlass org/apache/catalina/util/CharsetMapper
instanceKlass org/apache/catalina/startup/Tomcat$FixContextListener
instanceKlass org/apache/catalina/util/URLEncoder
instanceKlass  @bci org/springframework/boot/web/embedded/tomcat/TomcatServletWebServerFactory prepareContext (Lorg/apache/catalina/Host;[Lorg/springframework/boot/web/servlet/ServletContextInitializer;)V 44 <appendix> member <vmtarget> ; # org/springframework/boot/web/embedded/tomcat/TomcatServletWebServerFactory$$Lambda+0x00000210bf478248
instanceKlass org/apache/catalina/WebResource
instanceKlass org/apache/catalina/webresources/Cache
instanceKlass org/apache/catalina/WebResourceSet
instanceKlass com/sun/jmx/remote/util/ClassLogger
instanceKlass javax/management/NotificationBroadcasterSupport$1
instanceKlass javax/management/NotificationBroadcasterSupport
instanceKlass org/apache/catalina/core/StandardContext$ContextFilterMaps
instanceKlass org/apache/catalina/util/ErrorPageSupport
instanceKlass org/apache/tomcat/util/descriptor/web/XmlEncodingBase
instanceKlass org/apache/tomcat/util/descriptor/web/ApplicationParameter
instanceKlass org/apache/catalina/core/StandardContext$1
instanceKlass org/apache/tomcat/InstanceManager
instanceKlass org/apache/catalina/ThreadBindingListener
instanceKlass org/apache/tomcat/JarScanner
instanceKlass org/apache/catalina/Globals
instanceKlass org/apache/catalina/realm/RealmBase$AllRolesMode
instanceKlass org/apache/catalina/realm/DigestCredentialHandlerBase
instanceKlass org/apache/catalina/realm/X509UsernameRetriever
instanceKlass org/apache/catalina/CredentialHandler
instanceKlass org/apache/catalina/Pipeline
instanceKlass org/apache/catalina/AccessLog
instanceKlass org/apache/tomcat/util/threads/LimitLatch
instanceKlass org/springframework/boot/web/embedded/tomcat/CompressionConnectorCustomizer
instanceKlass org/apache/tomcat/util/buf/CharsetUtil
instanceKlass org/apache/tomcat/util/buf/CharsetCache
instanceKlass org/apache/tomcat/util/buf/B2CConverter
instanceKlass  @bci org/springframework/boot/web/embedded/tomcat/TomcatServletWebServerFactory invokeProtocolHandlerCustomizers (Lorg/apache/coyote/ProtocolHandler;)V 16 <appendix> member <vmtarget> ; # org/springframework/boot/web/embedded/tomcat/TomcatServletWebServerFactory$$Lambda+0x00000210bf46e4b0
# instanceKlass java/lang/invoke/LambdaForm$MH+0x00000210bf470800
# instanceKlass java/lang/invoke/LambdaForm$MH+0x00000210bf470400
# instanceKlass java/lang/invoke/LambdaForm$MH+0x00000210bf470000
instanceKlass org/apache/tomcat/util/http/parser/HttpParser
instanceKlass javax/management/ObjectName
instanceKlass javax/management/QueryExp
instanceKlass org/apache/coyote/Response
instanceKlass org/apache/coyote/Request
instanceKlass org/apache/tomcat/util/net/SSLHostConfig
instanceKlass org/apache/tomcat/util/XReflectionIntrospectionUtils
instanceKlass org/apache/tomcat/util/IntrospectionUtils
instanceKlass org/apache/catalina/ContainerListener
instanceKlass org/apache/catalina/mapper/Mapper$MapElement
instanceKlass org/apache/catalina/mapper/Mapper
instanceKlass org/apache/tomcat/util/file/ConfigFileLoader
instanceKlass org/apache/tomcat/util/file/ConfigurationSource$1
instanceKlass org/apache/catalina/startup/CatalinaBaseConfigurationSource
instanceKlass org/apache/tomcat/util/descriptor/web/ResourceBase
instanceKlass org/apache/tomcat/util/descriptor/web/Injectable
instanceKlass org/apache/tomcat/util/descriptor/web/NamingResources
instanceKlass java/beans/PropertyChangeListener
instanceKlass java/beans/ChangeListenerMap
instanceKlass java/beans/PropertyChangeSupport
instanceKlass org/apache/coyote/CompressionConfig
instanceKlass org/apache/tomcat/util/collections/SynchronizedStack
instanceKlass javax/management/NotificationFilter
instanceKlass org/apache/tomcat/util/modeler/BaseModelMBean
instanceKlass javax/management/modelmbean/ModelMBeanNotificationBroadcaster
instanceKlass org/apache/coyote/AbstractProtocol$ConnectionHandler
instanceKlass org/apache/tomcat/util/net/SocketProperties
instanceKlass org/apache/tomcat/util/net/NioChannel
instanceKlass org/apache/tomcat/util/net/SocketProcessorBase
instanceKlass org/apache/tomcat/util/net/AbstractEndpoint
instanceKlass org/apache/coyote/Adapter
instanceKlass java/io/DeleteOnExitHook$1
instanceKlass java/io/DeleteOnExitHook
instanceKlass sun/nio/fs/WindowsPath$1
instanceKlass sun/security/provider/AbstractDrbg$NonceProvider
instanceKlass  @bci sun/security/provider/AbstractDrbg$SeederHolder <clinit> ()V 42 <appendix> member <vmtarget> ; # sun/security/provider/AbstractDrbg$SeederHolder$$Lambda+0x00000210bf267cb0
instanceKlass  @cpi sun/security/provider/AbstractDrbg$SeederHolder 91 form vmentry <vmtarget> ; # java/lang/invoke/LambdaForm$DMH+0x00000210bf461c00
# instanceKlass java/lang/invoke/LambdaForm$DMH+0x00000210bf461800
instanceKlass sun/security/provider/SeedGenerator$1
instanceKlass sun/security/provider/SeedGenerator
instanceKlass sun/security/provider/AbstractDrbg$SeederHolder
instanceKlass java/security/DrbgParameters$NextBytes
instanceKlass  @bci sun/security/provider/AbstractDrbg <clinit> ()V 12 <appendix> argL0 ; # sun/security/provider/AbstractDrbg$$Lambda+0x00000210bf266db0
instanceKlass  @cpi sun/security/provider/AbstractDrbg 383 form vmentry <vmtarget> ; # java/lang/invoke/LambdaForm$DMH+0x00000210bf461400
# instanceKlass java/lang/invoke/LambdaForm$DMH+0x00000210bf461000
instanceKlass sun/security/provider/EntropySource
instanceKlass sun/security/provider/AbstractDrbg
instanceKlass java/security/DrbgParameters$Instantiation
instanceKlass java/security/DrbgParameters
instanceKlass sun/security/provider/MoreDrbgParameters
instanceKlass  @bci sun/security/provider/DRBG <init> (Ljava/security/SecureRandomParameters;)V 26 <appendix> argL0 ; # sun/security/provider/DRBG$$Lambda+0x00000210bf265850
instanceKlass java/security/SecureRandomSpi
instanceKlass java/nio/file/TempFileHelper
instanceKlass org/apache/tomcat/util/ExceptionUtils
instanceKlass java/lang/Thread$Builder$OfVirtual
instanceKlass java/lang/Thread$Builder$OfPlatform
instanceKlass java/lang/Thread$Builder
instanceKlass javax/net/ssl/SSLParameters
instanceKlass java/net/ServerSocket
instanceKlass org/apache/tomcat/util/compat/JreCompat
instanceKlass org/apache/catalina/Service
instanceKlass org/apache/tomcat/util/file/ConfigurationSource
instanceKlass org/apache/catalina/Server
instanceKlass org/apache/catalina/Wrapper
instanceKlass org/apache/catalina/Realm
instanceKlass javax/management/MBeanFeatureInfo
instanceKlass javax/management/DescriptorRead
instanceKlass org/apache/tomcat/util/modeler/FeatureInfo
instanceKlass javax/management/DynamicMBean
instanceKlass org/apache/tomcat/util/modeler/NoDescriptorRegistry$NoJmxMBeanServer
instanceKlass org/apache/tomcat/util/modeler/ManagedBean
instanceKlass javax/management/MBeanServer
instanceKlass javax/management/MBeanServerConnection
instanceKlass org/apache/tomcat/util/modeler/Registry
instanceKlass org/apache/tomcat/util/modeler/RegistryMBean
instanceKlass  @bci org/springframework/boot/web/servlet/context/ServletWebServerApplicationContext getSelfInitializer ()Lorg/springframework/boot/web/servlet/ServletContextInitializer; 1 <appendix> member <vmtarget> ; # org/springframework/boot/web/servlet/context/ServletWebServerApplicationContext$$Lambda+0x00000210bf45db90
instanceKlass jakarta/servlet/ServletRegistration$Dynamic
instanceKlass  @bci org/springframework/boot/autoconfigure/web/servlet/MultipartProperties createMultipartConfig ()Ljakarta/servlet/MultipartConfigElement; 98 <appendix> member <vmtarget> ; # org/springframework/boot/autoconfigure/web/servlet/MultipartProperties$$Lambda+0x00000210bf45d758
instanceKlass  @bci org/springframework/boot/autoconfigure/web/servlet/MultipartProperties createMultipartConfig ()Ljakarta/servlet/MultipartConfigElement; 76 <appendix> member <vmtarget> ; # org/springframework/boot/autoconfigure/web/servlet/MultipartProperties$$Lambda+0x00000210bf45d520
instanceKlass  @bci org/springframework/boot/autoconfigure/web/servlet/MultipartProperties createMultipartConfig ()Ljakarta/servlet/MultipartConfigElement; 54 <appendix> member <vmtarget> ; # org/springframework/boot/autoconfigure/web/servlet/MultipartProperties$$Lambda+0x00000210bf45d2e8
instanceKlass  @bci org/springframework/boot/autoconfigure/web/servlet/MultipartProperties createMultipartConfig ()Ljakarta/servlet/MultipartConfigElement; 29 <appendix> member <vmtarget> ; # org/springframework/boot/autoconfigure/web/servlet/MultipartProperties$$Lambda+0x00000210bf45d0b0
instanceKlass org/springframework/boot/web/servlet/MultipartConfigFactory
instanceKlass  @bci org/springframework/boot/context/properties/bind/handler/NoUnboundElementsBindHandler collectUnbound (Lorg/springframework/boot/context/properties/source/ConfigurationPropertyName;Ljava/util/Set;Lorg/springframework/boot/context/properties/source/IterableConfigurationPropertySource;)V 3 <appendix> member <vmtarget> ; # org/springframework/boot/context/properties/bind/handler/NoUnboundElementsBindHandler$$Lambda+0x00000210bf45cc20
instanceKlass org/springframework/boot/context/properties/source/UnboundElementsSourceFilter
instanceKlass  @bci org/springframework/boot/autoconfigure/web/servlet/DispatcherServletAutoConfiguration$DispatcherServletRegistrationConfiguration dispatcherServletRegistration (Lorg/springframework/web/servlet/DispatcherServlet;Lorg/springframework/boot/autoconfigure/web/servlet/WebMvcProperties;Lorg/springframework/beans/factory/ObjectProvider;)Lorg/springframework/boot/autoconfigure/web/servlet/DispatcherServletRegistrationBean; 44 <appendix> member <vmtarget> ; # org/springframework/boot/autoconfigure/web/servlet/DispatcherServletAutoConfiguration$DispatcherServletRegistrationConfiguration$$Lambda+0x00000210bf45c528
instanceKlass jakarta/servlet/Registration$Dynamic
# instanceKlass java/lang/invoke/LambdaForm$MH+0x00000210bf460c00
# instanceKlass java/lang/invoke/LambdaForm$MH+0x00000210bf460800
# instanceKlass java/lang/invoke/LambdaForm$MH+0x00000210bf460400
# instanceKlass java/lang/invoke/LambdaForm$MH+0x00000210bf460000
instanceKlass org/springframework/web/context/request/async/WebAsyncManager
instanceKlass org/springframework/web/context/request/AbstractRequestAttributes
instanceKlass org/springframework/web/servlet/HandlerExecutionChain
instanceKlass org/springframework/web/servlet/ModelAndView
instanceKlass org/springframework/web/context/request/async/CallableProcessingInterceptor
instanceKlass org/springframework/context/i18n/LocaleContext
instanceKlass jakarta/servlet/AsyncListener
instanceKlass  @bci org/springframework/boot/autoconfigure/web/embedded/TomcatWebServerFactoryCustomizer customizeErrorReportValve (Lorg/springframework/boot/autoconfigure/web/ErrorProperties;Lorg/springframework/boot/web/embedded/tomcat/ConfigurableTomcatWebServerFactory;)V 17 <appendix> argL0 ; # org/springframework/boot/autoconfigure/web/embedded/TomcatWebServerFactoryCustomizer$$Lambda+0x00000210bf456530
instanceKlass  @bci org/springframework/boot/autoconfigure/web/embedded/TomcatWebServerFactoryCustomizer customizeStaticResources (Lorg/springframework/boot/web/embedded/tomcat/ConfigurableTomcatWebServerFactory;)V 19 <appendix> member <vmtarget> ; # org/springframework/boot/autoconfigure/web/embedded/TomcatWebServerFactoryCustomizer$$Lambda+0x00000210bf456308
instanceKlass  @bci org/springframework/boot/autoconfigure/web/embedded/TomcatWebServerFactoryCustomizer customize (Lorg/springframework/boot/web/embedded/tomcat/ConfigurableTomcatWebServerFactory;)V 713 <appendix> member <vmtarget> ; # org/springframework/boot/autoconfigure/web/embedded/TomcatWebServerFactoryCustomizer$$Lambda+0x00000210bf4560d0
instanceKlass  @bci org/springframework/boot/autoconfigure/web/embedded/TomcatWebServerFactoryCustomizer customize (Lorg/springframework/boot/web/embedded/tomcat/ConfigurableTomcatWebServerFactory;)V 700 <appendix> member <vmtarget> ; # org/springframework/boot/autoconfigure/web/embedded/TomcatWebServerFactoryCustomizer$$Lambda+0x00000210bf455e88
instanceKlass  @bci org/springframework/boot/autoconfigure/web/embedded/TomcatWebServerFactoryCustomizer customize (Lorg/springframework/boot/web/embedded/tomcat/ConfigurableTomcatWebServerFactory;)V 691 <appendix> member <vmtarget> ; # org/springframework/boot/autoconfigure/web/embedded/TomcatWebServerFactoryCustomizer$$Lambda+0x00000210bf455c60
instanceKlass  @bci java/util/stream/Collectors joining ()Ljava/util/stream/Collector; 19 <appendix> argL0 ; # java/util/stream/Collectors$$Lambda+0x00000210bf2617e8
instanceKlass  @bci java/util/stream/Collectors joining ()Ljava/util/stream/Collector; 14 <appendix> argL0 ; # java/util/stream/Collectors$$Lambda+0x00000210bf2615a0
instanceKlass  @bci java/util/stream/Collectors joining ()Ljava/util/stream/Collector; 9 <appendix> argL0 ; # java/util/stream/Collectors$$Lambda+0x00000210bf261370
instanceKlass  @bci java/util/stream/Collectors joining ()Ljava/util/stream/Collector; 4 <appendix> argL0 ; # java/util/stream/Collectors$$Lambda+0x00000210bf261150
instanceKlass  @bci org/springframework/boot/autoconfigure/web/embedded/TomcatWebServerFactoryCustomizer joinCharacters (Ljava/util/List;)Ljava/lang/String; 6 <appendix> argL0 ; # org/springframework/boot/autoconfigure/web/embedded/TomcatWebServerFactoryCustomizer$$Lambda+0x00000210bf455a20
instanceKlass  @bci org/springframework/boot/autoconfigure/web/embedded/TomcatWebServerFactoryCustomizer customize (Lorg/springframework/boot/web/embedded/tomcat/ConfigurableTomcatWebServerFactory;)V 676 <appendix> member <vmtarget> ; # org/springframework/boot/autoconfigure/web/embedded/TomcatWebServerFactoryCustomizer$$Lambda+0x00000210bf4557e8
instanceKlass  @bci org/springframework/boot/context/properties/PropertyMapper$Source whenHasText ()Lorg/springframework/boot/context/properties/PropertyMapper$Source; 1 <appendix> argL0 ; # org/springframework/boot/context/properties/PropertyMapper$Source$$Lambda+0x00000210bf455598
instanceKlass  @bci org/springframework/boot/autoconfigure/web/embedded/TomcatWebServerFactoryCustomizer customize (Lorg/springframework/boot/web/embedded/tomcat/ConfigurableTomcatWebServerFactory;)V 663 <appendix> member <vmtarget> ; # org/springframework/boot/autoconfigure/web/embedded/TomcatWebServerFactoryCustomizer$$Lambda+0x00000210bf455350
instanceKlass  @bci org/springframework/boot/autoconfigure/web/embedded/TomcatWebServerFactoryCustomizer customize (Lorg/springframework/boot/web/embedded/tomcat/ConfigurableTomcatWebServerFactory;)V 654 <appendix> member <vmtarget> ; # org/springframework/boot/autoconfigure/web/embedded/TomcatWebServerFactoryCustomizer$$Lambda+0x00000210bf455128
instanceKlass  @bci org/springframework/boot/autoconfigure/web/embedded/TomcatWebServerFactoryCustomizer customizeMaxKeepAliveRequests (Lorg/springframework/boot/web/embedded/tomcat/ConfigurableTomcatWebServerFactory;I)V 5 <appendix> argL0 ; # org/springframework/boot/autoconfigure/web/embedded/TomcatWebServerFactoryCustomizer$$Lambda+0x00000210bf454f08
instanceKlass  @bci org/springframework/boot/autoconfigure/web/embedded/TomcatWebServerFactoryCustomizer customize (Lorg/springframework/boot/web/embedded/tomcat/ConfigurableTomcatWebServerFactory;)V 639 <appendix> member <vmtarget> ; # org/springframework/boot/autoconfigure/web/embedded/TomcatWebServerFactoryCustomizer$$Lambda+0x00000210bf454cd0
instanceKlass  @bci org/springframework/boot/autoconfigure/web/embedded/TomcatWebServerFactoryCustomizer customize (Lorg/springframework/boot/web/embedded/tomcat/ConfigurableTomcatWebServerFactory;)V 629 <appendix> member <vmtarget> ; # org/springframework/boot/autoconfigure/web/embedded/TomcatWebServerFactoryCustomizer$$Lambda+0x00000210bf454aa8
instanceKlass  @bci org/springframework/boot/autoconfigure/web/embedded/TomcatWebServerFactoryCustomizer customize (Lorg/springframework/boot/web/embedded/tomcat/ConfigurableTomcatWebServerFactory;)V 614 <appendix> member <vmtarget> ; # org/springframework/boot/autoconfigure/web/embedded/TomcatWebServerFactoryCustomizer$$Lambda+0x00000210bf454870
instanceKlass  @bci org/springframework/boot/autoconfigure/web/embedded/TomcatWebServerFactoryCustomizer customize (Lorg/springframework/boot/web/embedded/tomcat/ConfigurableTomcatWebServerFactory;)V 604 <appendix> member <vmtarget> ; # org/springframework/boot/autoconfigure/web/embedded/TomcatWebServerFactoryCustomizer$$Lambda+0x00000210bf454648
instanceKlass  @bci org/springframework/boot/autoconfigure/web/embedded/TomcatWebServerFactoryCustomizer customizeProcessorCache (Lorg/springframework/boot/web/embedded/tomcat/ConfigurableTomcatWebServerFactory;I)V 5 <appendix> argL0 ; # org/springframework/boot/autoconfigure/web/embedded/TomcatWebServerFactoryCustomizer$$Lambda+0x00000210bf454428
instanceKlass  @bci org/springframework/boot/autoconfigure/web/embedded/TomcatWebServerFactoryCustomizer customize (Lorg/springframework/boot/web/embedded/tomcat/ConfigurableTomcatWebServerFactory;)V 589 <appendix> member <vmtarget> ; # org/springframework/boot/autoconfigure/web/embedded/TomcatWebServerFactoryCustomizer$$Lambda+0x00000210bf4541f0
instanceKlass  @bci org/springframework/boot/autoconfigure/web/embedded/TomcatWebServerFactoryCustomizer customize (Lorg/springframework/boot/web/embedded/tomcat/ConfigurableTomcatWebServerFactory;)V 579 <appendix> member <vmtarget> ; # org/springframework/boot/autoconfigure/web/embedded/TomcatWebServerFactoryCustomizer$$Lambda+0x00000210bf453fc8
instanceKlass  @bci org/springframework/boot/autoconfigure/web/embedded/TomcatWebServerFactoryCustomizer customizeAcceptCount (Lorg/springframework/boot/web/embedded/tomcat/ConfigurableTomcatWebServerFactory;I)V 5 <appendix> argL0 ; # org/springframework/boot/autoconfigure/web/embedded/TomcatWebServerFactoryCustomizer$$Lambda+0x00000210bf453da8
instanceKlass  @bci org/springframework/boot/autoconfigure/web/embedded/TomcatWebServerFactoryCustomizer customize (Lorg/springframework/boot/web/embedded/tomcat/ConfigurableTomcatWebServerFactory;)V 564 <appendix> member <vmtarget> ; # org/springframework/boot/autoconfigure/web/embedded/TomcatWebServerFactoryCustomizer$$Lambda+0x00000210bf453b70
instanceKlass  @bci org/springframework/boot/autoconfigure/web/embedded/TomcatWebServerFactoryCustomizer customize (Lorg/springframework/boot/web/embedded/tomcat/ConfigurableTomcatWebServerFactory;)V 554 <appendix> member <vmtarget> ; # org/springframework/boot/autoconfigure/web/embedded/TomcatWebServerFactoryCustomizer$$Lambda+0x00000210bf453918
instanceKlass  @bci org/springframework/boot/autoconfigure/web/embedded/TomcatWebServerFactoryCustomizer customize (Lorg/springframework/boot/web/embedded/tomcat/ConfigurableTomcatWebServerFactory;)V 545 <appendix> member <vmtarget> ; # org/springframework/boot/autoconfigure/web/embedded/TomcatWebServerFactoryCustomizer$$Lambda+0x00000210bf4536f0
instanceKlass  @bci org/springframework/boot/autoconfigure/web/embedded/TomcatWebServerFactoryCustomizer customizeMaxConnections (Lorg/springframework/boot/web/embedded/tomcat/ConfigurableTomcatWebServerFactory;I)V 5 <appendix> argL0 ; # org/springframework/boot/autoconfigure/web/embedded/TomcatWebServerFactoryCustomizer$$Lambda+0x00000210bf4534d0
instanceKlass  @bci org/springframework/boot/autoconfigure/web/embedded/TomcatWebServerFactoryCustomizer customize (Lorg/springframework/boot/web/embedded/tomcat/ConfigurableTomcatWebServerFactory;)V 530 <appendix> member <vmtarget> ; # org/springframework/boot/autoconfigure/web/embedded/TomcatWebServerFactoryCustomizer$$Lambda+0x00000210bf453298
instanceKlass  @bci org/springframework/boot/autoconfigure/web/embedded/TomcatWebServerFactoryCustomizer customize (Lorg/springframework/boot/web/embedded/tomcat/ConfigurableTomcatWebServerFactory;)V 520 <appendix> member <vmtarget> ; # org/springframework/boot/autoconfigure/web/embedded/TomcatWebServerFactoryCustomizer$$Lambda+0x00000210bf453040
instanceKlass  @bci org/springframework/boot/autoconfigure/web/embedded/TomcatWebServerFactoryCustomizer customize (Lorg/springframework/boot/web/embedded/tomcat/ConfigurableTomcatWebServerFactory;)V 511 <appendix> member <vmtarget> ; # org/springframework/boot/autoconfigure/web/embedded/TomcatWebServerFactoryCustomizer$$Lambda+0x00000210bf452e18
instanceKlass  @bci org/springframework/boot/autoconfigure/web/embedded/TomcatWebServerFactoryCustomizer customize (Lorg/springframework/boot/web/embedded/tomcat/ConfigurableTomcatWebServerFactory;)V 496 <appendix> member <vmtarget> ; # org/springframework/boot/autoconfigure/web/embedded/TomcatWebServerFactoryCustomizer$$Lambda+0x00000210bf452be0
instanceKlass  @bci org/springframework/boot/autoconfigure/web/embedded/TomcatWebServerFactoryCustomizer customize (Lorg/springframework/boot/web/embedded/tomcat/ConfigurableTomcatWebServerFactory;)V 486 <appendix> member <vmtarget> ; # org/springframework/boot/autoconfigure/web/embedded/TomcatWebServerFactoryCustomizer$$Lambda+0x00000210bf4529b8
instanceKlass  @bci org/springframework/boot/autoconfigure/web/embedded/TomcatWebServerFactoryCustomizer customize (Lorg/springframework/boot/web/embedded/tomcat/ConfigurableTomcatWebServerFactory;)V 471 <appendix> member <vmtarget> ; # org/springframework/boot/autoconfigure/web/embedded/TomcatWebServerFactoryCustomizer$$Lambda+0x00000210bf452780
instanceKlass  @bci org/springframework/boot/autoconfigure/web/embedded/TomcatWebServerFactoryCustomizer customize (Lorg/springframework/boot/web/embedded/tomcat/ConfigurableTomcatWebServerFactory;)V 457 <appendix> member <vmtarget> ; # org/springframework/boot/autoconfigure/web/embedded/TomcatWebServerFactoryCustomizer$$Lambda+0x00000210bf452558
instanceKlass  @bci org/springframework/boot/autoconfigure/web/embedded/TomcatWebServerFactoryCustomizer customize (Lorg/springframework/boot/web/embedded/tomcat/ConfigurableTomcatWebServerFactory;)V 442 <appendix> member <vmtarget> ; # org/springframework/boot/autoconfigure/web/embedded/TomcatWebServerFactoryCustomizer$$Lambda+0x00000210bf452320
instanceKlass  @bci org/springframework/boot/autoconfigure/web/embedded/TomcatWebServerFactoryCustomizer customize (Lorg/springframework/boot/web/embedded/tomcat/ConfigurableTomcatWebServerFactory;)V 432 <appendix> argL0 ; # org/springframework/boot/autoconfigure/web/embedded/TomcatWebServerFactoryCustomizer$$Lambda+0x00000210bf4520d0
instanceKlass  @bci org/springframework/boot/autoconfigure/web/embedded/TomcatWebServerFactoryCustomizer customize (Lorg/springframework/boot/web/embedded/tomcat/ConfigurableTomcatWebServerFactory;)V 424 <appendix> member <vmtarget> ; # org/springframework/boot/autoconfigure/web/embedded/TomcatWebServerFactoryCustomizer$$Lambda+0x00000210bf451ea8
instanceKlass  @bci org/springframework/boot/autoconfigure/web/embedded/TomcatWebServerFactoryCustomizer customizeMaxPartCount (Lorg/springframework/boot/web/embedded/tomcat/ConfigurableTomcatWebServerFactory;I)V 8 <appendix> member <vmtarget> ; # org/springframework/boot/autoconfigure/web/embedded/TomcatWebServerFactoryCustomizer$$Lambda+0x00000210bf451c88
instanceKlass  @bci org/springframework/boot/autoconfigure/web/embedded/TomcatWebServerFactoryCustomizer customize (Lorg/springframework/boot/web/embedded/tomcat/ConfigurableTomcatWebServerFactory;)V 409 <appendix> member <vmtarget> ; # org/springframework/boot/autoconfigure/web/embedded/TomcatWebServerFactoryCustomizer$$Lambda+0x00000210bf451a50
instanceKlass  @bci org/springframework/boot/autoconfigure/web/embedded/TomcatWebServerFactoryCustomizer customize (Lorg/springframework/boot/web/embedded/tomcat/ConfigurableTomcatWebServerFactory;)V 399 <appendix> member <vmtarget> ; # org/springframework/boot/autoconfigure/web/embedded/TomcatWebServerFactoryCustomizer$$Lambda+0x00000210bf451828
instanceKlass  @bci org/springframework/boot/autoconfigure/web/embedded/TomcatWebServerFactoryCustomizer customizeMaxPartHeaderSize (Lorg/springframework/boot/web/embedded/tomcat/ConfigurableTomcatWebServerFactory;I)V 8 <appendix> member <vmtarget> ; # org/springframework/boot/autoconfigure/web/embedded/TomcatWebServerFactoryCustomizer$$Lambda+0x00000210bf451608
instanceKlass  @bci org/springframework/boot/autoconfigure/web/embedded/TomcatWebServerFactoryCustomizer customize (Lorg/springframework/boot/web/embedded/tomcat/ConfigurableTomcatWebServerFactory;)V 384 <appendix> member <vmtarget> ; # org/springframework/boot/autoconfigure/web/embedded/TomcatWebServerFactoryCustomizer$$Lambda+0x00000210bf4513d0
instanceKlass  @bci org/springframework/boot/autoconfigure/web/embedded/TomcatWebServerFactoryCustomizer customize (Lorg/springframework/boot/web/embedded/tomcat/ConfigurableTomcatWebServerFactory;)V 374 <appendix> argL0 ; # org/springframework/boot/autoconfigure/web/embedded/TomcatWebServerFactoryCustomizer$$Lambda+0x00000210bf451190
instanceKlass  @bci org/springframework/boot/autoconfigure/web/embedded/TomcatWebServerFactoryCustomizer customize (Lorg/springframework/boot/web/embedded/tomcat/ConfigurableTomcatWebServerFactory;)V 366 <appendix> member <vmtarget> ; # org/springframework/boot/autoconfigure/web/embedded/TomcatWebServerFactoryCustomizer$$Lambda+0x00000210bf450f68
instanceKlass  @bci org/springframework/boot/autoconfigure/web/embedded/TomcatWebServerFactoryCustomizer customizeMaxHttpFormPostSize (Lorg/springframework/boot/web/embedded/tomcat/ConfigurableTomcatWebServerFactory;I)V 8 <appendix> member <vmtarget> ; # org/springframework/boot/autoconfigure/web/embedded/TomcatWebServerFactoryCustomizer$$Lambda+0x00000210bf450d48
instanceKlass  @bci org/springframework/boot/autoconfigure/web/embedded/TomcatWebServerFactoryCustomizer customize (Lorg/springframework/boot/web/embedded/tomcat/ConfigurableTomcatWebServerFactory;)V 351 <appendix> member <vmtarget> ; # org/springframework/boot/autoconfigure/web/embedded/TomcatWebServerFactoryCustomizer$$Lambda+0x00000210bf450b10
instanceKlass  @bci org/springframework/boot/autoconfigure/web/embedded/TomcatWebServerFactoryCustomizer customize (Lorg/springframework/boot/web/embedded/tomcat/ConfigurableTomcatWebServerFactory;)V 341 <appendix> argL0 ; # org/springframework/boot/autoconfigure/web/embedded/TomcatWebServerFactoryCustomizer$$Lambda+0x00000210bf4508c0
instanceKlass  @bci org/springframework/boot/autoconfigure/web/embedded/TomcatWebServerFactoryCustomizer customize (Lorg/springframework/boot/web/embedded/tomcat/ConfigurableTomcatWebServerFactory;)V 333 <appendix> argL0 ; # org/springframework/boot/autoconfigure/web/embedded/TomcatWebServerFactoryCustomizer$$Lambda+0x00000210bf450680
instanceKlass  @bci org/springframework/boot/autoconfigure/web/embedded/TomcatWebServerFactoryCustomizer customize (Lorg/springframework/boot/web/embedded/tomcat/ConfigurableTomcatWebServerFactory;)V 325 <appendix> member <vmtarget> ; # org/springframework/boot/autoconfigure/web/embedded/TomcatWebServerFactoryCustomizer$$Lambda+0x00000210bf450458
instanceKlass  @bci org/springframework/boot/autoconfigure/web/embedded/TomcatWebServerFactoryCustomizer customizeMaxSwallowSize (Lorg/springframework/boot/web/embedded/tomcat/ConfigurableTomcatWebServerFactory;I)V 5 <appendix> argL0 ; # org/springframework/boot/autoconfigure/web/embedded/TomcatWebServerFactoryCustomizer$$Lambda+0x00000210bf450238
instanceKlass  @bci org/springframework/boot/autoconfigure/web/embedded/TomcatWebServerFactoryCustomizer customize (Lorg/springframework/boot/web/embedded/tomcat/ConfigurableTomcatWebServerFactory;)V 310 <appendix> member <vmtarget> ; # org/springframework/boot/autoconfigure/web/embedded/TomcatWebServerFactoryCustomizer$$Lambda+0x00000210bf450000
instanceKlass  @bci org/springframework/boot/autoconfigure/web/embedded/TomcatWebServerFactoryCustomizer customize (Lorg/springframework/boot/web/embedded/tomcat/ConfigurableTomcatWebServerFactory;)V 300 <appendix> argL0 ; # org/springframework/boot/autoconfigure/web/embedded/TomcatWebServerFactoryCustomizer$$Lambda+0x00000210bf44d400
instanceKlass  @bci org/springframework/boot/autoconfigure/web/embedded/TomcatWebServerFactoryCustomizer customize (Lorg/springframework/boot/web/embedded/tomcat/ConfigurableTomcatWebServerFactory;)V 292 <appendix> member <vmtarget> ; # org/springframework/boot/autoconfigure/web/embedded/TomcatWebServerFactoryCustomizer$$Lambda+0x00000210bf44dc90
instanceKlass  @bci org/springframework/boot/autoconfigure/web/embedded/TomcatWebServerFactoryCustomizer customizeMaxHttpResponseHeaderSize (Lorg/springframework/boot/web/embedded/tomcat/ConfigurableTomcatWebServerFactory;I)V 5 <appendix> argL0 ; # org/springframework/boot/autoconfigure/web/embedded/TomcatWebServerFactoryCustomizer$$Lambda+0x00000210bf44fde0
instanceKlass  @bci org/springframework/boot/autoconfigure/web/embedded/TomcatWebServerFactoryCustomizer customize (Lorg/springframework/boot/web/embedded/tomcat/ConfigurableTomcatWebServerFactory;)V 277 <appendix> member <vmtarget> ; # org/springframework/boot/autoconfigure/web/embedded/TomcatWebServerFactoryCustomizer$$Lambda+0x00000210bf44da58
instanceKlass  @bci org/springframework/boot/autoconfigure/web/embedded/TomcatWebServerFactoryCustomizer customize (Lorg/springframework/boot/web/embedded/tomcat/ConfigurableTomcatWebServerFactory;)V 267 <appendix> member <vmtarget> ; # org/springframework/boot/autoconfigure/web/embedded/TomcatWebServerFactoryCustomizer$$Lambda+0x00000210bf44d800
instanceKlass  @bci org/springframework/boot/autoconfigure/web/embedded/TomcatWebServerFactoryCustomizer customize (Lorg/springframework/boot/web/embedded/tomcat/ConfigurableTomcatWebServerFactory;)V 258 <appendix> argL0 ; # org/springframework/boot/autoconfigure/web/embedded/TomcatWebServerFactoryCustomizer$$Lambda+0x00000210bf44fba0
instanceKlass  @bci org/springframework/boot/autoconfigure/web/embedded/TomcatWebServerFactoryCustomizer customize (Lorg/springframework/boot/web/embedded/tomcat/ConfigurableTomcatWebServerFactory;)V 250 <appendix> member <vmtarget> ; # org/springframework/boot/autoconfigure/web/embedded/TomcatWebServerFactoryCustomizer$$Lambda+0x00000210bf44f978
instanceKlass  @bci org/springframework/boot/autoconfigure/web/embedded/TomcatWebServerFactoryCustomizer customizeMaxHttpRequestHeaderSize (Lorg/springframework/boot/web/embedded/tomcat/ConfigurableTomcatWebServerFactory;I)V 5 <appendix> argL0 ; # org/springframework/boot/autoconfigure/web/embedded/TomcatWebServerFactoryCustomizer$$Lambda+0x00000210bf44f758
instanceKlass org/apache/coyote/Processor
instanceKlass  @bci org/springframework/boot/autoconfigure/web/embedded/TomcatWebServerFactoryCustomizer customize (Lorg/springframework/boot/web/embedded/tomcat/ConfigurableTomcatWebServerFactory;)V 235 <appendix> member <vmtarget> ; # org/springframework/boot/autoconfigure/web/embedded/TomcatWebServerFactoryCustomizer$$Lambda+0x00000210bf44eb30
instanceKlass  @bci org/springframework/boot/autoconfigure/web/embedded/TomcatWebServerFactoryCustomizer customize (Lorg/springframework/boot/web/embedded/tomcat/ConfigurableTomcatWebServerFactory;)V 225 <appendix> member <vmtarget> ; # org/springframework/boot/autoconfigure/web/embedded/TomcatWebServerFactoryCustomizer$$Lambda+0x00000210bf44e8d8
instanceKlass  @bci org/springframework/boot/context/properties/PropertyMapper$Source asInt (Ljava/util/function/Function;)Lorg/springframework/boot/context/properties/PropertyMapper$Source; 5 <appendix> argL0 ; # org/springframework/boot/context/properties/PropertyMapper$Source$$Lambda+0x00000210bf44e698
instanceKlass  @bci org/springframework/boot/autoconfigure/web/embedded/TomcatWebServerFactoryCustomizer customize (Lorg/springframework/boot/web/embedded/tomcat/ConfigurableTomcatWebServerFactory;)V 216 <appendix> argL0 ; # org/springframework/boot/autoconfigure/web/embedded/TomcatWebServerFactoryCustomizer$$Lambda+0x00000210bf44e458
instanceKlass  @bci org/springframework/boot/autoconfigure/web/embedded/TomcatWebServerFactoryCustomizer customizeMaxQueueCapacity (Lorg/springframework/boot/web/embedded/tomcat/ConfigurableTomcatWebServerFactory;I)V 5 <appendix> argL0 ; # org/springframework/boot/autoconfigure/web/embedded/TomcatWebServerFactoryCustomizer$$Lambda+0x00000210bf44e238
instanceKlass  @bci org/springframework/boot/autoconfigure/web/embedded/TomcatWebServerFactoryCustomizer customize (Lorg/springframework/boot/web/embedded/tomcat/ConfigurableTomcatWebServerFactory;)V 197 <appendix> member <vmtarget> ; # org/springframework/boot/autoconfigure/web/embedded/TomcatWebServerFactoryCustomizer$$Lambda+0x00000210bf44e000
instanceKlass  @bci org/springframework/boot/autoconfigure/web/embedded/TomcatWebServerFactoryCustomizer customize (Lorg/springframework/boot/web/embedded/tomcat/ConfigurableTomcatWebServerFactory;)V 187 <appendix> member <vmtarget> ; # org/springframework/boot/autoconfigure/web/embedded/TomcatWebServerFactoryCustomizer$$Lambda+0x00000210bf44bda0
instanceKlass  @bci org/springframework/boot/autoconfigure/web/embedded/TomcatWebServerFactoryCustomizer customize (Lorg/springframework/boot/web/embedded/tomcat/ConfigurableTomcatWebServerFactory;)V 178 <appendix> member <vmtarget> ; # org/springframework/boot/autoconfigure/web/embedded/TomcatWebServerFactoryCustomizer$$Lambda+0x00000210bf44bb78
instanceKlass  @bci org/springframework/boot/autoconfigure/web/embedded/TomcatWebServerFactoryCustomizer customizeMinThreads (Lorg/springframework/boot/web/embedded/tomcat/ConfigurableTomcatWebServerFactory;I)V 5 <appendix> argL0 ; # org/springframework/boot/autoconfigure/web/embedded/TomcatWebServerFactoryCustomizer$$Lambda+0x00000210bf44b958
instanceKlass  @bci org/springframework/boot/autoconfigure/web/embedded/TomcatWebServerFactoryCustomizer customize (Lorg/springframework/boot/web/embedded/tomcat/ConfigurableTomcatWebServerFactory;)V 162 <appendix> member <vmtarget> ; # org/springframework/boot/autoconfigure/web/embedded/TomcatWebServerFactoryCustomizer$$Lambda+0x00000210bf44b720
instanceKlass  @bci org/springframework/boot/autoconfigure/web/embedded/TomcatWebServerFactoryCustomizer customize (Lorg/springframework/boot/web/embedded/tomcat/ConfigurableTomcatWebServerFactory;)V 152 <appendix> member <vmtarget> ; # org/springframework/boot/autoconfigure/web/embedded/TomcatWebServerFactoryCustomizer$$Lambda+0x00000210bf44b4c8
instanceKlass  @bci org/springframework/boot/autoconfigure/web/embedded/TomcatWebServerFactoryCustomizer customize (Lorg/springframework/boot/web/embedded/tomcat/ConfigurableTomcatWebServerFactory;)V 143 <appendix> member <vmtarget> ; # org/springframework/boot/autoconfigure/web/embedded/TomcatWebServerFactoryCustomizer$$Lambda+0x00000210bf44b2a0
instanceKlass  @bci org/hibernate/persister/entity/SingleTableEntityPersister lambda$visitMutabilityOrderedTables$3 (Ljava/lang/String;I)Ljava/util/function/Consumer; 3 <adapter> ; # java/lang/invoke/LambdaForm$MH+0x00000210bf44d000
# instanceKlass java/lang/invoke/LambdaForm$DMH+0x00000210bf44cc00
instanceKlass  @bci org/hibernate/persister/entity/SingleTableEntityPersister lambda$visitMutabilityOrderedTables$3 (Ljava/lang/String;I)Ljava/util/function/Consumer; 3 <appendix> form vmentry <vmtarget> ; # java/lang/invoke/LambdaForm$DMH+0x00000210bf44c800
instanceKlass  @bci org/springframework/boot/autoconfigure/web/embedded/TomcatWebServerFactoryCustomizer customizeHandler (Lorg/springframework/boot/web/embedded/tomcat/ConfigurableTomcatWebServerFactory;ILjava/lang/Class;Ljava/util/function/ObjIntConsumer;)V 11 <appendix> member <vmtarget> ; # org/springframework/boot/autoconfigure/web/embedded/TomcatWebServerFactoryCustomizer$$Lambda+0x00000210bf44b078
instanceKlass  @cpi org/hibernate/persister/entity/AbstractEntityPersister 4753 form vmentry <vmtarget> ; # java/lang/invoke/LambdaForm$DMH+0x00000210bf44c400
instanceKlass  @bci org/springframework/boot/autoconfigure/web/embedded/TomcatWebServerFactoryCustomizer customizeMaxThreads (Lorg/springframework/boot/web/embedded/tomcat/ConfigurableTomcatWebServerFactory;I)V 5 <appendix> argL0 ; # org/springframework/boot/autoconfigure/web/embedded/TomcatWebServerFactoryCustomizer$$Lambda+0x00000210bf44ae58
instanceKlass org/apache/tomcat/util/net/AbstractEndpoint$Handler
instanceKlass  @bci org/springframework/boot/autoconfigure/web/embedded/TomcatWebServerFactoryCustomizer customize (Lorg/springframework/boot/web/embedded/tomcat/ConfigurableTomcatWebServerFactory;)V 127 <appendix> member <vmtarget> ; # org/springframework/boot/autoconfigure/web/embedded/TomcatWebServerFactoryCustomizer$$Lambda+0x00000210bf44aa20
instanceKlass  @bci org/springframework/boot/autoconfigure/web/embedded/TomcatWebServerFactoryCustomizer customize (Lorg/springframework/boot/web/embedded/tomcat/ConfigurableTomcatWebServerFactory;)V 117 <appendix> member <vmtarget> ; # org/springframework/boot/autoconfigure/web/embedded/TomcatWebServerFactoryCustomizer$$Lambda+0x00000210bf44a7c8
instanceKlass  @bci org/springframework/boot/autoconfigure/web/embedded/TomcatWebServerFactoryCustomizer customize (Lorg/springframework/boot/web/embedded/tomcat/ConfigurableTomcatWebServerFactory;)V 108 <appendix> member <vmtarget> ; # org/springframework/boot/autoconfigure/web/embedded/TomcatWebServerFactoryCustomizer$$Lambda+0x00000210bf44a5a0
instanceKlass  @bci org/springframework/boot/autoconfigure/web/embedded/TomcatWebServerFactoryCustomizer customize (Lorg/springframework/boot/web/embedded/tomcat/ConfigurableTomcatWebServerFactory;)V 81 <appendix> member <vmtarget> ; # org/springframework/boot/autoconfigure/web/embedded/TomcatWebServerFactoryCustomizer$$Lambda+0x00000210bf44a368
instanceKlass  @bci org/springframework/boot/autoconfigure/web/embedded/TomcatWebServerFactoryCustomizer customize (Lorg/springframework/boot/web/embedded/tomcat/ConfigurableTomcatWebServerFactory;)V 67 <appendix> argL0 ; # org/springframework/boot/autoconfigure/web/embedded/TomcatWebServerFactoryCustomizer$$Lambda+0x00000210bf44a128
instanceKlass  @bci org/springframework/boot/context/properties/PropertyMapper$Source as (Ljava/util/function/Function;)Lorg/springframework/boot/context/properties/PropertyMapper$Source; 23 <appendix> member <vmtarget> ; # org/springframework/boot/context/properties/PropertyMapper$Source$$Lambda+0x00000210bf449f00
instanceKlass  @bci org/springframework/boot/context/properties/PropertyMapper$Source as (Ljava/util/function/Function;)Lorg/springframework/boot/context/properties/PropertyMapper$Source; 14 <appendix> member <vmtarget> ; # org/springframework/boot/context/properties/PropertyMapper$Source$$Lambda+0x00000210bf449ca8
instanceKlass  @bci org/springframework/boot/context/properties/PropertyMapper$Source as (Ljava/util/function/Function;)Lorg/springframework/boot/context/properties/PropertyMapper$Source; 7 <appendix> member <vmtarget> ; # org/springframework/boot/context/properties/PropertyMapper$Source$$Lambda+0x00000210bf449a80
instanceKlass  @bci org/springframework/boot/autoconfigure/web/embedded/TomcatWebServerFactoryCustomizer customize (Lorg/springframework/boot/web/embedded/tomcat/ConfigurableTomcatWebServerFactory;)V 59 <appendix> argL0 ; # org/springframework/boot/autoconfigure/web/embedded/TomcatWebServerFactoryCustomizer$$Lambda+0x00000210bf449840
instanceKlass  @bci org/springframework/boot/autoconfigure/web/embedded/TomcatWebServerFactoryCustomizer customize (Lorg/springframework/boot/web/embedded/tomcat/ConfigurableTomcatWebServerFactory;)V 51 <appendix> member <vmtarget> ; # org/springframework/boot/autoconfigure/web/embedded/TomcatWebServerFactoryCustomizer$$Lambda+0x00000210bf449618
instanceKlass  @bci org/springframework/boot/autoconfigure/web/embedded/TomcatWebServerFactoryCustomizer customize (Lorg/springframework/boot/web/embedded/tomcat/ConfigurableTomcatWebServerFactory;)V 36 <appendix> member <vmtarget> ; # org/springframework/boot/autoconfigure/web/embedded/TomcatWebServerFactoryCustomizer$$Lambda+0x00000210bf4493e0
instanceKlass  @bci org/springframework/boot/autoconfigure/web/embedded/TomcatWebServerFactoryCustomizer customize (Lorg/springframework/boot/web/embedded/tomcat/ConfigurableTomcatWebServerFactory;)V 22 <appendix> member <vmtarget> ; # org/springframework/boot/autoconfigure/web/embedded/TomcatWebServerFactoryCustomizer$$Lambda+0x00000210bf4491b8
instanceKlass  @bci org/springframework/boot/autoconfigure/web/servlet/ServletWebServerFactoryCustomizer customize (Lorg/springframework/boot/web/servlet/server/ConfigurableServletWebServerFactory;)V 527 <appendix> member <vmtarget> ; # org/springframework/boot/autoconfigure/web/servlet/ServletWebServerFactoryCustomizer$$Lambda+0x00000210bf448f80
instanceKlass  @bci org/springframework/boot/web/servlet/server/AbstractServletWebServerFactory addMimeMappings (Lorg/springframework/boot/web/server/MimeMappings;)V 2 <appendix> member <vmtarget> ; # org/springframework/boot/web/servlet/server/AbstractServletWebServerFactory$$Lambda+0x00000210bf448d48
instanceKlass  @bci org/springframework/boot/autoconfigure/web/servlet/ServletWebServerFactoryCustomizer customize (Lorg/springframework/boot/web/servlet/server/ConfigurableServletWebServerFactory;)V 514 <appendix> member <vmtarget> ; # org/springframework/boot/autoconfigure/web/servlet/ServletWebServerFactoryCustomizer$$Lambda+0x00000210bf448b10
instanceKlass  @bci org/springframework/boot/autoconfigure/web/servlet/ServletWebServerFactoryCustomizer customize (Lorg/springframework/boot/web/servlet/server/ConfigurableServletWebServerFactory;)V 500 <appendix> member <vmtarget> ; # org/springframework/boot/autoconfigure/web/servlet/ServletWebServerFactoryCustomizer$$Lambda+0x00000210bf4488e8
instanceKlass  @bci org/springframework/boot/autoconfigure/web/servlet/ServletWebServerFactoryCustomizer customize (Lorg/springframework/boot/web/servlet/server/ConfigurableServletWebServerFactory;)V 482 <appendix> member <vmtarget> ; # org/springframework/boot/autoconfigure/web/servlet/ServletWebServerFactoryCustomizer$$Lambda+0x00000210bf4486b0
instanceKlass  @bci java/util/function/Predicate negate ()Ljava/util/function/Predicate; 1 <appendix> member <vmtarget> ; # java/util/function/Predicate$$Lambda+0x00000210bf260308
instanceKlass  @cpi java/util/function/Predicate 75 form vmentry <vmtarget> ; # java/lang/invoke/LambdaForm$DMH+0x00000210bf44c000
instanceKlass  @bci org/springframework/boot/autoconfigure/web/servlet/ServletWebServerFactoryCustomizer customize (Lorg/springframework/boot/web/servlet/server/ConfigurableServletWebServerFactory;)V 468 <appendix> argL0 ; # org/springframework/boot/autoconfigure/web/servlet/ServletWebServerFactoryCustomizer$$Lambda+0x00000210bf448460
instanceKlass  @bci org/springframework/boot/autoconfigure/web/servlet/ServletWebServerFactoryCustomizer customize (Lorg/springframework/boot/web/servlet/server/ConfigurableServletWebServerFactory;)V 460 <appendix> member <vmtarget> ; # org/springframework/boot/autoconfigure/web/servlet/ServletWebServerFactoryCustomizer$$Lambda+0x00000210bf448238
instanceKlass  @bci org/springframework/boot/autoconfigure/web/servlet/ServletWebServerFactoryCustomizer customize (Lorg/springframework/boot/web/servlet/server/ConfigurableServletWebServerFactory;)V 450 <appendix> member <vmtarget> ; # org/springframework/boot/autoconfigure/web/servlet/ServletWebServerFactoryCustomizer$$Lambda+0x00000210bf448000
instanceKlass  @bci org/springframework/boot/autoconfigure/web/servlet/ServletWebServerFactoryCustomizer customize (Lorg/springframework/boot/web/servlet/server/ConfigurableServletWebServerFactory;)V 436 <appendix> member <vmtarget> ; # org/springframework/boot/autoconfigure/web/servlet/ServletWebServerFactoryCustomizer$$Lambda+0x00000210bf444c60
instanceKlass  @bci org/springframework/boot/autoconfigure/web/servlet/ServletWebServerFactoryCustomizer customize (Lorg/springframework/boot/web/servlet/server/ConfigurableServletWebServerFactory;)V 426 <appendix> member <vmtarget> ; # org/springframework/boot/autoconfigure/web/servlet/ServletWebServerFactoryCustomizer$$Lambda+0x00000210bf444a28
instanceKlass  @bci org/springframework/boot/context/properties/PropertyMapper from (Ljava/lang/Object;)Lorg/springframework/boot/context/properties/PropertyMapper$Source; 2 <appendix> member <vmtarget> ; # org/springframework/boot/context/properties/PropertyMapper$$Lambda+0x00000210bf444800
instanceKlass  @bci org/springframework/boot/autoconfigure/web/servlet/ServletWebServerFactoryCustomizer customize (Lorg/springframework/boot/web/servlet/server/ConfigurableServletWebServerFactory;)V 401 <appendix> member <vmtarget> ; # org/springframework/boot/autoconfigure/web/servlet/ServletWebServerFactoryCustomizer$$Lambda+0x00000210bf445d20
instanceKlass  @bci org/springframework/boot/autoconfigure/web/servlet/ServletWebServerFactoryCustomizer customize (Lorg/springframework/boot/web/servlet/server/ConfigurableServletWebServerFactory;)V 387 <appendix> member <vmtarget> ; # org/springframework/boot/autoconfigure/web/servlet/ServletWebServerFactoryCustomizer$$Lambda+0x00000210bf445af8
instanceKlass  @bci org/springframework/boot/autoconfigure/web/servlet/ServletWebServerFactoryCustomizer customize (Lorg/springframework/boot/web/servlet/server/ConfigurableServletWebServerFactory;)V 366 <appendix> member <vmtarget> ; # org/springframework/boot/autoconfigure/web/servlet/ServletWebServerFactoryCustomizer$$Lambda+0x00000210bf4458c0
instanceKlass  @bci org/springframework/boot/autoconfigure/web/servlet/ServletWebServerFactoryCustomizer customize (Lorg/springframework/boot/web/servlet/server/ConfigurableServletWebServerFactory;)V 352 <appendix> member <vmtarget> ; # org/springframework/boot/autoconfigure/web/servlet/ServletWebServerFactoryCustomizer$$Lambda+0x00000210bf445698
instanceKlass  @bci org/springframework/boot/autoconfigure/web/servlet/ServletWebServerFactoryCustomizer customize (Lorg/springframework/boot/web/servlet/server/ConfigurableServletWebServerFactory;)V 334 <appendix> member <vmtarget> ; # org/springframework/boot/autoconfigure/web/servlet/ServletWebServerFactoryCustomizer$$Lambda+0x00000210bf445460
instanceKlass  @bci org/springframework/boot/autoconfigure/web/servlet/ServletWebServerFactoryCustomizer customize (Lorg/springframework/boot/web/servlet/server/ConfigurableServletWebServerFactory;)V 320 <appendix> member <vmtarget> ; # org/springframework/boot/autoconfigure/web/servlet/ServletWebServerFactoryCustomizer$$Lambda+0x00000210bf445238
instanceKlass  @bci org/springframework/boot/autoconfigure/web/servlet/ServletWebServerFactoryCustomizer customize (Lorg/springframework/boot/web/servlet/server/ConfigurableServletWebServerFactory;)V 302 <appendix> member <vmtarget> ; # org/springframework/boot/autoconfigure/web/servlet/ServletWebServerFactoryCustomizer$$Lambda+0x00000210bf445000
instanceKlass  @bci org/springframework/boot/autoconfigure/web/servlet/ServletWebServerFactoryCustomizer customize (Lorg/springframework/boot/web/servlet/server/ConfigurableServletWebServerFactory;)V 288 <appendix> member <vmtarget> ; # org/springframework/boot/autoconfigure/web/servlet/ServletWebServerFactoryCustomizer$$Lambda+0x00000210bf447c78
instanceKlass  @bci org/springframework/boot/autoconfigure/web/servlet/ServletWebServerFactoryCustomizer customize (Lorg/springframework/boot/web/servlet/server/ConfigurableServletWebServerFactory;)V 270 <appendix> member <vmtarget> ; # org/springframework/boot/autoconfigure/web/servlet/ServletWebServerFactoryCustomizer$$Lambda+0x00000210bf447a40
instanceKlass  @bci org/springframework/boot/autoconfigure/web/servlet/ServletWebServerFactoryCustomizer customize (Lorg/springframework/boot/web/servlet/server/ConfigurableServletWebServerFactory;)V 256 <appendix> member <vmtarget> ; # org/springframework/boot/autoconfigure/web/servlet/ServletWebServerFactoryCustomizer$$Lambda+0x00000210bf447818
instanceKlass  @bci org/springframework/boot/autoconfigure/web/servlet/ServletWebServerFactoryCustomizer customize (Lorg/springframework/boot/web/servlet/server/ConfigurableServletWebServerFactory;)V 235 <appendix> member <vmtarget> ; # org/springframework/boot/autoconfigure/web/servlet/ServletWebServerFactoryCustomizer$$Lambda+0x00000210bf4475e0
instanceKlass  @bci org/springframework/boot/autoconfigure/web/servlet/ServletWebServerFactoryCustomizer customize (Lorg/springframework/boot/web/servlet/server/ConfigurableServletWebServerFactory;)V 221 <appendix> member <vmtarget> ; # org/springframework/boot/autoconfigure/web/servlet/ServletWebServerFactoryCustomizer$$Lambda+0x00000210bf4473b8
instanceKlass  @bci org/springframework/boot/autoconfigure/web/servlet/ServletWebServerFactoryCustomizer customize (Lorg/springframework/boot/web/servlet/server/ConfigurableServletWebServerFactory;)V 203 <appendix> member <vmtarget> ; # org/springframework/boot/autoconfigure/web/servlet/ServletWebServerFactoryCustomizer$$Lambda+0x00000210bf447180
instanceKlass  @bci org/springframework/boot/autoconfigure/web/servlet/ServletWebServerFactoryCustomizer customize (Lorg/springframework/boot/web/servlet/server/ConfigurableServletWebServerFactory;)V 189 <appendix> member <vmtarget> ; # org/springframework/boot/autoconfigure/web/servlet/ServletWebServerFactoryCustomizer$$Lambda+0x00000210bf446f58
instanceKlass  @bci org/springframework/boot/autoconfigure/web/servlet/ServletWebServerFactoryCustomizer customize (Lorg/springframework/boot/web/servlet/server/ConfigurableServletWebServerFactory;)V 168 <appendix> member <vmtarget> ; # org/springframework/boot/autoconfigure/web/servlet/ServletWebServerFactoryCustomizer$$Lambda+0x00000210bf446d20
instanceKlass  @bci org/springframework/boot/autoconfigure/web/servlet/ServletWebServerFactoryCustomizer customize (Lorg/springframework/boot/web/servlet/server/ConfigurableServletWebServerFactory;)V 154 <appendix> member <vmtarget> ; # org/springframework/boot/autoconfigure/web/servlet/ServletWebServerFactoryCustomizer$$Lambda+0x00000210bf446af8
instanceKlass  @bci org/springframework/boot/autoconfigure/web/servlet/ServletWebServerFactoryCustomizer customize (Lorg/springframework/boot/web/servlet/server/ConfigurableServletWebServerFactory;)V 133 <appendix> member <vmtarget> ; # org/springframework/boot/autoconfigure/web/servlet/ServletWebServerFactoryCustomizer$$Lambda+0x00000210bf4468c0
instanceKlass  @bci org/springframework/boot/autoconfigure/web/servlet/ServletWebServerFactoryCustomizer customize (Lorg/springframework/boot/web/servlet/server/ConfigurableServletWebServerFactory;)V 119 <appendix> member <vmtarget> ; # org/springframework/boot/autoconfigure/web/servlet/ServletWebServerFactoryCustomizer$$Lambda+0x00000210bf446698
instanceKlass  @bci org/springframework/boot/autoconfigure/web/servlet/ServletWebServerFactoryCustomizer customize (Lorg/springframework/boot/web/servlet/server/ConfigurableServletWebServerFactory;)V 98 <appendix> member <vmtarget> ; # org/springframework/boot/autoconfigure/web/servlet/ServletWebServerFactoryCustomizer$$Lambda+0x00000210bf446460
instanceKlass  @bci org/springframework/boot/autoconfigure/web/servlet/ServletWebServerFactoryCustomizer customize (Lorg/springframework/boot/web/servlet/server/ConfigurableServletWebServerFactory;)V 84 <appendix> member <vmtarget> ; # org/springframework/boot/autoconfigure/web/servlet/ServletWebServerFactoryCustomizer$$Lambda+0x00000210bf446238
instanceKlass  @bci org/springframework/boot/autoconfigure/web/servlet/ServletWebServerFactoryCustomizer customize (Lorg/springframework/boot/web/servlet/server/ConfigurableServletWebServerFactory;)V 63 <appendix> member <vmtarget> ; # org/springframework/boot/autoconfigure/web/servlet/ServletWebServerFactoryCustomizer$$Lambda+0x00000210bf446000
instanceKlass  @bci org/springframework/boot/autoconfigure/web/servlet/ServletWebServerFactoryCustomizer customize (Lorg/springframework/boot/web/servlet/server/ConfigurableServletWebServerFactory;)V 49 <appendix> member <vmtarget> ; # org/springframework/boot/autoconfigure/web/servlet/ServletWebServerFactoryCustomizer$$Lambda+0x00000210bf443c58
instanceKlass  @bci org/springframework/boot/autoconfigure/web/servlet/ServletWebServerFactoryCustomizer customize (Lorg/springframework/boot/web/servlet/server/ConfigurableServletWebServerFactory;)V 31 <appendix> member <vmtarget> ; # org/springframework/boot/autoconfigure/web/servlet/ServletWebServerFactoryCustomizer$$Lambda+0x00000210bf443a20
instanceKlass  @cpi org/springframework/boot/web/servlet/server/AbstractServletWebServerFactory$SessionConfiguringInitializer 228 form vmentry <vmtarget> ; # java/lang/invoke/LambdaForm$DMH+0x00000210bf444400
instanceKlass  @bci org/springframework/boot/context/properties/PropertyMapper$Source whenNonNull ()Lorg/springframework/boot/context/properties/PropertyMapper$Source; 15 <appendix> argL0 ; # org/springframework/boot/context/properties/PropertyMapper$Source$$Lambda+0x00000210bf4437d0
instanceKlass org/springframework/boot/context/properties/PropertyMapper$NullPointerExceptionSafeSupplier
instanceKlass org/springframework/util/function/SingletonSupplier
instanceKlass  @bci org/springframework/boot/autoconfigure/web/servlet/ServletWebServerFactoryCustomizer customize (Lorg/springframework/boot/web/servlet/server/ConfigurableServletWebServerFactory;)V 17 <appendix> member <vmtarget> ; # org/springframework/boot/autoconfigure/web/servlet/ServletWebServerFactoryCustomizer$$Lambda+0x00000210bf443140
instanceKlass  @bci org/springframework/boot/context/properties/PropertyMapper alwaysApplyingWhenNonNull ()Lorg/springframework/boot/context/properties/PropertyMapper; 2 <appendix> member <vmtarget> ; # org/springframework/boot/context/properties/PropertyMapper$$Lambda+0x00000210bf442f18
instanceKlass org/springframework/boot/context/properties/PropertyMapper$Source
instanceKlass org/springframework/boot/context/properties/PropertyMapper$SourceOperator
instanceKlass  @bci org/springframework/boot/context/properties/PropertyMapper <clinit> ()V 0 <appendix> argL0 ; # org/springframework/boot/context/properties/PropertyMapper$$Lambda+0x00000210bf4428b8
instanceKlass org/springframework/boot/context/properties/PropertyMapper
instanceKlass org/apache/tomcat/jni/Library
instanceKlass java/util/concurrent/locks/ReentrantReadWriteLock$WriteLock
instanceKlass java/util/concurrent/locks/ReentrantReadWriteLock$ReadLock
instanceKlass java/util/concurrent/locks/ReentrantReadWriteLock
instanceKlass java/util/concurrent/locks/ReadWriteLock
instanceKlass org/apache/tomcat/jni/AprStatus
instanceKlass org/apache/catalina/core/AprLifecycleListener
instanceKlass org/springframework/boot/autoconfigure/web/servlet/TomcatServletWebServerFactoryCustomizer$1
instanceKlass java/text/AttributedCharacterIterator
instanceKlass java/text/CharacterIterator
instanceKlass java/text/ParsePosition
instanceKlass  @bci org/springframework/boot/autoconfigure/web/servlet/TomcatServletWebServerFactoryCustomizer customizeUseRelativeRedirects (Lorg/springframework/boot/web/embedded/tomcat/ConfigurableTomcatWebServerFactory;Z)V 8 <appendix> member <vmtarget> ; # org/springframework/boot/autoconfigure/web/servlet/TomcatServletWebServerFactoryCustomizer$$Lambda+0x00000210bf441558
instanceKlass  @bci org/springframework/boot/autoconfigure/web/servlet/TomcatServletWebServerFactoryCustomizer customizeRedirectContextRoot (Lorg/springframework/boot/web/embedded/tomcat/ConfigurableTomcatWebServerFactory;Z)V 8 <appendix> member <vmtarget> ; # org/springframework/boot/autoconfigure/web/servlet/TomcatServletWebServerFactoryCustomizer$$Lambda+0x00000210bf441338
instanceKlass  @cpi org/springframework/boot/autoconfigure/web/embedded/TomcatWebServerFactoryCustomizer 1059 form vmentry <vmtarget> ; # java/lang/invoke/LambdaForm$DMH+0x00000210bf444000
instanceKlass org/springframework/boot/util/LambdaSafe$InvocationResult
instanceKlass  @bci org/springframework/boot/autoconfigure/websocket/servlet/TomcatWebSocketServletWebServerCustomizer customize (Lorg/springframework/boot/web/embedded/tomcat/TomcatServletWebServerFactory;)V 7 <appendix> argL0 ; # org/springframework/boot/autoconfigure/websocket/servlet/TomcatWebSocketServletWebServerCustomizer$$Lambda+0x00000210bf440f08
instanceKlass  @bci org/springframework/boot/util/LambdaSafe$Callbacks lambda$invoke$1 (Ljava/util/function/Consumer;Ljava/lang/Object;)V 4 <appendix> member <vmtarget> ; # org/springframework/boot/util/LambdaSafe$Callbacks$$Lambda+0x00000210bf440ce0
instanceKlass  @bci org/springframework/boot/util/LambdaSafe$Callbacks invoke (Ljava/util/function/Consumer;)V 6 <appendix> member <vmtarget> ; # org/springframework/boot/util/LambdaSafe$Callbacks$$Lambda+0x00000210bf440aa8
instanceKlass  @bci org/springframework/boot/web/server/WebServerFactoryCustomizerBeanPostProcessor postProcessBeforeInitialization (Lorg/springframework/boot/web/server/WebServerFactory;)V 23 <appendix> member <vmtarget> ; # org/springframework/boot/web/server/WebServerFactoryCustomizerBeanPostProcessor$$Lambda+0x00000210bf440870
instanceKlass org/springframework/boot/util/LambdaSafe$GenericTypeFilter
instanceKlass org/springframework/boot/util/LambdaSafe$Filter
instanceKlass org/springframework/boot/util/LambdaSafe$LambdaSafeCallback
instanceKlass jdk/internal/classfile/ClassElement
instanceKlass jdk/internal/classfile/ClassfileElement
instanceKlass jdk/internal/classfile/ClassBuilder
instanceKlass jdk/internal/classfile/ClassfileBuilder
instanceKlass org/springframework/boot/util/LambdaSafe
instanceKlass java/util/function/ObjIntConsumer
instanceKlass org/springframework/boot/ssl/DefaultSslBundleRegistry$RegisteredSslBundle
instanceKlass  @bci org/springframework/boot/autoconfigure/ssl/SslPropertiesBundleRegistrar registerBundles (Lorg/springframework/boot/ssl/SslBundleRegistry;)V 38 <appendix> member <vmtarget> ; # org/springframework/boot/autoconfigure/ssl/SslPropertiesBundleRegistrar$$Lambda+0x00000210bf43f8e0
instanceKlass  @bci org/springframework/boot/autoconfigure/ssl/SslPropertiesBundleRegistrar registerBundles (Lorg/springframework/boot/ssl/SslBundleRegistry;)V 32 <appendix> argL0 ; # org/springframework/boot/autoconfigure/ssl/SslPropertiesBundleRegistrar$$Lambda+0x00000210bf43f6b0
instanceKlass  @bci org/springframework/boot/autoconfigure/ssl/SslPropertiesBundleRegistrar registerBundles (Lorg/springframework/boot/ssl/SslBundleRegistry;Ljava/util/Map;Ljava/util/function/BiFunction;Ljava/util/function/Function;)V 6 <appendix> member <vmtarget> ; # org/springframework/boot/autoconfigure/ssl/SslPropertiesBundleRegistrar$$Lambda+0x00000210bf43f478
instanceKlass  @cpi org/apache/hc/client5/http/impl/classic/MainClientExec 231 form vmentry <vmtarget> ; # java/lang/invoke/LambdaForm$DMH+0x00000210bf43e800
instanceKlass  @bci org/springframework/boot/autoconfigure/ssl/SslPropertiesBundleRegistrar registerBundles (Lorg/springframework/boot/ssl/SslBundleRegistry;)V 15 <appendix> member <vmtarget> ; # org/springframework/boot/autoconfigure/ssl/SslPropertiesBundleRegistrar$$Lambda+0x00000210bf43f230
instanceKlass  @bci org/springframework/boot/autoconfigure/ssl/SslPropertiesBundleRegistrar registerBundles (Lorg/springframework/boot/ssl/SslBundleRegistry;)V 9 <appendix> argL0 ; # org/springframework/boot/autoconfigure/ssl/SslPropertiesBundleRegistrar$$Lambda+0x00000210bf43f000
instanceKlass org/springframework/boot/ssl/SslStoreBundle
instanceKlass org/springframework/boot/autoconfigure/ssl/PropertiesSslBundle
instanceKlass  @bci org/springframework/boot/autoconfigure/ssl/SslAutoConfiguration sslBundleRegistry (Lorg/springframework/beans/factory/ObjectProvider;)Lorg/springframework/boot/ssl/DefaultSslBundleRegistry; 15 <appendix> member <vmtarget> ; # org/springframework/boot/autoconfigure/ssl/SslAutoConfiguration$$Lambda+0x00000210bf43b4b8
instanceKlass org/springframework/boot/autoconfigure/ssl/SslBundleProperties
instanceKlass org/springframework/boot/io/ApplicationResourceLoader$ProtocolResolvingResourceLoader
instanceKlass org/springframework/boot/web/servlet/context/ServletContextResourceFilePathResolver
instanceKlass org/springframework/boot/web/reactive/context/FilteredReactiveWebContextResourceFilePathResolver
instanceKlass org/springframework/boot/io/ClassPathResourceFilePathResolver
instanceKlass org/springframework/boot/io/ApplicationResourceLoader$FilePathResolver
instanceKlass org/springframework/boot/autoconfigure/ssl/SslProperties$Bundles$Watch$File
instanceKlass org/springframework/boot/autoconfigure/ssl/SslProperties$Bundles$Watch
# instanceKlass java/lang/invoke/LambdaForm$MH+0x00000210bf43e400
# instanceKlass java/lang/invoke/LambdaForm$MH+0x00000210bf43e000
# instanceKlass java/lang/invoke/LambdaForm$MH+0x00000210bf43dc00
# instanceKlass java/lang/invoke/LambdaForm$MH+0x00000210bf43d800
# instanceKlass java/lang/invoke/LambdaForm$DMH+0x00000210bf43d400
instanceKlass org/springframework/boot/web/servlet/WebListenerRegistrar
# instanceKlass java/lang/invoke/LambdaForm$MH+0x00000210bf43d000
# instanceKlass java/lang/invoke/LambdaForm$MH+0x00000210bf43cc00
# instanceKlass java/lang/invoke/LambdaForm$MH+0x00000210bf43c800
instanceKlass  @bci org/springframework/boot/context/properties/ConfigurationPropertiesBinder getPropertyEditorInitializer ()Ljava/util/function/Consumer; 28 <appendix> member <vmtarget> ; # org/springframework/boot/context/properties/ConfigurationPropertiesBinder$$Lambda+0x00000210bf438e40
instanceKlass org/springframework/beans/factory/annotation/BeanFactoryAnnotationUtils
instanceKlass org/springframework/boot/context/properties/ConversionServiceDeducer$ConverterBeans
instanceKlass org/springframework/boot/context/properties/ConversionServiceDeducer
# instanceKlass java/lang/invoke/LambdaForm$MH+0x00000210bf43c400
# instanceKlass java/lang/invoke/LambdaForm$MH+0x00000210bf43c000
instanceKlass  @bci org/springframework/cloud/client/loadbalancer/LoadBalancerDefaultMappingsProviderAutoConfiguration loadBalancerClientsDefaultsMappingsProvider ()Lorg/springframework/cloud/commons/config/DefaultsBindHandlerAdvisor$MappingsProvider; 0 <appendix> argL0 ; # org/springframework/cloud/client/loadbalancer/LoadBalancerDefaultMappingsProviderAutoConfiguration$$Lambda+0x00000210bf438370
instanceKlass  @bci org/springframework/core/annotation/AnnotationUtils getAnnotation (Ljava/lang/annotation/Annotation;Ljava/lang/Class;)Ljava/lang/annotation/Annotation; 49 <appendix> argL0 ; # org/springframework/core/annotation/AnnotationUtils$$Lambda+0x00000210bf437d20
instanceKlass org/springframework/beans/factory/support/DefaultListableBeanFactory$1
instanceKlass  @bci org/springframework/core/annotation/SynthesizedMergedAnnotationInvocationHandler lambda$getAttributeValue$1 (Ljava/lang/reflect/Method;Ljava/lang/String;)Ljava/lang/Object; 21 <appendix> member <vmtarget> ; # org/springframework/core/annotation/SynthesizedMergedAnnotationInvocationHandler$$Lambda+0x00000210bf437af8
instanceKlass  @bci org/springframework/core/annotation/SynthesizedMergedAnnotationInvocationHandler getAttributeValue (Ljava/lang/reflect/Method;)Ljava/lang/Object; 10 <appendix> member <vmtarget> ; # org/springframework/core/annotation/SynthesizedMergedAnnotationInvocationHandler$$Lambda+0x00000210bf4378b0
instanceKlass  @bci org/springframework/boot/context/properties/ConfigurationPropertiesBinder getHandler ()Lorg/springframework/boot/context/properties/bind/handler/IgnoreTopLevelConverterNotFoundBindHandler; 26 <appendix> member <vmtarget> ; # org/springframework/boot/context/properties/ConfigurationPropertiesBinder$$Lambda+0x00000210bf437408
instanceKlass  @bci org/springframework/boot/context/properties/bind/Bindable withBindMethod (Lorg/springframework/boot/context/properties/bind/BindMethod;)Lorg/springframework/boot/context/properties/bind/Bindable; 19 <appendix> argL0 ; # org/springframework/boot/context/properties/bind/Bindable$$Lambda+0x00000210bf436d08
instanceKlass org/springframework/validation/annotation/Validated
instanceKlass org/springframework/core/annotation/SynthesizedMergedAnnotationInvocationHandler
instanceKlass org/springframework/boot/context/properties/bind/Nested
instanceKlass org/springframework/boot/context/properties/NestedConfigurationProperty
instanceKlass org/springframework/boot/autoconfigure/web/ServerProperties$Undertow$Options
instanceKlass org/springframework/boot/autoconfigure/web/ServerProperties$Undertow$Threads
instanceKlass org/springframework/boot/autoconfigure/web/ServerProperties$Undertow$Accesslog
instanceKlass org/springframework/boot/autoconfigure/web/ServerProperties$Jetty$Threads
instanceKlass org/springframework/boot/autoconfigure/web/ServerProperties$Jetty$Accesslog
instanceKlass org/springframework/boot/autoconfigure/web/ServerProperties$Tomcat$Remoteip
instanceKlass org/springframework/boot/autoconfigure/web/ServerProperties$Tomcat$Mbeanregistry
instanceKlass org/springframework/boot/autoconfigure/web/ServerProperties$Tomcat$Resource
instanceKlass org/springframework/boot/autoconfigure/web/ServerProperties$Tomcat$Threads
instanceKlass org/springframework/boot/autoconfigure/web/ServerProperties$Tomcat$Accesslog
instanceKlass org/springframework/boot/autoconfigure/web/ServerProperties$Reactive$Session
instanceKlass org/springframework/boot/web/servlet/server/Encoding
instanceKlass org/springframework/boot/autoconfigure/web/ErrorProperties$Whitelabel
instanceKlass  @bci org/springframework/core/BridgeMethodResolver resolveBridgeMethod (Ljava/lang/reflect/Method;Ljava/lang/Class;)Ljava/lang/reflect/Method; 99 <appendix> member <vmtarget> ; # org/springframework/core/BridgeMethodResolver$$Lambda+0x00000210bf433700
instanceKlass  @bci org/springframework/core/BridgeMethodResolver resolveBridgeMethod (Ljava/lang/reflect/Method;Ljava/lang/Class;)Ljava/lang/reflect/Method; 84 <appendix> member <vmtarget> ; # org/springframework/core/BridgeMethodResolver$$Lambda+0x00000210bf4334c8
instanceKlass org/springframework/boot/web/servlet/server/CookieSameSiteSupplier
instanceKlass org/springframework/boot/web/server/ErrorPage
instanceKlass org/apache/catalina/Host
instanceKlass org/springframework/boot/web/embedded/tomcat/SslConnectorCustomizer
instanceKlass org/apache/coyote/AbstractProtocol
instanceKlass org/springframework/boot/web/embedded/tomcat/TomcatWebServer
instanceKlass javax/management/NotificationEmitter
instanceKlass javax/management/NotificationBroadcaster
instanceKlass org/apache/catalina/Engine
instanceKlass org/apache/coyote/ProtocolHandler
instanceKlass  @bci org/springframework/core/OrderComparator withSourceProvider (Lorg/springframework/core/OrderComparator$OrderSourceProvider;)Ljava/util/Comparator; 2 <appendix> member <vmtarget> ; # org/springframework/core/OrderComparator$$Lambda+0x00000210bf42c380
instanceKlass org/springframework/beans/factory/support/DefaultListableBeanFactory$FactoryAwareOrderSourceProvider
instanceKlass  @bci org/springframework/beans/factory/support/DefaultListableBeanFactory createFactoryAwareOrderSourceProvider (Ljava/util/Map;)Lorg/springframework/core/OrderComparator$OrderSourceProvider; 10 <appendix> member <vmtarget> ; # org/springframework/beans/factory/support/DefaultListableBeanFactory$$Lambda+0x00000210bf42bf18
instanceKlass  @bci org/springframework/beans/factory/support/DefaultListableBeanFactory resolveMultipleBeans (Lorg/springframework/beans/factory/config/DependencyDescriptor;Ljava/lang/String;Ljava/util/Set;Lorg/springframework/beans/TypeConverter;)Ljava/lang/Object; 73 <appendix> argL0 ; # org/springframework/beans/factory/support/DefaultListableBeanFactory$$Lambda+0x00000210bf42bcc8
instanceKlass  @bci org/springframework/beans/factory/support/DefaultListableBeanFactory resolveMultipleBeans (Lorg/springframework/beans/factory/config/DependencyDescriptor;Ljava/lang/String;Ljava/util/Set;Lorg/springframework/beans/TypeConverter;)Ljava/lang/Object; 63 <appendix> member <vmtarget> ; # org/springframework/beans/factory/support/DefaultListableBeanFactory$$Lambda+0x00000210bf42ba80
instanceKlass org/springframework/boot/web/embedded/tomcat/TldPatterns
instanceKlass org/springframework/boot/web/servlet/server/StaticResourceJars
instanceKlass org/springframework/boot/web/servlet/server/DocumentRoot
instanceKlass org/springframework/boot/web/servlet/server/Jsp
instanceKlass org/springframework/boot/web/server/MimeMappings$Mapping
instanceKlass org/springframework/boot/web/servlet/server/SessionStoreDirectory
instanceKlass org/springframework/boot/web/server/Cookie
instanceKlass org/springframework/boot/web/servlet/server/Session
instanceKlass org/apache/tomcat/JarScanFilter
instanceKlass org/springframework/boot/web/server/WebServer
instanceKlass org/apache/catalina/Loader
instanceKlass org/apache/tomcat/util/security/PermissionCheck
instanceKlass org/apache/juli/WebappProperties
instanceKlass org/apache/tomcat/InstrumentableClassLoader
instanceKlass org/apache/catalina/Context
instanceKlass org/apache/tomcat/ContextBind
instanceKlass org/apache/catalina/WebResourceRoot
instanceKlass org/apache/catalina/LifecycleListener
instanceKlass org/apache/catalina/Manager
# instanceKlass java/lang/invoke/LambdaForm$MH+0x00000210bf425800
# instanceKlass java/lang/invoke/LambdaForm$MH+0x00000210bf425400
# instanceKlass java/lang/invoke/LambdaForm$DMH+0x00000210bf425000
instanceKlass org/springframework/boot/web/embedded/tomcat/TomcatProtocolHandlerCustomizer
instanceKlass org/springframework/boot/web/embedded/tomcat/TomcatContextCustomizer
instanceKlass org/springframework/boot/web/embedded/tomcat/TomcatConnectorCustomizer
instanceKlass org/springframework/ui/context/Theme
instanceKlass org/springframework/ui/context/support/ResourceBundleThemeSource
instanceKlass org/springframework/ui/context/HierarchicalThemeSource
instanceKlass org/springframework/ui/context/support/UiApplicationContextUtils
instanceKlass org/springframework/context/support/MessageSourceSupport
instanceKlass org/springframework/context/HierarchicalMessageSource
# instanceKlass java/lang/invoke/LambdaForm$MH+0x00000210bf424c00
# instanceKlass java/lang/invoke/LambdaForm$MH+0x00000210bf424800
# instanceKlass java/lang/invoke/LambdaForm$MH+0x00000210bf424400
instanceKlass org/springframework/core/MethodClassKey
instanceKlass  @bci org/springframework/util/ReflectionUtils getAllDeclaredMethods (Ljava/lang/Class;)[Ljava/lang/reflect/Method; 17 <appendix> member <vmtarget> ; # org/springframework/util/ReflectionUtils$$Lambda+0x00000210bf423a98
instanceKlass org/springframework/aop/IntroductionAwareMethodMatcher
instanceKlass org/springframework/transaction/interceptor/TransactionalProxy
instanceKlass org/springframework/data/projection/MethodInterceptorFactory
instanceKlass  @bci org/springframework/data/projection/ProxyProjectionFactory <init> ()V 16 <appendix> argL0 ; # org/springframework/data/projection/ProxyProjectionFactory$$Lambda+0x00000210bf4227c0
instanceKlass org/springframework/data/projection/DefaultMethodInvokingMethodInterceptor
instanceKlass org/springframework/data/util/NullableWrapper
instanceKlass  @bci org/springframework/data/util/Streamable map (Ljava/util/function/Function;)Lorg/springframework/data/util/Streamable; 8 <appendix> member <vmtarget> ; # org/springframework/data/util/Streamable$$Lambda+0x00000210bf422138
instanceKlass  @cpi org/springframework/data/repository/core/support/MethodLookup 73 form vmentry <vmtarget> ; # java/lang/invoke/LambdaForm$DMH+0x00000210bf424000
instanceKlass  @bci org/springframework/data/util/NullableWrapperConverters$AbstractWrapperTypeConverter getConvertibleTypes ()Ljava/util/Set; 7 <appendix> argL0 ; # org/springframework/data/util/NullableWrapperConverters$AbstractWrapperTypeConverter$$Lambda+0x00000210bf421ef8
instanceKlass org/springframework/data/util/NullableWrapperConverters$WrapperType
instanceKlass org/springframework/data/util/NullableWrapperConverters$AbstractWrapperTypeConverter
instanceKlass com/google/common/base/Optional
instanceKlass org/springframework/data/util/NullableWrapperConverters
instanceKlass  @bci org/springframework/data/projection/ProxyProjectionFactory <clinit> ()V 21 <appendix> member <vmtarget> ; # org/springframework/data/projection/ProxyProjectionFactory$$Lambda+0x00000210bf420000
instanceKlass org/springframework/data/convert/Jsr310Converters
instanceKlass org/springframework/data/projection/ProjectionInformation
instanceKlass org/springframework/data/projection/ProxyProjectionFactory
instanceKlass org/springframework/data/projection/ProjectionFactory
instanceKlass org/springframework/validation/BindingResult
instanceKlass org/springframework/web/ErrorResponse
instanceKlass org/springframework/web/method/annotation/ModelAttributeMethodProcessor
instanceKlass org/springframework/web/method/support/HandlerMethodReturnValueHandler
instanceKlass org/springframework/aop/aspectj/AspectJPointcutAdvisor
instanceKlass org/springframework/transaction/interceptor/TransactionAttributeSourcePointcut$TransactionAttributeSourceClassFilter
instanceKlass org/springframework/aop/TrueClassFilter
instanceKlass org/springframework/aop/support/StaticMethodMatcher
# instanceKlass java/lang/invoke/LambdaForm$MH+0x00000210bf418800
# instanceKlass java/lang/invoke/LambdaForm$MH+0x00000210bf418400
# instanceKlass java/lang/invoke/LambdaForm$MH+0x00000210bf418000
instanceKlass org/springframework/transaction/TransactionStatus
instanceKlass org/springframework/transaction/SavepointManager
instanceKlass org/springframework/transaction/TransactionExecution
instanceKlass org/springframework/transaction/interceptor/TransactionAspectSupport$ThrowableHolder
instanceKlass org/springframework/transaction/interceptor/TransactionAspectSupport$InvocationCallback
instanceKlass org/springframework/transaction/interceptor/TransactionAspectSupport$TransactionInfo
instanceKlass org/springframework/transaction/interceptor/TransactionAspectSupport$ReactiveTransactionSupport
instanceKlass java/io/ObjectOutput
instanceKlass java/io/ObjectStreamConstants
instanceKlass java/io/ObjectInput
instanceKlass org/aopalliance/intercept/MethodInvocation
instanceKlass org/aopalliance/intercept/Invocation
instanceKlass org/aopalliance/intercept/Joinpoint
instanceKlass org/springframework/transaction/interceptor/RollbackRuleAttribute
instanceKlass org/springframework/transaction/annotation/JtaTransactionAnnotationParser
instanceKlass org/springframework/transaction/annotation/SpringTransactionAnnotationParser
instanceKlass org/springframework/transaction/annotation/TransactionAnnotationParser
instanceKlass jakarta/transaction/Transactional
instanceKlass org/springframework/transaction/interceptor/TransactionAttribute
instanceKlass org/springframework/transaction/interceptor/AbstractFallbackTransactionAttributeSource
instanceKlass org/springframework/aop/IntroductionAdvisor
instanceKlass org/springframework/aop/IntroductionInfo
instanceKlass org/springframework/aop/aspectj/AspectJProxyUtils
instanceKlass org/springframework/aop/framework/autoproxy/ProxyCreationContext
instanceKlass org/springframework/data/jpa/repository/query/EscapeCharacter
instanceKlass org/xml/sax/InputSource
instanceKlass java/lang/reflect/AnnotatedType
instanceKlass java/lang/Class$EnclosingMethodInfo
instanceKlass org/springframework/data/spel/EvaluationContextProvider
instanceKlass org/springframework/data/repository/query/QueryMethodEvaluationContextProvider
instanceKlass org/springframework/data/mapping/PersistentEntity
instanceKlass org/springframework/data/repository/core/RepositoryInformation
instanceKlass org/springframework/data/repository/core/EntityInformation
instanceKlass org/springframework/data/repository/core/EntityMetadata
instanceKlass org/springframework/data/repository/core/support/RepositoryFactoryCustomizer
instanceKlass org/springframework/data/jpa/repository/query/JpaQueryMethodFactory
instanceKlass org/springframework/data/querydsl/EntityPathResolver
instanceKlass org/springframework/data/repository/core/support/RepositoryProxyPostProcessor
instanceKlass org/springframework/data/repository/core/support/RepositoryComposition
instanceKlass org/springframework/data/repository/core/support/RepositoryInvocationMulticaster
instanceKlass  @bci org/springframework/core/annotation/AnnotationUtils getAnnotation (Ljava/lang/reflect/AnnotatedElement;Ljava/lang/Class;)Ljava/lang/annotation/Annotation; 48 <appendix> argL0 ; # org/springframework/core/annotation/AnnotationUtils$$Lambda+0x00000210bf40db80
instanceKlass org/springframework/transaction/annotation/TransactionManagementConfigurer
instanceKlass org/springframework/beans/factory/annotation/InjectionMetadata$InjectedElement
instanceKlass  @bci org/springframework/core/annotation/AnnotationUtils findAnnotation (Ljava/lang/Class;Ljava/lang/Class;)Ljava/lang/annotation/Annotation; 81 <appendix> argL0 ; # org/springframework/core/annotation/AnnotationUtils$$Lambda+0x00000210bf40cc98
instanceKlass org/aspectj/lang/annotation/Aspect
instanceKlass org/springframework/aop/TrueMethodMatcher
instanceKlass org/springframework/aop/support/annotation/AnnotationClassFilter
instanceKlass org/springframework/aop/MethodMatcher
instanceKlass org/springframework/aop/ClassFilter
instanceKlass org/springframework/aop/support/annotation/AnnotationMatchingPointcut
instanceKlass org/springframework/dao/support/PersistenceExceptionTranslationInterceptor
instanceKlass org/springframework/aop/Advisor$1
instanceKlass org/springframework/aop/Pointcut
instanceKlass  @bci org/springframework/core/SimpleAliasRegistry retrieveAliases (Ljava/lang/String;Ljava/util/List;)V 7 <appendix> member <vmtarget> ; # org/springframework/core/SimpleAliasRegistry$$Lambda+0x00000210bf40b490
instanceKlass  @bci org/springframework/beans/factory/support/DefaultListableBeanFactory isAutowireCandidate (Ljava/lang/String;Lorg/springframework/beans/factory/support/RootBeanDefinition;Lorg/springframework/beans/factory/config/DependencyDescriptor;Lorg/springframework/beans/factory/support/AutowireCandidateResolver;)Z 64 <appendix> member <vmtarget> ; # org/springframework/beans/factory/support/DefaultListableBeanFactory$$Lambda+0x00000210bf40b248
instanceKlass org/springframework/core/annotation/AnnotatedElementUtils$AnnotatedElementForAnnotations
instanceKlass org/springframework/aop/aspectj/annotation/AbstractAspectJAdvisorFactory$AspectJAnnotationParameterNameDiscoverer
instanceKlass  @bci java/util/Comparator thenComparing (Ljava/util/Comparator;)Ljava/util/Comparator; 7 <appendix> member <vmtarget> ; # java/util/Comparator$$Lambda+0x00000210bf25a3a0
instanceKlass org/springframework/util/comparator/Comparators
instanceKlass  @bci org/springframework/aop/aspectj/annotation/ReflectiveAspectJAdvisorFactory <clinit> ()V 74 <appendix> argL0 ; # org/springframework/aop/aspectj/annotation/ReflectiveAspectJAdvisorFactory$$Lambda+0x00000210bf40a948
instanceKlass  @bci org/springframework/aop/aspectj/annotation/ReflectiveAspectJAdvisorFactory <clinit> ()V 61 <appendix> argL0 ; # org/springframework/aop/aspectj/annotation/ReflectiveAspectJAdvisorFactory$$Lambda+0x00000210bf40a718
instanceKlass org/springframework/util/comparator/InstanceComparator
instanceKlass org/springframework/core/convert/converter/ConvertingComparator
instanceKlass  @bci org/springframework/util/ReflectionUtils$MethodFilter and (Lorg/springframework/util/ReflectionUtils$MethodFilter;)Lorg/springframework/util/ReflectionUtils$MethodFilter; 8 <appendix> member <vmtarget> ; # org/springframework/util/ReflectionUtils$MethodFilter$$Lambda+0x00000210bf409f90
instanceKlass  @bci org/springframework/aop/aspectj/annotation/ReflectiveAspectJAdvisorFactory <clinit> ()V 3 <appendix> argL0 ; # org/springframework/aop/aspectj/annotation/ReflectiveAspectJAdvisorFactory$$Lambda+0x00000210bf409d60
instanceKlass org/aspectj/lang/annotation/AfterThrowing
instanceKlass org/aspectj/lang/annotation/AfterReturning
instanceKlass org/aspectj/lang/annotation/After
instanceKlass org/aspectj/lang/annotation/Before
instanceKlass org/aspectj/lang/annotation/Around
instanceKlass org/aspectj/lang/annotation/Pointcut
instanceKlass org/springframework/aop/AfterReturningAdvice
instanceKlass org/springframework/aop/AfterAdvice
instanceKlass org/springframework/aop/MethodBeforeAdvice
instanceKlass org/springframework/aop/BeforeAdvice
instanceKlass org/springframework/aop/aspectj/AbstractAspectJAdvice
instanceKlass org/springframework/aop/aspectj/AspectJPrecedenceInformation
instanceKlass org/springframework/aop/aspectj/annotation/MetadataAwareAspectInstanceFactory
instanceKlass org/springframework/aop/aspectj/AspectInstanceFactory
instanceKlass org/springframework/aop/aspectj/annotation/AbstractAspectJAdvisorFactory
# instanceKlass java/lang/invoke/LambdaForm$MH+0x00000210bf402800
# instanceKlass java/lang/invoke/LambdaForm$MH+0x00000210bf402400
# instanceKlass java/lang/invoke/LambdaForm$MH+0x00000210bf402000
# instanceKlass java/lang/invoke/LambdaForm$BMH+0x00000210bf401c00
# instanceKlass java/lang/invoke/LambdaForm$DMH+0x00000210bf401800
# instanceKlass java/lang/invoke/LambdaForm$MH+0x00000210bf401400
# instanceKlass java/lang/invoke/LambdaForm$DMH+0x00000210bf401000
instanceKlass java/lang/invoke/ClassSpecializer$Factory$1Var
# instanceKlass java/lang/invoke/LambdaForm$DMH+0x00000210bf400c00
instanceKlass sun/invoke/util/ValueConversions$1
instanceKlass  @cpi org/springframework/boot/autoconfigure/web/embedded/TomcatWebServerFactoryCustomizer 991 form vmentry <vmtarget> ; # java/lang/invoke/LambdaForm$DMH+0x00000210bf400800
instanceKlass org/springframework/core/convert/support/NumberToNumberConverterFactory$NumberToNumber
instanceKlass  @bci org/springframework/beans/factory/annotation/AutowiredAnnotationBeanPostProcessor buildAutowiringMetadata (Ljava/lang/Class;)Lorg/springframework/beans/factory/annotation/InjectionMetadata; 63 <appendix> member <vmtarget> ; # org/springframework/beans/factory/annotation/AutowiredAnnotationBeanPostProcessor$$Lambda+0x00000210bf407558
instanceKlass  @bci org/springframework/beans/factory/annotation/AutowiredAnnotationBeanPostProcessor buildAutowiringMetadata (Ljava/lang/Class;)Lorg/springframework/beans/factory/annotation/InjectionMetadata; 41 <appendix> member <vmtarget> ; # org/springframework/beans/factory/annotation/AutowiredAnnotationBeanPostProcessor$$Lambda+0x00000210bf407330
instanceKlass  @bci org/springframework/context/annotation/CommonAnnotationBeanPostProcessor buildResourceMetadata (Ljava/lang/Class;)Lorg/springframework/beans/factory/annotation/InjectionMetadata; 53 <appendix> member <vmtarget> ; # org/springframework/context/annotation/CommonAnnotationBeanPostProcessor$$Lambda+0x00000210bf407108
instanceKlass  @bci org/springframework/context/annotation/CommonAnnotationBeanPostProcessor buildResourceMetadata (Ljava/lang/Class;)Lorg/springframework/beans/factory/annotation/InjectionMetadata; 40 <appendix> member <vmtarget> ; # org/springframework/context/annotation/CommonAnnotationBeanPostProcessor$$Lambda+0x00000210bf406ee0
instanceKlass  @bci org/springframework/beans/factory/annotation/InitDestroyAnnotationBeanPostProcessor buildLifecycleMetadata (Ljava/lang/Class;)Lorg/springframework/beans/factory/annotation/InitDestroyAnnotationBeanPostProcessor$LifecycleMetadata; 72 <appendix> member <vmtarget> ; # org/springframework/beans/factory/annotation/InitDestroyAnnotationBeanPostProcessor$$Lambda+0x00000210bf406cb8
instanceKlass  @bci org/springframework/orm/jpa/support/PersistenceAnnotationBeanPostProcessor buildPersistenceMetadata (Ljava/lang/Class;)Lorg/springframework/beans/factory/annotation/InjectionMetadata; 67 <appendix> member <vmtarget> ; # org/springframework/orm/jpa/support/PersistenceAnnotationBeanPostProcessor$$Lambda+0x00000210bf406a90
instanceKlass  @bci org/springframework/orm/jpa/support/PersistenceAnnotationBeanPostProcessor buildPersistenceMetadata (Ljava/lang/Class;)Lorg/springframework/beans/factory/annotation/InjectionMetadata; 54 <appendix> member <vmtarget> ; # org/springframework/orm/jpa/support/PersistenceAnnotationBeanPostProcessor$$Lambda+0x00000210bf406868
instanceKlass org/springframework/util/ReflectionUtils$FieldCallback
instanceKlass jakarta/persistence/PersistenceUnit
instanceKlass org/springframework/beans/factory/annotation/InjectionMetadata
instanceKlass org/springframework/aop/framework/adapter/ThrowsAdviceAdapter
instanceKlass org/springframework/aop/framework/adapter/AfterReturningAdviceAdapter
instanceKlass org/springframework/aop/framework/adapter/MethodBeforeAdviceAdapter
instanceKlass org/springframework/aop/framework/adapter/AdvisorAdapter
instanceKlass org/springframework/aop/framework/adapter/DefaultAdvisorAdapterRegistry
instanceKlass org/springframework/aop/framework/adapter/GlobalAdvisorAdapterRegistry
instanceKlass org/springframework/aop/aspectj/autoproxy/AspectJPrecedenceComparator
instanceKlass org/springframework/aop/framework/autoproxy/TargetSourceCreator
instanceKlass org/springframework/aop/framework/adapter/AdvisorAdapterRegistry
instanceKlass org/springframework/aop/aspectj/annotation/BeanFactoryAspectJAdvisorsBuilder
instanceKlass org/springframework/aop/aspectj/annotation/AspectJAdvisorFactory
instanceKlass org/springframework/aop/framework/autoproxy/BeanFactoryAdvisorRetrievalHelper
instanceKlass  @bci org/springframework/beans/factory/annotation/AutowiredAnnotationBeanPostProcessor checkLookupMethods (Ljava/lang/Class;Ljava/lang/String;)V 28 <appendix> member <vmtarget> ; # org/springframework/beans/factory/annotation/AutowiredAnnotationBeanPostProcessor$$Lambda+0x00000210bf3fe8b0
instanceKlass  @bci java/util/concurrent/CopyOnWriteArrayList removeAll (Ljava/util/Collection;)Z 7 <appendix> member <vmtarget> ; # java/util/concurrent/CopyOnWriteArrayList$$Lambda+0x00000210bf259b58
# instanceKlass java/lang/invoke/LambdaForm$MH+0x00000210bf400400
# instanceKlass java/lang/invoke/LambdaForm$MH+0x00000210bf400000
instanceKlass  @bci org/springframework/beans/factory/ObjectProvider <clinit> ()V 0 <appendix> argL0 ; # org/springframework/beans/factory/ObjectProvider$$Lambda+0x00000210bf3fe660
instanceKlass org/springframework/beans/factory/support/DefaultListableBeanFactory$DependencyObjectProvider
instanceKlass org/springframework/beans/factory/support/DefaultListableBeanFactory$BeanObjectProvider
instanceKlass org/springframework/validation/Errors
instanceKlass org/springframework/boot/context/properties/ConfigurationPropertiesJsr303Validator
instanceKlass org/springframework/boot/context/properties/PropertySourcesDeducer
instanceKlass org/springframework/jndi/JndiTemplate
instanceKlass javax/annotation/PreDestroy
instanceKlass javax/annotation/Resource
instanceKlass jakarta/annotation/Resource
instanceKlass org/springframework/beans/factory/annotation/InitDestroyAnnotationBeanPostProcessor$LifecycleMetadata
instanceKlass jakarta/inject/Inject
instanceKlass org/springframework/beans/factory/support/MethodOverride
instanceKlass org/springframework/context/support/PostProcessorRegistrationDelegate$BeanPostProcessorChecker
instanceKlass  @bci org/springframework/beans/factory/support/AbstractBeanFactory clearMetadataCache ()V 5 <appendix> member <vmtarget> ; # org/springframework/beans/factory/support/AbstractBeanFactory$$Lambda+0x00000210bf3fae60
instanceKlass  @bci org/springframework/security/converter/RsaKeyConverters pkcs8 ()Lorg/springframework/core/convert/converter/Converter; 5 <appendix> member <vmtarget> ; # org/springframework/security/converter/RsaKeyConverters$$Lambda+0x00000210bf3fac28
instanceKlass  @bci org/springframework/core/convert/converter/Converter andThen (Lorg/springframework/core/convert/converter/Converter;)Lorg/springframework/core/convert/converter/Converter; 8 <appendix> member <vmtarget> ; # org/springframework/core/convert/converter/Converter$$Lambda+0x00000210bf3fa9f0
instanceKlass  @bci org/springframework/security/config/crypto/RsaKeyConversionServicePostProcessor$ResourceKeyConverterAdapter autoclose (Lorg/springframework/core/convert/converter/Converter;)Lorg/springframework/core/convert/converter/Converter; 1 <appendix> member <vmtarget> ; # org/springframework/security/config/crypto/RsaKeyConversionServicePostProcessor$ResourceKeyConverterAdapter$$Lambda+0x00000210bf3fa7b8
instanceKlass  @bci org/springframework/security/config/crypto/RsaKeyConversionServicePostProcessor$ResourceKeyConverterAdapter pemInputStreamConverter ()Lorg/springframework/core/convert/converter/Converter; 1 <appendix> member <vmtarget> ; # org/springframework/security/config/crypto/RsaKeyConversionServicePostProcessor$ResourceKeyConverterAdapter$$Lambda+0x00000210bf3fa580
instanceKlass  @bci org/springframework/security/converter/RsaKeyConverters x509 ()Lorg/springframework/core/convert/converter/Converter; 24 <appendix> member <vmtarget> ; # org/springframework/security/converter/RsaKeyConverters$$Lambda+0x00000210bf3fa348
instanceKlass org/springframework/security/converter/RsaKeyConverters$X509CertificateDecoder
instanceKlass org/springframework/security/converter/RsaKeyConverters$X509PemDecoder
instanceKlass org/springframework/security/converter/RsaKeyConverters
instanceKlass org/springframework/security/config/crypto/RsaKeyConversionServicePostProcessor$ResourceKeyConverterAdapter
instanceKlass org/springframework/security/config/crypto/RsaKeyConversionServicePostProcessor
instanceKlass org/springframework/context/expression/CachedExpressionEvaluator
instanceKlass jakarta/inject/Scope
instanceKlass jakarta/inject/Singleton
instanceKlass org/springframework/boot/autoconfigure/sql/init/SqlInitializationScriptsRuntimeHints
instanceKlass org/springframework/jmx/export/annotation/ManagedResource
instanceKlass org/springframework/boot/sql/init/dependency/DependsOnDatabaseInitialization
instanceKlass org/springframework/boot/sql/init/dependency/AnnotationDependsOnDatabaseInitializationDetector
instanceKlass org/springframework/boot/sql/init/dependency/AbstractBeansOfTypeDependsOnDatabaseInitializationDetector
instanceKlass org/springframework/boot/sql/init/dependency/DependsOnDatabaseInitializationDetector
instanceKlass  @bci org/springframework/boot/sql/init/dependency/DatabaseInitializationDependencyConfigurer$DependsOnDatabaseInitializationPostProcessor$InitializerBeanNames detected (Lorg/springframework/boot/sql/init/dependency/DatabaseInitializerDetector;Ljava/lang/String;)V 5 <appendix> argL0 ; # org/springframework/boot/sql/init/dependency/DatabaseInitializationDependencyConfigurer$DependsOnDatabaseInitializationPostProcessor$InitializerBeanNames$$Lambda+0x00000210bf3f3688
instanceKlass org/springframework/boot/autoconfigure/flyway/FlywayMigrationInitializer
instanceKlass  @bci org/springframework/boot/sql/init/dependency/BeansOfTypeDetector detect (Lorg/springframework/beans/factory/ListableBeanFactory;)Ljava/util/Set; 71 <appendix> member <vmtarget> ; # org/springframework/boot/sql/init/dependency/BeansOfTypeDetector$$Lambda+0x00000210bf3f31f8
instanceKlass  @bci org/springframework/boot/sql/init/dependency/BeansOfTypeDetector detect (Lorg/springframework/beans/factory/ListableBeanFactory;)Ljava/util/Set; 55 <appendix> argL0 ; # org/springframework/boot/sql/init/dependency/BeansOfTypeDetector$$Lambda+0x00000210bf3f2fb8
instanceKlass org/springframework/boot/sql/init/dependency/BeansOfTypeDetector
instanceKlass org/springframework/boot/sql/init/dependency/DatabaseInitializationDependencyConfigurer$DependsOnDatabaseInitializationPostProcessor$InitializerBeanNames
instanceKlass org/springframework/boot/sql/init/dependency/AbstractBeansOfTypeDatabaseInitializerDetector
instanceKlass org/springframework/boot/sql/init/dependency/DatabaseInitializerDetector
instanceKlass org/springframework/data/jpa/util/BeanDefinitionUtils$EntityManagerFactoryBeanDefinition
instanceKlass org/springframework/data/jpa/util/BeanDefinitionUtils
instanceKlass  @bci org/springframework/core/SimpleAliasRegistry resolveAliases (Lorg/springframework/util/StringValueResolver;)V 28 <appendix> member <vmtarget> ; # org/springframework/core/SimpleAliasRegistry$$Lambda+0x00000210bf3f0970
instanceKlass org/springframework/beans/factory/config/BeanDefinitionVisitor
instanceKlass  @bci org/springframework/context/support/PropertySourcesPlaceholderConfigurer processProperties (Lorg/springframework/beans/factory/config/ConfigurableListableBeanFactory;Lorg/springframework/core/env/ConfigurablePropertyResolver;)V 42 <appendix> member <vmtarget> ; # org/springframework/context/support/PropertySourcesPlaceholderConfigurer$$Lambda+0x00000210bf3f04c0
instanceKlass org/springframework/util/DefaultPropertiesPersister
instanceKlass sun/security/provider/ByteArrayAccess$LE
instanceKlass org/springframework/context/annotation/ConfigurationClassPostProcessor$ImportAwareBeanPostProcessor
instanceKlass  @bci org/springframework/context/annotation/ConfigurationClassPostProcessor enhanceConfigurationClasses (Lorg/springframework/beans/factory/config/ConfigurableListableBeanFactory;)V 502 <appendix> member <vmtarget> ; # org/springframework/context/annotation/ConfigurationClassPostProcessor$$Lambda+0x00000210bf3eb800
# instanceKlass java/lang/invoke/LambdaForm$MH+0x00000210bf3eb400
# instanceKlass java/lang/invoke/LambdaForm$MH+0x00000210bf3eb000
# instanceKlass java/lang/invoke/LambdaForm$MH+0x00000210bf3eac00
instanceKlass  @bci jdk/internal/reflect/MethodHandleObjectFieldAccessorImpl set (Ljava/lang/Object;Ljava/lang/Object;)V 29 <adapter> ; # java/lang/invoke/LambdaForm$MH+0x00000210bf3ea800
instanceKlass org/springframework/cglib/proxy/Enhancer$EnhancerFactoryData
instanceKlass org/springframework/cglib/reflect/FastClassEmitter$2
instanceKlass org/springframework/cglib/core/Block
instanceKlass org/springframework/cglib/core/EmitUtils$7
instanceKlass  @bci org/springframework/cglib/core/EmitUtils member_helper_size (Lorg/springframework/cglib/core/CodeEmitter;Ljava/util/List;Lorg/springframework/cglib/core/ObjectSwitchCallback;Lorg/springframework/cglib/core/EmitUtils$ParameterTyper;Lorg/springframework/asm/Label;Lorg/springframework/asm/Label;)V 2 <appendix> member <vmtarget> ; # org/springframework/cglib/core/EmitUtils$$Lambda+0x00000210bf3ee730
instanceKlass org/springframework/cglib/core/EmitUtils$6
instanceKlass  @bci org/springframework/cglib/core/EmitUtils member_switch_helper (Lorg/springframework/cglib/core/CodeEmitter;Ljava/util/List;Lorg/springframework/cglib/core/ObjectSwitchCallback;Z)V 39 <appendix> argL0 ; # org/springframework/cglib/core/EmitUtils$$Lambda+0x00000210bf3ee2d0
instanceKlass  @bci org/springframework/cglib/core/EmitUtils member_switch_helper (Lorg/springframework/cglib/core/CodeEmitter;Ljava/util/List;Lorg/springframework/cglib/core/ObjectSwitchCallback;Z)V 11 <appendix> member <vmtarget> ; # org/springframework/cglib/core/EmitUtils$$Lambda+0x00000210bf3ee0a8
instanceKlass org/springframework/cglib/core/EmitUtils$ParameterTyper
instanceKlass org/springframework/cglib/reflect/FastClassEmitter$GetIndexCallback
instanceKlass org/springframework/cglib/reflect/FastClassEmitter$1
instanceKlass  @bci org/springframework/cglib/reflect/FastClassEmitter emitIndexBySignature (Ljava/util/List;)V 11 <appendix> argL0 ; # org/springframework/cglib/reflect/FastClassEmitter$$Lambda+0x00000210bf3ed808
instanceKlass org/springframework/cglib/reflect/FastClass
instanceKlass org/springframework/cglib/proxy/MethodProxy$FastClassInfo
instanceKlass org/springframework/cglib/proxy/MethodProxy$CreateInfo
instanceKlass org/springframework/cglib/proxy/MethodProxy
instanceKlass jdk/internal/org/objectweb/asm/ClassReader
instanceKlass org/springframework/cglib/core/ClassNameReader
instanceKlass org/springframework/asm/Handler
instanceKlass org/springframework/cglib/core/Local
instanceKlass java/util/LinkedList$ListItr
instanceKlass org/springframework/cglib/core/EmitUtils$3
instanceKlass java/util/DualPivotQuicksort
instanceKlass java/util/LinkedList$Node
instanceKlass  @bci org/springframework/cglib/core/EmitUtils string_switch_hash (Lorg/springframework/cglib/core/CodeEmitter;[Ljava/lang/String;Lorg/springframework/cglib/core/ObjectSwitchCallback;Z)V 4 <appendix> argL0 ; # org/springframework/cglib/core/EmitUtils$$Lambda+0x00000210bf3e73f0
instanceKlass org/springframework/cglib/proxy/MethodInterceptorGenerator$1
instanceKlass org/springframework/asm/Edge
instanceKlass org/springframework/cglib/core/EmitUtils$ArrayDelimiters
instanceKlass org/springframework/cglib/core/ProcessArrayCallback
instanceKlass org/springframework/cglib/core/EmitUtils
instanceKlass org/springframework/cglib/proxy/Enhancer$4
instanceKlass org/springframework/cglib/core/LocalVariablesSorter$State
instanceKlass org/springframework/asm/Label
instanceKlass org/springframework/asm/Frame
instanceKlass org/springframework/cglib/proxy/BridgeMethodResolver
instanceKlass  @bci org/springframework/boot/web/embedded/tomcat/TomcatWebServer startNonDaemonAwaitThread ()V 11 <appendix> form vmentry <vmtarget> ; # java/lang/invoke/LambdaForm$MH+0x00000210bf3ea400
instanceKlass  @bci org/springframework/boot/web/embedded/tomcat/TomcatWebServer startNonDaemonAwaitThread ()V 11 <appendix> argL3 form vmentry <vmtarget> ; # java/lang/invoke/LambdaForm$MH+0x00000210bf3ea000
# instanceKlass java/lang/invoke/LambdaForm$MH+0x00000210bf3e9c00
# instanceKlass java/lang/invoke/LambdaForm$MH+0x00000210bf3e9800
# instanceKlass java/lang/invoke/LambdaForm$MH+0x00000210bf3e9400
instanceKlass org/springframework/cglib/core/ClassEmitter$FieldInfo
instanceKlass org/springframework/cglib/core/MethodInfoTransformer
instanceKlass  @bci org/springframework/cglib/core/MethodWrapper$MethodWrapperKey equals (Ljava/lang/Object;)Z 2 <adapter> ; # java/lang/invoke/LambdaForm$MH+0x00000210bf3e9000
# instanceKlass java/lang/invoke/LambdaForm$MH+0x00000210bf3e8c00
instanceKlass  @bci org/springframework/cglib/core/MethodWrapper$MethodWrapperKey equals (Ljava/lang/Object;)Z 2 <appendix> form vmentry <vmtarget> ; # java/lang/invoke/LambdaForm$MH+0x00000210bf3e8800
instanceKlass  @bci org/springframework/cglib/core/MethodWrapper$MethodWrapperKey equals (Ljava/lang/Object;)Z 2 <appendix> argL1 form vmentry <vmtarget> ; # java/lang/invoke/LambdaForm$MH+0x00000210bf3e8400
instanceKlass  @bci org/springframework/cglib/core/MethodWrapper$MethodWrapperKey equals (Ljava/lang/Object;)Z 2 <appendix> form names 9 function resolvedHandle form vmentry <vmtarget> ; # java/lang/invoke/LambdaForm$MH+0x00000210bf3e8000
instanceKlass  @bci org/springframework/cglib/core/MethodWrapper$MethodWrapperKey equals (Ljava/lang/Object;)Z 2 <appendix> form names 9 function resolvedHandle form names 5 function resolvedHandle form vmentry <vmtarget> ; # java/lang/invoke/LambdaForm$DMH+0x00000210bf3e3c00
instanceKlass  @cpi org/hibernate/query/results/ResultsHelper 118 form vmentry <vmtarget> ; # java/lang/invoke/LambdaForm$DMH+0x00000210bf3e3800
# instanceKlass java/lang/invoke/LambdaForm$MH+0x00000210bf3e3400
# instanceKlass java/lang/invoke/LambdaForm$MH+0x00000210bf3e3000
# instanceKlass java/lang/invoke/LambdaForm$MH+0x00000210bf3e2c00
# instanceKlass java/lang/invoke/LambdaForm$MH+0x00000210bf3e2800
# instanceKlass java/lang/invoke/LambdaForm$MH+0x00000210bf3e2400
instanceKlass  @bci org/springframework/cglib/proxy/Enhancer generateClass (Lorg/springframework/asm/ClassVisitor;)V 110 <appendix> member <vmtarget> ; # org/springframework/cglib/proxy/Enhancer$$Lambda+0x00000210bf3e4d08
instanceKlass org/springframework/cglib/core/DuplicatesPredicate
instanceKlass org/springframework/cglib/core/RejectModifierPredicate
# instanceKlass java/lang/invoke/LambdaForm$MH+0x00000210bf3e2000
# instanceKlass java/lang/invoke/LambdaForm$MH+0x00000210bf3e1c00
# instanceKlass java/lang/invoke/LambdaForm$MH+0x00000210bf3e1800
# instanceKlass java/lang/invoke/LambdaForm$MH+0x00000210bf3e1400
# instanceKlass java/lang/invoke/LambdaForm$MH+0x00000210bf3e1000
instanceKlass  @bci java/lang/invoke/BootstrapMethodInvoker invoke (Ljava/lang/Class;Ljava/lang/invoke/MethodHandle;Ljava/lang/String;Ljava/lang/Object;Ljava/lang/Object;Ljava/lang/Class;)Ljava/lang/Object; 894 <adapter> ; # java/lang/invoke/LambdaForm$MH+0x00000210bf3e0c00
instanceKlass org/springframework/cglib/core/MethodWrapper
instanceKlass org/springframework/cglib/proxy/Factory
instanceKlass  @bci org/springframework/cglib/core/CollectionUtils filter (Ljava/util/Collection;Lorg/springframework/cglib/core/Predicate;)Ljava/util/Collection; 2 <appendix> member <vmtarget> ; # org/springframework/cglib/core/CollectionUtils$$Lambda+0x00000210bf3d7d78
instanceKlass org/springframework/cglib/core/VisibilityPredicate
instanceKlass org/springframework/cglib/transform/TransformingClassGenerator
instanceKlass org/springframework/asm/Symbol
instanceKlass org/springframework/asm/SymbolTable
instanceKlass org/springframework/asm/RecordComponentVisitor
instanceKlass org/springframework/asm/ModuleVisitor
instanceKlass org/springframework/asm/FieldVisitor
instanceKlass  @bci org/springframework/cglib/core/internal/LoadingCache createEntry (Ljava/lang/Object;Ljava/lang/Object;Ljava/lang/Object;)Ljava/lang/Object; 22 <appendix> member <vmtarget> ; # org/springframework/cglib/core/internal/LoadingCache$$Lambda+0x00000210bf3d4260
instanceKlass  @bci org/springframework/cglib/core/MethodWrapper$MethodWrapperKey hashCode ()I 1 <adapter> ; # java/lang/invoke/LambdaForm$MH+0x00000210bf3e0800
instanceKlass  @bci org/springframework/cglib/proxy/Enhancer$EnhancerKey hashCode ()I 1 <appendix> argL2 argL1 form vmentry <vmtarget> ; # java/lang/invoke/LambdaForm$MH+0x00000210bf3e0400
instanceKlass  @cpi org/springframework/boot/autoconfigure/web/embedded/TomcatWebServerFactoryCustomizer 829 form vmentry <vmtarget> ; # java/lang/invoke/LambdaForm$DMH+0x00000210bf3e0000
instanceKlass  @bci org/springframework/cglib/core/MethodWrapper$MethodWrapperKey hashCode ()I 1 <appendix> form vmentry <vmtarget> ; # java/lang/invoke/LambdaForm$MH+0x00000210bf3dfc00
# instanceKlass java/lang/invoke/LambdaForm$MH+0x00000210bf3df800
# instanceKlass java/lang/invoke/LambdaForm$MH+0x00000210bf3df400
instanceKlass  @bci org/springframework/cglib/core/MethodWrapper$MethodWrapperKey hashCode ()I 1 <appendix> form names 7 function resolvedHandle form vmentry <vmtarget> ; # java/lang/invoke/LambdaForm$DMH+0x00000210bf3df000
instanceKlass  @bci org/springframework/cglib/core/MethodWrapper$MethodWrapperKey hashCode ()I 1 <appendix> argL1 form vmentry <vmtarget> ; # java/lang/invoke/LambdaForm$MH+0x00000210bf3dec00
instanceKlass  @bci org/springframework/cglib/core/MethodWrapper$MethodWrapperKey hashCode ()I 1 <appendix> argL2 argL2 argL2 form vmentry <vmtarget> ; # java/lang/invoke/LambdaForm$MH+0x00000210bf3de800
instanceKlass  @bci java/lang/runtime/ObjectMethods bootstrap (Ljava/lang/invoke/MethodHandles$Lookup;Ljava/lang/String;Ljava/lang/invoke/TypeDescriptor;Ljava/lang/Class;Ljava/lang/String;[Ljava/lang/invoke/MethodHandle;)Ljava/lang/Object; 37 <appendix> argL0 ; # java/lang/runtime/ObjectMethods$$Lambda+0x00000210bf257e88
instanceKlass java/lang/invoke/DirectMethodHandle$1
# instanceKlass java/lang/invoke/LambdaForm$DMH+0x00000210bf3de400
# instanceKlass java/lang/invoke/LambdaForm$DMH+0x00000210bf3de000
# instanceKlass java/lang/invoke/LambdaForm$DMH+0x00000210bf3ddc00
# instanceKlass java/lang/invoke/LambdaForm$DMH+0x00000210bf3dd800
# instanceKlass java/lang/invoke/LambdaForm$DMH+0x00000210bf3dd400
# instanceKlass java/lang/invoke/LambdaForm$DMH+0x00000210bf3dd000
# instanceKlass java/lang/invoke/LambdaForm$DMH+0x00000210bf3dcc00
# instanceKlass java/lang/invoke/LambdaForm$DMH+0x00000210bf3dc800
# instanceKlass java/lang/invoke/LambdaForm$DMH+0x00000210bf3dc400
# instanceKlass java/lang/invoke/LambdaForm$DMH+0x00000210bf3dc000
instanceKlass  @cpi org/hibernate/engine/jdbc/mutation/spi/BindingGroup 67 form vmentry <vmtarget> ; # java/lang/invoke/LambdaForm$DMH+0x00000210bf3dbc00
instanceKlass java/lang/runtime/ObjectMethods$1
# instanceKlass java/lang/invoke/LambdaForm$MH+0x00000210bf3db800
instanceKlass sun/invoke/util/ValueConversions$WrapperCache
# instanceKlass java/lang/invoke/LambdaForm$MH+0x00000210bf3db400
# instanceKlass java/lang/invoke/LambdaForm$MH+0x00000210bf3db000
# instanceKlass java/lang/invoke/LambdaForm$DMH+0x00000210bf3dac00
# instanceKlass java/lang/invoke/LambdaForm$MH+0x00000210bf3da800
# instanceKlass java/lang/invoke/LambdaForm$DMH+0x00000210bf3da400
# instanceKlass java/lang/invoke/LambdaForm$MH+0x00000210bf3da000
# instanceKlass java/lang/invoke/LambdaForm$MH+0x00000210bf3d9c00
# instanceKlass java/lang/invoke/LambdaForm$MH+0x00000210bf3d9800
# instanceKlass java/lang/invoke/LambdaForm$MH+0x00000210bf3d9400
# instanceKlass java/lang/invoke/LambdaForm$MH+0x00000210bf3d9000
# instanceKlass java/lang/invoke/LambdaForm$MH+0x00000210bf3d8c00
# instanceKlass java/lang/invoke/LambdaForm$MH+0x00000210bf3d8800
instanceKlass java/lang/invoke/MethodHandleImpl$Makers$2
instanceKlass java/lang/invoke/MethodHandleImpl$Makers$1
instanceKlass java/lang/invoke/MethodHandleImpl$Makers
instanceKlass  @bci org/springframework/cglib/core/MethodWrapper$MethodWrapperKey hashCode ()I 1 <appendix> argL1 argL1 form vmentry <vmtarget> ; # java/lang/invoke/LambdaForm$MH+0x00000210bf3d8400
# instanceKlass java/lang/invoke/LambdaForm$DMH+0x00000210bf3d8000
instanceKlass java/lang/runtime/ObjectMethods
instanceKlass  @bci org/springframework/cglib/core/internal/LoadingCache <clinit> ()V 0 <appendix> argL0 ; # org/springframework/cglib/core/internal/LoadingCache$$Lambda+0x00000210bf3d4040
instanceKlass org/springframework/cglib/core/internal/LoadingCache
instanceKlass  @bci org/springframework/cglib/core/AbstractClassGenerator$ClassLoaderData <init> (Ljava/lang/ClassLoader;)V 60 <appendix> member <vmtarget> ; # org/springframework/cglib/core/AbstractClassGenerator$ClassLoaderData$$Lambda+0x00000210bf3d3bf8
instanceKlass  @bci org/springframework/cglib/core/AbstractClassGenerator$ClassLoaderData <init> (Ljava/lang/ClassLoader;)V 25 <appendix> member <vmtarget> ; # org/springframework/cglib/core/AbstractClassGenerator$ClassLoaderData$$Lambda+0x00000210bf3d39d0
instanceKlass  @bci org/springframework/cglib/core/AbstractClassGenerator$ClassLoaderData <clinit> ()V 0 <appendix> argL0 ; # org/springframework/cglib/core/AbstractClassGenerator$ClassLoaderData$$Lambda+0x00000210bf3d37b0
instanceKlass org/springframework/cglib/core/internal/Function
instanceKlass org/springframework/cglib/core/AbstractClassGenerator$ClassLoaderData
instanceKlass org/springframework/cglib/core/MethodInfo
instanceKlass org/springframework/cglib/core/ClassInfo
instanceKlass org/springframework/cglib/core/ReflectUtils
instanceKlass org/springframework/cglib/proxy/ProxyRefDispatcher
instanceKlass org/springframework/cglib/proxy/FixedValueGenerator
instanceKlass org/springframework/cglib/proxy/FixedValue
instanceKlass org/springframework/cglib/proxy/DispatcherGenerator
instanceKlass org/springframework/cglib/proxy/Dispatcher
instanceKlass org/springframework/cglib/proxy/LazyLoaderGenerator
instanceKlass org/springframework/cglib/proxy/LazyLoader
instanceKlass org/springframework/cglib/proxy/InvocationHandlerGenerator
instanceKlass org/springframework/cglib/proxy/InvocationHandler
instanceKlass  @bci org/springframework/cglib/proxy/MethodInterceptorGenerator <clinit> ()V 214 <appendix> argL0 ; # org/springframework/cglib/proxy/MethodInterceptorGenerator$$Lambda+0x00000210bf3d0ab0
instanceKlass org/springframework/cglib/proxy/MethodInterceptorGenerator
instanceKlass org/springframework/cglib/proxy/NoOpGenerator
instanceKlass org/springframework/cglib/proxy/CallbackGenerator
instanceKlass org/springframework/cglib/proxy/CallbackInfo
instanceKlass  @bci org/springframework/cglib/core/ClassLoaderAwareGeneratorStrategy <init> (Ljava/lang/ClassLoader;)V 11 <appendix> member <vmtarget> ; # org/springframework/cglib/core/ClassLoaderAwareGeneratorStrategy$$Lambda+0x00000210bf3d0000
instanceKlass org/springframework/cglib/core/SpringNamingPolicy
instanceKlass org/springframework/cglib/core/DefaultNamingPolicy
instanceKlass org/springframework/cglib/core/DefaultGeneratorStrategy
instanceKlass org/springframework/cglib/core/AsmApi
instanceKlass org/springframework/cglib/core/Constants
instanceKlass org/springframework/cglib/core/Signature
instanceKlass org/springframework/cglib/core/CollectionUtils
instanceKlass org/springframework/cglib/core/TypeUtils
instanceKlass org/springframework/cglib/core/AbstractClassGenerator$Source
instanceKlass  @bci org/springframework/cglib/proxy/Enhancer <clinit> ()V 0 <appendix> argL0 ; # org/springframework/cglib/proxy/Enhancer$$Lambda+0x00000210bf3cae18
instanceKlass org/springframework/cglib/core/Transformer
instanceKlass org/springframework/cglib/proxy/CallbackGenerator$Context
instanceKlass org/springframework/cglib/core/ProcessSwitchCallback
instanceKlass org/springframework/cglib/core/Predicate
instanceKlass org/springframework/cglib/core/ObjectSwitchCallback
instanceKlass org/springframework/cglib/core/AbstractClassGenerator
instanceKlass org/springframework/cglib/core/ClassGenerator
instanceKlass org/springframework/context/annotation/ConfigurationClassEnhancer$EnhancedConfiguration
instanceKlass org/springframework/objenesis/instantiator/ObjectInstantiator
instanceKlass org/springframework/objenesis/strategy/BaseInstantiatorStrategy
instanceKlass org/springframework/objenesis/strategy/InstantiatorStrategy
instanceKlass org/springframework/objenesis/SpringObjenesis
instanceKlass org/springframework/objenesis/Objenesis
instanceKlass org/springframework/context/annotation/ConfigurationClassEnhancer$ConditionalCallbackFilter
instanceKlass org/springframework/cglib/proxy/NoOp$1
instanceKlass org/springframework/cglib/proxy/NoOp
instanceKlass org/springframework/context/annotation/ConfigurationClassEnhancer$BeanFactoryAwareMethodInterceptor
instanceKlass org/springframework/context/annotation/ConfigurationClassEnhancer$BeanMethodInterceptor
instanceKlass org/springframework/context/annotation/ConfigurationClassEnhancer$ConditionalCallback
instanceKlass org/springframework/cglib/proxy/MethodInterceptor
instanceKlass org/springframework/cglib/proxy/Callback
instanceKlass org/springframework/cglib/proxy/CallbackFilter
instanceKlass org/springframework/cglib/core/GeneratorStrategy
instanceKlass org/springframework/cglib/core/NamingPolicy
instanceKlass org/springframework/context/annotation/ConfigurationClassEnhancer
instanceKlass  @bci org/springframework/context/support/PostProcessorRegistrationDelegate invokeBeanFactoryPostProcessors (Ljava/util/Collection;Lorg/springframework/beans/factory/config/ConfigurableListableBeanFactory;)V 47 <appendix> member <vmtarget> ; # org/springframework/context/support/PostProcessorRegistrationDelegate$$Lambda+0x00000210bf3ccb78
instanceKlass org/springframework/security/config/annotation/web/configuration/WebMvcSecurityConfiguration$HandlerMappingIntrospectorCacheFilterFactoryBean
instanceKlass org/springframework/security/web/access/HandlerMappingIntrospectorRequestTransformer
instanceKlass org/springframework/security/web/access/AuthorizationManagerWebInvocationPrivilegeEvaluator$HttpServletRequestTransformer
instanceKlass org/springframework/security/config/annotation/web/configuration/WebMvcSecurityConfiguration$1
instanceKlass org/springframework/cloud/context/scope/StandardScopeCache
instanceKlass org/springframework/cloud/context/scope/GenericScope$BeanLifecycleWrapperCache
instanceKlass org/springframework/cloud/context/scope/ScopeCache
instanceKlass  @bci org/hibernate/query/sqm/internal/ConcreteSqmSelectQueryPlan <init> (Lorg/hibernate/query/sqm/tree/select/SqmSelectStatement;Ljava/lang/String;Lorg/hibernate/query/sqm/internal/DomainParameterXref;Ljava/lang/Class;Lorg/hibernate/sql/results/internal/TupleMetadata;Lorg/hibernate/query/spi/QueryOptions;)V 50 <appendix> form vmentry <vmtarget> ; # java/lang/invoke/LambdaForm$DMH+0x00000210bf3c8000
instanceKlass  @bci org/springframework/beans/factory/support/SimpleInstantiationStrategy instantiate (Lorg/springframework/beans/factory/support/RootBeanDefinition;Ljava/lang/String;Lorg/springframework/beans/factory/BeanFactory;Ljava/lang/Object;Ljava/lang/reflect/Method;[Ljava/lang/Object;)Ljava/lang/Object; 10 <appendix> member <vmtarget> ; # org/springframework/beans/factory/support/SimpleInstantiationStrategy$$Lambda+0x00000210bf3c6ed8
instanceKlass org/springframework/boot/context/properties/DeprecatedConfigurationProperty
instanceKlass org/springframework/aot/generate/GenerationContext
instanceKlass org/springframework/data/repository/config/AotRepositoryContext
instanceKlass org/springframework/data/aot/AotContext
instanceKlass jakarta/persistence/PersistenceContexts
instanceKlass jakarta/persistence/PersistenceProperty
instanceKlass jakarta/persistence/PersistenceContext
instanceKlass org/springframework/lang/NonNull
instanceKlass org/springframework/data/repository/core/support/RepositoryFragment
instanceKlass org/springframework/boot/autoconfigure/orm/jpa/HibernatePropertiesCustomizer
instanceKlass org/springframework/boot/autoconfigure/orm/jpa/HibernateSettings
instanceKlass org/springframework/cloud/openfeign/FeignBuilderCustomizer
instanceKlass feign/RequestTemplate
instanceKlass feign/BaseBuilder
instanceKlass org/springframework/cloud/openfeign/FeignClientProperties$FeignClientConfiguration
instanceKlass feign/Target$HardCodedTarget
instanceKlass feign/Target
instanceKlass  @bci org/springframework/context/annotation/ConfigurationClassPostProcessor processConfigBeanDefinitions (Lorg/springframework/beans/factory/support/BeanDefinitionRegistry;)V 398 <appendix> member <vmtarget> ; # org/springframework/context/annotation/ConfigurationClassPostProcessor$$Lambda+0x00000210bf3c3470
instanceKlass org/springframework/cloud/openfeign/aot/FeignChildContextInitializer
instanceKlass org/springframework/cloud/openfeign/aot/FeignClientBeanFactoryInitializationAotProcessor
instanceKlass feign/Capability
instanceKlass org/springframework/cloud/openfeign/support/FeignEncoderProperties
instanceKlass org/springframework/cloud/openfeign/FeignClientProperties
instanceKlass org/springframework/cloud/openfeign/FeignAutoConfiguration$FeignJacksonConfiguration
instanceKlass org/springframework/cloud/openfeign/FeignAutoConfiguration$DefaultFeignTargeterConfiguration
instanceKlass org/springframework/cloud/openfeign/Targeter
instanceKlass org/springframework/cloud/openfeign/support/FeignHttpClientProperties$Http2Properties
instanceKlass org/springframework/cloud/openfeign/support/FeignHttpClientProperties$OkHttp
instanceKlass org/springframework/cloud/openfeign/support/FeignHttpClientProperties$Hc5Properties
instanceKlass org/springframework/cloud/openfeign/loadbalancer/XForwardedHeadersTransformer
instanceKlass org/springframework/cloud/openfeign/loadbalancer/LoadBalancerFeignRequestTransformer
instanceKlass org/springframework/cloud/openfeign/loadbalancer/FeignLoadBalancerAutoConfiguration
instanceKlass org/springframework/cloud/openfeign/loadbalancer/Http2ClientFeignLoadBalancerConfiguration
instanceKlass org/springframework/cloud/openfeign/loadbalancer/HttpClient5FeignLoadBalancerConfiguration
instanceKlass org/springframework/cloud/openfeign/loadbalancer/OkHttpFeignLoadBalancerConfiguration
instanceKlass org/springframework/cloud/openfeign/support/FeignHttpClientProperties
instanceKlass org/springframework/cloud/openfeign/FeignAutoConfiguration
instanceKlass org/springframework/cloud/openfeign/loadbalancer/DefaultFeignLoadBalancerConfiguration
instanceKlass org/springframework/cloud/client/loadbalancer/LoadBalancedRetryFactory
instanceKlass org/springframework/cloud/netflix/eureka/loadbalancer/LoadBalancerEurekaAutoConfiguration
instanceKlass org/springframework/cloud/loadbalancer/config/LoadBalancerCacheAutoConfiguration
instanceKlass org/springframework/cloud/loadbalancer/config/LoadBalancerCacheAutoConfiguration$LoadBalancerCaffeineWarnLogger
instanceKlass org/springframework/cloud/loadbalancer/config/LoadBalancerCacheAutoConfiguration$LoadBalancerCacheManagerWarnConfiguration
instanceKlass org/springframework/cloud/netflix/eureka/loadbalancer/EurekaLoadBalancerProperties
instanceKlass org/springframework/cloud/netflix/eureka/loadbalancer/EurekaLoadBalancerClientConfiguration
instanceKlass org/springframework/cloud/loadbalancer/cache/LoadBalancerCacheProperties$Caffeine
instanceKlass org/springframework/cloud/loadbalancer/cache/LoadBalancerCacheProperties
instanceKlass org/springframework/cloud/loadbalancer/config/LoadBalancerCacheAutoConfiguration$DefaultLoadBalancerCacheManagerConfiguration
instanceKlass org/springframework/cloud/configuration/CompositeCompatibilityVerifier
instanceKlass org/springframework/cloud/configuration/SpringBootVersionVerifier
instanceKlass org/springframework/cloud/configuration/SleuthPresentVerifier
instanceKlass org/springframework/cloud/configuration/CompatibilityVerifier
instanceKlass org/springframework/cloud/configuration/CompatibilityVerifierAutoConfiguration
instanceKlass org/springframework/cloud/loadbalancer/cache/LoadBalancerCacheManager
instanceKlass org/springframework/cloud/configuration/CompatibilityVerifierProperties
instanceKlass org/springframework/cloud/commons/util/UtilAutoConfiguration
instanceKlass org/springframework/cloud/commons/security/ResourceServerTokenRelayAutoConfiguration
instanceKlass org/springframework/cloud/commons/security/ResourceServerTokenRelayAutoConfiguration$ResourceServerTokenRelayRegistrationAutoConfiguration
instanceKlass org/springframework/cloud/commons/config/DefaultsBindHandlerAdvisor
instanceKlass org/springframework/boot/context/properties/ConfigurationPropertiesBindHandlerAdvisor
instanceKlass org/springframework/cloud/commons/config/CommonsConfigAutoConfiguration
instanceKlass org/springframework/cloud/commons/config/DefaultsBindHandlerAdvisor$MappingsProvider
instanceKlass org/springframework/cloud/client/loadbalancer/LoadBalancerDefaultMappingsProviderAutoConfiguration
instanceKlass org/springframework/cloud/client/loadbalancer/AbstractLoadBalancerBlockingBuilderBeanPostProcessor
instanceKlass org/springframework/cloud/client/loadbalancer/LoadBalancerAutoConfiguration$DeferringLoadBalancerInterceptorConfig
instanceKlass org/springframework/cloud/client/loadbalancer/DeferringLoadBalancerInterceptor
instanceKlass org/springframework/cloud/client/loadbalancer/LoadBalancerInterceptor
instanceKlass org/springframework/cloud/client/loadbalancer/BlockingLoadBalancerInterceptor
instanceKlass org/springframework/http/client/ClientHttpRequestInterceptor
instanceKlass org/springframework/cloud/client/loadbalancer/LoadBalancerRequestFactory
instanceKlass org/springframework/cloud/client/loadbalancer/LoadBalancerAutoConfiguration$LoadBalancerInterceptorConfig
instanceKlass org/springframework/cloud/client/loadbalancer/RestTemplateCustomizer
instanceKlass org/springframework/cloud/loadbalancer/blocking/XForwardedHeadersTransformer
instanceKlass org/springframework/cloud/loadbalancer/core/LoadBalancerServiceInstanceCookieTransformer
instanceKlass org/springframework/cloud/client/loadbalancer/LoadBalancerRequestTransformer
instanceKlass org/springframework/cloud/loadbalancer/config/BlockingLoadBalancerClientAutoConfiguration
instanceKlass org/springframework/cloud/client/loadbalancer/LoadBalancerAutoConfiguration
instanceKlass org/springframework/cloud/loadbalancer/annotation/LoadBalancerClientSpecification
instanceKlass org/springframework/cloud/loadbalancer/aot/LoadBalancerChildContextInitializer
instanceKlass org/springframework/cloud/loadbalancer/support/LoadBalancerEagerContextInitializer
instanceKlass org/springframework/cloud/loadbalancer/config/LoadBalancerAutoConfiguration
instanceKlass org/springframework/cloud/client/ReactiveCommonsClientAutoConfiguration
instanceKlass org/springframework/cloud/loadbalancer/config/LoadBalancerZoneConfig
instanceKlass org/springframework/cloud/client/loadbalancer/reactive/LoadBalancerBeanPostProcessorAutoConfiguration
instanceKlass org/springframework/cloud/client/loadbalancer/reactive/ReactorLoadBalancerClientAutoConfiguration
instanceKlass org/springframework/cloud/client/loadbalancer/LoadBalancerEagerLoadProperties
instanceKlass org/springframework/cloud/client/loadbalancer/LoadBalancerProperties
# instanceKlass java/lang/invoke/LambdaForm$DMH+0x00000210bf3b8000
instanceKlass java/lang/foreign/MemorySegment
instanceKlass org/springframework/cloud/netflix/eureka/metadata/ManagementMetadata
instanceKlass org/springframework/cloud/netflix/eureka/serviceregistry/EurekaAutoServiceRegistration
instanceKlass org/springframework/cloud/client/serviceregistry/AutoServiceRegistration
instanceKlass org/springframework/cloud/netflix/eureka/serviceregistry/EurekaServiceRegistry
instanceKlass org/springframework/cloud/client/serviceregistry/ServiceRegistry
instanceKlass org/springframework/cloud/netflix/eureka/EurekaClientConfigBean
instanceKlass org/springframework/cloud/client/actuator/HasFeatures
instanceKlass org/springframework/cloud/netflix/eureka/EurekaInstanceConfigBean
instanceKlass org/springframework/cloud/netflix/eureka/metadata/ManagementMetadataProvider
instanceKlass org/springframework/cloud/netflix/eureka/EurekaClientAutoConfiguration
instanceKlass org/springframework/cloud/client/serviceregistry/ServiceRegistryAutoConfiguration
instanceKlass org/springframework/cloud/netflix/eureka/serviceregistry/EurekaRegistration
instanceKlass org/springframework/cloud/client/serviceregistry/Registration
instanceKlass org/springframework/cloud/client/ServiceInstance
instanceKlass org/springframework/cloud/netflix/eureka/CloudEurekaInstanceConfig
instanceKlass com/netflix/appinfo/HealthCheckHandler
instanceKlass com/netflix/appinfo/EurekaInstanceConfig
instanceKlass com/netflix/appinfo/ApplicationInfoManager
instanceKlass org/springframework/aop/framework/autoproxy/AutoProxyUtils
instanceKlass org/springframework/context/annotation/ScopedProxyCreator
instanceKlass org/springframework/cloud/netflix/eureka/EurekaClientAutoConfiguration$RefreshableEurekaClientConfiguration
instanceKlass org/springframework/cloud/netflix/eureka/config/DiscoveryClientOptionalArgsConfiguration
instanceKlass org/springframework/cloud/configuration/TlsProperties
instanceKlass org/springframework/cloud/netflix/eureka/http/RestTemplateTransportClientFactories
instanceKlass com/netflix/discovery/shared/transport/jersey/TransportClientFactories
instanceKlass org/springframework/cloud/netflix/eureka/config/DiscoveryClientOptionalArgsConfiguration$RestTemplateConfiguration
instanceKlass org/springframework/cloud/netflix/eureka/http/EurekaClientHttpRequestFactorySupplier
instanceKlass org/springframework/cloud/netflix/eureka/EurekaDiscoveryClientConfiguration
instanceKlass org/springframework/cloud/netflix/eureka/EurekaDiscoveryClientConfiguration$EurekaClientConfigurationRefresher
instanceKlass org/springframework/cloud/client/serviceregistry/AutoServiceRegistrationAutoConfiguration
instanceKlass org/springframework/cloud/netflix/eureka/EurekaDiscoveryClient
instanceKlass org/springframework/cloud/client/discovery/composite/CompositeDiscoveryClient
instanceKlass org/springframework/cloud/client/discovery/DiscoveryClient
instanceKlass org/springframework/cloud/client/discovery/composite/CompositeDiscoveryClientAutoConfiguration
instanceKlass org/springframework/cloud/client/discovery/simple/SimpleDiscoveryProperties
instanceKlass org/springframework/cloud/client/CommonsClientAutoConfiguration
instanceKlass org/springframework/cloud/client/discovery/simple/SimpleDiscoveryClientAutoConfiguration
instanceKlass org/springframework/cloud/autoconfigure/LifecycleMvcEndpointAutoConfiguration
instanceKlass org/springframework/cloud/context/environment/EnvironmentManager
instanceKlass org/springframework/cloud/context/properties/ConfigurationPropertiesRebinder
instanceKlass org/springframework/cloud/autoconfigure/ConfigurationPropertiesRebinderAutoConfiguration
instanceKlass org/springframework/cloud/context/properties/ConfigurationPropertiesBeans
instanceKlass org/springframework/boot/autoconfigure/web/servlet/MultipartAutoConfiguration
instanceKlass org/springframework/boot/autoconfigure/web/servlet/HttpEncodingAutoConfiguration$LocaleCharsetMappingsCustomizer
instanceKlass org/springframework/boot/autoconfigure/web/servlet/MultipartProperties
instanceKlass org/springframework/boot/autoconfigure/web/servlet/HttpEncodingAutoConfiguration
instanceKlass org/springframework/boot/autoconfigure/web/embedded/EmbeddedWebServerFactoryCustomizerAutoConfiguration
instanceKlass org/springframework/boot/autoconfigure/web/embedded/TomcatWebServerFactoryCustomizer
instanceKlass org/springframework/boot/autoconfigure/web/embedded/TomcatVirtualThreadsWebServerFactoryCustomizer
instanceKlass org/springframework/boot/autoconfigure/web/embedded/EmbeddedWebServerFactoryCustomizerAutoConfiguration$TomcatWebServerFactoryCustomizerConfiguration
instanceKlass org/springframework/boot/autoconfigure/web/client/RestTemplateBuilderConfigurer
instanceKlass org/springframework/boot/autoconfigure/web/client/RestTemplateAutoConfiguration
instanceKlass org/springframework/boot/web/client/RestTemplateBuilder
instanceKlass org/springframework/boot/autoconfigure/web/client/AutoConfiguredRestClientSsl
instanceKlass org/springframework/boot/autoconfigure/web/client/RestClientSsl
instanceKlass org/springframework/web/client/RestClient$Builder
instanceKlass org/springframework/boot/autoconfigure/web/client/RestClientBuilderConfigurer
instanceKlass org/springframework/boot/autoconfigure/web/client/RestClientAutoConfiguration
instanceKlass org/springframework/boot/autoconfigure/web/client/HttpMessageConvertersRestClientCustomizer
instanceKlass org/springframework/boot/web/client/RestClientCustomizer
instanceKlass org/springframework/transaction/support/DefaultTransactionDefinition
instanceKlass org/springframework/transaction/TransactionDefinition
instanceKlass org/springframework/transaction/ReactiveTransactionManager
instanceKlass org/springframework/boot/autoconfigure/transaction/TransactionAutoConfiguration$TransactionTemplateConfiguration
instanceKlass org/springframework/transaction/support/TransactionOperations
instanceKlass org/springframework/boot/autoconfigure/transaction/TransactionAutoConfiguration$EnableTransactionManagementConfiguration
instanceKlass org/springframework/boot/autoconfigure/transaction/TransactionAutoConfiguration$EnableTransactionManagementConfiguration$CglibAutoProxyConfiguration
# instanceKlass java/lang/invoke/LambdaForm$MH+0x00000210bf3b0000
instanceKlass org/springframework/aop/support/AbstractPointcutAdvisor
instanceKlass org/springframework/aop/PointcutAdvisor
instanceKlass org/springframework/aop/Advisor
instanceKlass org/aopalliance/intercept/MethodInterceptor
instanceKlass org/aopalliance/intercept/Interceptor
instanceKlass org/aopalliance/aop/Advice
instanceKlass org/springframework/transaction/interceptor/TransactionAttributeSource
instanceKlass org/springframework/transaction/event/TransactionalEventListenerFactory
instanceKlass org/springframework/transaction/annotation/TransactionRuntimeHints
instanceKlass org/springframework/boot/autoconfigure/jdbc/DataSourceTransactionManagerAutoConfiguration$JdbcTransactionManagerConfiguration
instanceKlass org/springframework/boot/autoconfigure/task/TaskSchedulingAutoConfiguration
instanceKlass org/springframework/boot/autoconfigure/task/TaskSchedulingProperties$Shutdown
instanceKlass org/springframework/boot/autoconfigure/task/TaskSchedulingProperties$Simple
instanceKlass org/springframework/boot/autoconfigure/task/TaskSchedulingProperties$Pool
instanceKlass org/springframework/boot/autoconfigure/task/TaskSchedulingConfigurations$TaskSchedulerConfiguration
instanceKlass org/springframework/boot/autoconfigure/task/TaskSchedulingConfigurations$SimpleAsyncTaskSchedulerBuilderConfiguration
instanceKlass org/springframework/boot/autoconfigure/task/TaskSchedulingProperties
instanceKlass org/springframework/boot/task/SimpleAsyncTaskSchedulerBuilder
instanceKlass org/springframework/boot/autoconfigure/task/TaskSchedulingConfigurations$ThreadPoolTaskSchedulerBuilderConfiguration
instanceKlass org/springframework/boot/task/ThreadPoolTaskSchedulerBuilder
instanceKlass org/springframework/boot/autoconfigure/sql/init/DataSourceInitializationConfiguration
instanceKlass org/springframework/boot/autoconfigure/sql/init/R2dbcInitializationConfiguration
instanceKlass org/springframework/boot/autoconfigure/sql/init/SqlInitializationProperties
instanceKlass org/springframework/boot/sql/init/AbstractScriptDatabaseInitializer
instanceKlass org/springframework/boot/autoconfigure/security/servlet/SecurityFilterAutoConfiguration
instanceKlass org/springframework/boot/autoconfigure/security/SecurityProperties$User
instanceKlass org/springframework/boot/autoconfigure/security/SecurityProperties$Filter
instanceKlass org/springframework/boot/autoconfigure/security/SecurityDataConfiguration
instanceKlass org/springframework/boot/autoconfigure/security/servlet/SpringBootWebSecurityConfiguration
instanceKlass org/springframework/boot/autoconfigure/security/SecurityProperties
instanceKlass org/springframework/boot/autoconfigure/security/servlet/SpringBootWebSecurityConfiguration$WebSecurityEnablerConfiguration
instanceKlass org/springframework/security/web/FilterChainProxy$FilterChainDecorator
instanceKlass org/springframework/security/authorization/AuthorizationManager
instanceKlass org/springframework/security/core/context/SecurityContextHolderStrategy
instanceKlass org/springframework/web/servlet/support/RequestDataValueProcessor
instanceKlass org/springframework/security/config/annotation/web/configuration/WebMvcSecurityConfiguration
instanceKlass org/springframework/security/web/FilterInvocation
instanceKlass org/springframework/security/web/access/WebInvocationPrivilegeEvaluator
instanceKlass org/springframework/security/access/expression/SecurityExpressionHandler
instanceKlass org/springframework/security/context/DelegatingApplicationListener
instanceKlass org/springframework/security/config/annotation/authentication/configuration/GlobalAuthenticationConfigurerAdapter
instanceKlass org/springframework/security/config/annotation/authentication/ProviderManagerBuilder
instanceKlass org/springframework/security/crypto/password/PasswordEncoder
instanceKlass org/springframework/boot/autoconfigure/security/oauth2/resource/servlet/OAuth2ResourceServerAutoConfiguration
instanceKlass org/springframework/security/config/annotation/configuration/ObjectPostProcessorConfiguration
instanceKlass org/springframework/boot/autoconfigure/security/oauth2/resource/OAuth2ResourceServerProperties$Opaquetoken
instanceKlass org/springframework/boot/autoconfigure/security/oauth2/resource/OAuth2ResourceServerProperties$Jwt
instanceKlass org/springframework/boot/autoconfigure/security/oauth2/resource/servlet/Oauth2ResourceServerConfiguration$OpaqueTokenConfiguration
instanceKlass org/springframework/boot/autoconfigure/security/oauth2/resource/OAuth2ResourceServerProperties
instanceKlass org/springframework/boot/autoconfigure/security/servlet/UserDetailsServiceAutoConfiguration
instanceKlass org/springframework/boot/autoconfigure/security/servlet/SecurityAutoConfiguration
instanceKlass org/springframework/boot/autoconfigure/security/oauth2/resource/servlet/OAuth2ResourceServerOpaqueTokenConfiguration$OAuth2SecurityFilterChainConfiguration
instanceKlass org/springframework/boot/autoconfigure/security/oauth2/resource/servlet/OAuth2ResourceServerOpaqueTokenConfiguration$OpaqueTokenIntrospectionClientConfiguration
instanceKlass org/springframework/boot/autoconfigure/security/oauth2/resource/servlet/Oauth2ResourceServerConfiguration$JwtConfiguration
instanceKlass org/springframework/boot/autoconfigure/security/oauth2/resource/servlet/OAuth2ResourceServerJwtConfiguration$OAuth2SecurityFilterChainConfiguration
instanceKlass org/springframework/boot/autoconfigure/security/oauth2/resource/servlet/OAuth2ResourceServerJwtConfiguration$JwtConverterConfiguration
instanceKlass org/springframework/boot/autoconfigure/security/oauth2/resource/servlet/JwkSetUriJwtDecoderBuilderCustomizer
instanceKlass org/springframework/security/oauth2/jwt/NimbusJwtDecoder$JwkSetUriJwtDecoderBuilder
instanceKlass org/springframework/security/oauth2/jwt/JwtClaimValidator
instanceKlass org/springframework/security/oauth2/jwt/SupplierJwtDecoder
instanceKlass org/springframework/security/oauth2/core/OAuth2TokenValidator
instanceKlass org/springframework/boot/autoconfigure/security/oauth2/resource/servlet/OAuth2ResourceServerJwtConfiguration$JwtDecoderConfiguration
instanceKlass org/springframework/boot/autoconfigure/reactor/ReactorAutoConfiguration
instanceKlass org/springframework/boot/autoconfigure/jdbc/JdbcClientAutoConfiguration
instanceKlass org/springframework/boot/autoconfigure/reactor/ReactorProperties
instanceKlass org/springframework/jdbc/core/simple/JdbcClient
instanceKlass org/springframework/boot/autoconfigure/jdbc/JdbcTemplateAutoConfiguration
instanceKlass org/springframework/boot/sql/init/dependency/DatabaseInitializationDependencyConfigurer$DependsOnDatabaseInitializationPostProcessor
instanceKlass org/springframework/boot/autoconfigure/jdbc/JdbcProperties$Template
instanceKlass org/springframework/boot/autoconfigure/jdbc/NamedParameterJdbcTemplateConfiguration
instanceKlass org/springframework/boot/autoconfigure/jdbc/JdbcProperties
instanceKlass org/springframework/boot/autoconfigure/jdbc/JdbcTemplateConfiguration
instanceKlass org/springframework/boot/autoconfigure/info/ProjectInfoAutoConfiguration
instanceKlass org/springframework/boot/autoconfigure/info/ProjectInfoProperties$Git
instanceKlass org/springframework/boot/autoconfigure/info/ProjectInfoProperties$Build
instanceKlass  @bci org/springframework/util/PlaceholderParser replacePlaceholders (Ljava/lang/String;Lorg/springframework/util/PropertyPlaceholderHelper$PlaceholderResolver;)Ljava/lang/String; 42 <appendix> member <vmtarget> ; # org/springframework/util/PlaceholderParser$$Lambda+0x00000210bf39e810
instanceKlass org/springframework/util/PlaceholderParser$PartResolutionContext
instanceKlass org/springframework/util/PlaceholderParser$AbstractPart
instanceKlass org/springframework/util/PlaceholderParser$Part
instanceKlass org/springframework/boot/autoconfigure/info/ProjectInfoProperties
instanceKlass org/springframework/boot/ssl/SslBundle
instanceKlass org/springframework/boot/autoconfigure/http/client/HttpClientProperties$Ssl
instanceKlass org/springframework/boot/autoconfigure/http/client/HttpClientAutoConfiguration
instanceKlass org/springframework/boot/http/client/ClientHttpRequestFactoryBuilder
instanceKlass org/springframework/boot/autoconfigure/http/client/HttpClientProperties
instanceKlass org/springframework/boot/autoconfigure/data/web/SpringDataWebProperties$Sort
instanceKlass org/springframework/boot/autoconfigure/data/web/SpringDataWebProperties$Pageable
instanceKlass org/springframework/boot/autoconfigure/data/web/SpringDataWebAutoConfiguration
instanceKlass org/springframework/data/web/config/SpringDataJacksonConfiguration
instanceKlass org/springframework/data/web/config/OffsetScrollPositionHandlerMethodArgumentResolverCustomizer
instanceKlass org/springframework/data/web/OffsetScrollPositionHandlerMethodArgumentResolverSupport
instanceKlass org/springframework/data/web/OffsetScrollPositionArgumentResolver
instanceKlass org/springframework/data/web/config/SortHandlerMethodArgumentResolverCustomizer
instanceKlass org/springframework/data/web/SortHandlerMethodArgumentResolverSupport
instanceKlass org/springframework/data/web/SortArgumentResolver
instanceKlass org/springframework/data/web/config/ProjectingArgumentResolverRegistrar$ProjectingArgumentResolverBeanPostProcessor
instanceKlass org/springframework/data/web/config/PageableHandlerMethodArgumentResolverCustomizer
instanceKlass org/springframework/boot/autoconfigure/data/web/SpringDataWebProperties
instanceKlass org/springframework/boot/autoconfigure/data/rest/RepositoryRestMvcAutoConfiguration
instanceKlass org/springframework/boot/autoconfigure/http/HttpMessageConvertersAutoConfiguration
instanceKlass org/springframework/boot/autoconfigure/http/HttpMessageConvertersAutoConfiguration$HttpMessageConvertersAutoConfigurationRuntimeHints
instanceKlass org/springframework/boot/autoconfigure/http/JsonbHttpMessageConvertersConfiguration
instanceKlass org/springframework/boot/autoconfigure/http/GsonHttpMessageConvertersConfiguration
instanceKlass org/springframework/boot/autoconfigure/jsonb/JsonbAutoConfiguration
instanceKlass org/springframework/boot/autoconfigure/http/JacksonHttpMessageConvertersConfiguration
instanceKlass org/springframework/boot/autoconfigure/http/JacksonHttpMessageConvertersConfiguration$MappingJackson2HttpMessageConverterConfiguration
instanceKlass org/springframework/boot/autoconfigure/http/JacksonHttpMessageConvertersConfiguration$MappingJackson2XmlHttpMessageConverterConfiguration
instanceKlass org/springframework/boot/autoconfigure/http/HttpMessageConvertersAutoConfiguration$StringHttpMessageConverterConfiguration
instanceKlass com/google/gson/FieldNamingStrategy
instanceKlass org/springframework/boot/autoconfigure/gson/GsonAutoConfiguration$StandardGsonBuilderCustomizer
instanceKlass org/springframework/boot/autoconfigure/gson/GsonBuilderCustomizer
instanceKlass org/springframework/boot/autoconfigure/gson/GsonAutoConfiguration
instanceKlass org/springframework/data/repository/core/support/RepositoryComposition$RepositoryFragments
instanceKlass org/springframework/data/repository/core/support/PropertiesBasedNamedQueries
instanceKlass org/springframework/data/repository/core/NamedQueries
instanceKlass org/springframework/data/jpa/util/JpaMetamodelCacheCleanup
instanceKlass org/springframework/data/mapping/context/AbstractMappingContext
instanceKlass org/springframework/data/mapping/context/MappingContext
instanceKlass sun/reflect/generics/tree/BooleanSignature
instanceKlass org/springframework/orm/jpa/SharedEntityManagerCreator
instanceKlass org/springframework/boot/LazyInitializationExcludeFilter
instanceKlass org/springframework/boot/autoconfigure/data/jpa/JpaRepositoriesAutoConfiguration
instanceKlass com/google/gson/GsonBuilder
instanceKlass org/springframework/boot/autoconfigure/gson/GsonProperties
instanceKlass org/springframework/data/repository/config/RepositoryRegistrationAotProcessor
instanceKlass org/springframework/util/StopWatch$TaskInfo
instanceKlass org/springframework/beans/factory/parsing/ComponentDefinition
instanceKlass org/springframework/data/repository/config/RepositoryConfigurationAdapter
instanceKlass org/springframework/data/repository/config/RepositoryFragmentConfigurationProvider
instanceKlass  @bci org/springframework/data/repository/config/RepositoryBeanDefinitionBuilder buildMetadata (Lorg/springframework/data/repository/config/RepositoryConfiguration;)Lorg/springframework/data/repository/config/RepositoryConfigurationAdapter; 37 <appendix> argL0 ; # org/springframework/data/repository/config/RepositoryBeanDefinitionBuilder$$Lambda+0x00000210bf394d70
instanceKlass  @bci org/springframework/data/repository/config/RepositoryBeanDefinitionBuilder buildMetadata (Lorg/springframework/data/repository/config/RepositoryConfiguration;)Lorg/springframework/data/repository/config/RepositoryConfigurationAdapter; 27 <appendix> member <vmtarget> ; # org/springframework/data/repository/config/RepositoryBeanDefinitionBuilder$$Lambda+0x00000210bf394b28
instanceKlass  @bci org/springframework/data/repository/config/RepositoryConfigurationDelegate getRepositoryFactoryBeanType (Lorg/springframework/data/repository/config/RepositoryConfiguration;)Lorg/springframework/core/ResolvableType; 275 <appendix> argL0 ; # org/springframework/data/repository/config/RepositoryConfigurationDelegate$$Lambda+0x00000210bf3946b0
instanceKlass  @bci java/util/stream/StreamSpliterators$WrappingSpliterator forEachRemaining (Ljava/util/function/Consumer;)V 33 <appendix> member <vmtarget> ; # java/util/stream/StreamSpliterators$WrappingSpliterator$$Lambda+0x00000210bf255fa8
instanceKlass  @bci org/springframework/data/repository/config/RepositoryBeanDefinitionBuilder registerRepositoryFragments (Lorg/springframework/data/repository/config/RepositoryConfiguration;)Ljava/lang/String; 16 <appendix> argL0 ; # org/springframework/data/repository/config/RepositoryBeanDefinitionBuilder$$Lambda+0x00000210bf394470
instanceKlass  @bci org/springframework/data/repository/config/RepositoryBeanDefinitionBuilder registerRepositoryFragmentsImplementation (Lorg/springframework/data/repository/config/RepositoryConfiguration;)Ljava/util/stream/Stream; 45 <appendix> member <vmtarget> ; # org/springframework/data/repository/config/RepositoryBeanDefinitionBuilder$$Lambda+0x00000210bf394238
instanceKlass  @bci org/springframework/data/repository/config/RepositoryBeanDefinitionBuilder registerRepositoryFragmentsImplementation (Lorg/springframework/data/repository/config/RepositoryConfiguration;)Ljava/util/stream/Stream; 33 <appendix> member <vmtarget> ; # org/springframework/data/repository/config/RepositoryBeanDefinitionBuilder$$Lambda+0x00000210bf394000
instanceKlass org/springframework/data/repository/config/RepositoryFragmentConfiguration
instanceKlass  @bci org/springframework/data/repository/config/RepositoryBeanDefinitionBuilder discoverFragments (Lorg/springframework/data/repository/config/RepositoryConfiguration;Lorg/springframework/data/repository/config/ImplementationDetectionConfiguration;)Ljava/util/stream/Stream; 26 <appendix> argL0 ; # org/springframework/data/repository/config/RepositoryBeanDefinitionBuilder$$Lambda+0x00000210bf38fb30
instanceKlass  @bci org/springframework/data/repository/config/RepositoryBeanDefinitionBuilder discoverFragments (Lorg/springframework/data/repository/config/RepositoryConfiguration;Lorg/springframework/data/repository/config/ImplementationDetectionConfiguration;)Ljava/util/stream/Stream; 16 <appendix> member <vmtarget> ; # org/springframework/data/repository/config/RepositoryBeanDefinitionBuilder$$Lambda+0x00000210bf38f8e8
instanceKlass  @bci org/springframework/data/repository/config/FragmentMetadata getFragmentInterfaces (Ljava/lang/String;)Ljava/util/stream/Stream; 20 <appendix> member <vmtarget> ; # org/springframework/data/repository/config/FragmentMetadata$$Lambda+0x00000210bf38f690
instanceKlass org/springframework/data/repository/core/support/RepositoryFragmentsFactoryBean
instanceKlass  @bci org/springframework/data/repository/config/RepositoryBeanDefinitionBuilder build (Lorg/springframework/data/repository/config/RepositoryConfiguration;)Lorg/springframework/beans/factory/support/BeanDefinitionBuilder; 225 <appendix> member <vmtarget> ; # org/springframework/data/repository/config/RepositoryBeanDefinitionBuilder$$Lambda+0x00000210bf38f1c0
instanceKlass  @bci org/springframework/data/repository/config/RepositoryBeanDefinitionBuilder registerCustomImplementation (Lorg/springframework/data/repository/config/RepositoryConfiguration;)Ljava/util/Optional; 79 <appendix> member <vmtarget> ; # org/springframework/data/repository/config/RepositoryBeanDefinitionBuilder$$Lambda+0x00000210bf38ef78
instanceKlass  @bci org/springframework/data/repository/config/CustomRepositoryImplementationDetector selectImplementationCandidate (Lorg/springframework/data/repository/config/ImplementationLookupConfiguration;Ljava/util/Set;)Ljava/util/Optional; 34 <appendix> member <vmtarget> ; # org/springframework/data/repository/config/CustomRepositoryImplementationDetector$$Lambda+0x00000210bf38ed30
instanceKlass  @bci java/util/stream/Collectors toList ()Ljava/util/stream/Collector; 14 <appendix> argL0 ; # java/util/stream/Collectors$$Lambda+0x00000210bf2555b0
instanceKlass  @bci java/util/stream/Collectors toList ()Ljava/util/stream/Collector; 9 <appendix> argL0 ; # java/util/stream/Collectors$$Lambda+0x00000210bf255380
instanceKlass  @bci java/util/stream/Collectors toList ()Ljava/util/stream/Collector; 4 <appendix> argL0 ; # java/util/stream/Collectors$$Lambda+0x00000210bf255160
instanceKlass  @bci org/springframework/data/repository/config/SelectionSet filterIfNecessary (Ljava/util/function/Predicate;)Lorg/springframework/data/repository/config/SelectionSet; 15 <appendix> member <vmtarget> ; # org/springframework/data/repository/config/SelectionSet$$Lambda+0x00000210bf38eb08
instanceKlass  @bci org/springframework/data/repository/config/SelectionSet filterIfNecessary (Ljava/util/function/Predicate;)Lorg/springframework/data/repository/config/SelectionSet; 5 <appendix> member <vmtarget> ; # org/springframework/data/repository/config/SelectionSet$$Lambda+0x00000210bf38e8c0
instanceKlass  @bci org/springframework/data/repository/config/CustomRepositoryImplementationDetector selectImplementationCandidate (Lorg/springframework/data/repository/config/ImplementationLookupConfiguration;Ljava/util/Set;)Ljava/util/Optional; 16 <appendix> member <vmtarget> ; # org/springframework/data/repository/config/CustomRepositoryImplementationDetector$$Lambda+0x00000210bf38e668
instanceKlass org/springframework/data/repository/config/SelectionSet
instanceKlass  @bci org/springframework/data/repository/config/CustomRepositoryImplementationDetector selectImplementationCandidate (Lorg/springframework/data/repository/config/ImplementationLookupConfiguration;Ljava/util/Set;)Ljava/util/Optional; 2 <appendix> member <vmtarget> ; # org/springframework/data/repository/config/CustomRepositoryImplementationDetector$$Lambda+0x00000210bf38e200
instanceKlass  @bci java/util/function/Function andThen (Ljava/util/function/Function;)Ljava/util/function/Function; 7 <appendix> member <vmtarget> ; # java/util/function/Function$$Lambda+0x00000210bf254f18
instanceKlass  @bci org/springframework/data/util/StreamUtils toUnmodifiableSet ()Ljava/util/stream/Collector; 3 <appendix> argL0 ; # org/springframework/data/util/StreamUtils$$Lambda+0x00000210bf38dfc0
instanceKlass org/springframework/data/util/StreamUtils
instanceKlass  @bci org/springframework/data/repository/config/CustomRepositoryImplementationDetector detectCustomImplementation (Lorg/springframework/data/repository/config/ImplementationLookupConfiguration;)Ljava/util/Optional; 37 <appendix> member <vmtarget> ; # org/springframework/data/repository/config/CustomRepositoryImplementationDetector$$Lambda+0x00000210bf38db68
instanceKlass  @bci org/springframework/data/repository/config/CustomRepositoryImplementationDetector detectCustomImplementation (Lorg/springframework/data/repository/config/ImplementationLookupConfiguration;)Ljava/util/Optional; 15 <appendix> member <vmtarget> ; # org/springframework/data/repository/config/CustomRepositoryImplementationDetector$$Lambda+0x00000210bf38d940
instanceKlass  @bci org/springframework/data/repository/config/CustomRepositoryImplementationDetector findCandidateBeanDefinitions (Lorg/springframework/data/repository/config/ImplementationDetectionConfiguration;)Ljava/util/Set; 93 <appendix> member <vmtarget> ; # org/springframework/data/repository/config/CustomRepositoryImplementationDetector$$Lambda+0x00000210bf38d6f8
instanceKlass  @bci org/springframework/data/repository/config/CustomRepositoryImplementationDetector findCandidateBeanDefinitions (Lorg/springframework/data/repository/config/ImplementationDetectionConfiguration;)Ljava/util/Set; 71 <appendix> member <vmtarget> ; # org/springframework/data/repository/config/CustomRepositoryImplementationDetector$$Lambda+0x00000210bf38d4c0
instanceKlass  @bci org/springframework/data/repository/config/CustomRepositoryImplementationDetector findCandidateBeanDefinitions (Lorg/springframework/data/repository/config/ImplementationDetectionConfiguration;)Ljava/util/Set; 56 <appendix> argL0 ; # org/springframework/data/repository/config/CustomRepositoryImplementationDetector$$Lambda+0x00000210bf38d2a0
instanceKlass org/springframework/data/repository/config/DefaultImplementationLookupConfiguration
instanceKlass  @bci org/hibernate/sql/ast/spi/SqlAliasBaseImpl generateNewAlias ()Ljava/lang/String; 15 <appendix> form vmentry <vmtarget> ; # java/lang/invoke/LambdaForm$MH+0x00000210bf392800
# instanceKlass java/lang/invoke/LambdaForm$MH+0x00000210bf392400
instanceKlass  @bci org/hibernate/sql/ast/spi/SqlAliasBaseImpl generateNewAlias ()Ljava/lang/String; 15 <appendix> argL3 form vmentry <vmtarget> ; # java/lang/invoke/LambdaForm$MH+0x00000210bf392000
# instanceKlass java/lang/invoke/LambdaForm$MH+0x00000210bf391c00
# instanceKlass java/lang/invoke/LambdaForm$MH+0x00000210bf391800
# instanceKlass java/lang/invoke/LambdaForm$MH+0x00000210bf391400
# instanceKlass java/lang/invoke/LambdaForm$MH+0x00000210bf391000
instanceKlass  @bci org/hibernate/sql/ast/spi/SqlAliasBaseImpl generateNewAlias ()Ljava/lang/String; 15 <appendix> argL1 form vmentry <vmtarget> ; # java/lang/invoke/LambdaForm$MH+0x00000210bf390c00
# instanceKlass java/lang/invoke/LambdaForm$MH+0x00000210bf390800
# instanceKlass java/lang/invoke/LambdaForm$MH+0x00000210bf390400
# instanceKlass java/lang/invoke/LambdaForm$MH+0x00000210bf390000
instanceKlass  @bci org/springframework/data/repository/config/RepositoryBeanDefinitionBuilder build (Lorg/springframework/data/repository/config/RepositoryConfiguration;)Lorg/springframework/beans/factory/support/BeanDefinitionBuilder; 147 <appendix> member <vmtarget> ; # org/springframework/data/repository/config/RepositoryBeanDefinitionBuilder$$Lambda+0x00000210bf38c790
instanceKlass org/springframework/data/repository/config/NamedQueriesBeanDefinitionBuilder
instanceKlass  @bci org/springframework/data/repository/config/RepositoryBeanDefinitionBuilder build (Lorg/springframework/data/repository/config/RepositoryConfiguration;)Lorg/springframework/beans/factory/support/BeanDefinitionBuilder; 110 <appendix> member <vmtarget> ; # org/springframework/data/repository/config/RepositoryBeanDefinitionBuilder$$Lambda+0x00000210bf38c338
instanceKlass  @bci org/springframework/data/repository/config/DefaultRepositoryConfiguration getRepositoryFactoryBeanClassName ()Ljava/lang/String; 18 <appendix> member <vmtarget> ; # org/springframework/data/repository/config/DefaultRepositoryConfiguration$$Lambda+0x00000210bf38c110
instanceKlass com/social/post_service/entity/Post
instanceKlass com/social/post_service/repository/PostRepository
instanceKlass com/social/post_service/entity/PostLike
instanceKlass com/social/post_service/repository/PostLikeRepository
instanceKlass  @bci org/springframework/data/util/ReactiveWrappers isMultiValueType (Ljava/lang/Class;)Z 21 <appendix> argL0 ; # org/springframework/data/util/ReactiveWrappers$$Lambda+0x00000210bf38b608
instanceKlass  @bci org/springframework/data/util/ReactiveWrappers isSingleValueType (Ljava/lang/Class;)Z 10 <appendix> argL0 ; # org/springframework/data/util/ReactiveWrappers$$Lambda+0x00000210bf38b3c8
instanceKlass  @bci org/springframework/data/util/ReactiveWrappers isNoValueType (Ljava/lang/Class;)Z 10 <appendix> argL0 ; # org/springframework/data/util/ReactiveWrappers$$Lambda+0x00000210bf38b188
instanceKlass  @bci org/springframework/core/ReactiveAdapterRegistry$ReactorRegistrar registerAdapters (Lorg/springframework/core/ReactiveAdapterRegistry;)V 112 <appendix> argL0 ; # org/springframework/core/ReactiveAdapterRegistry$ReactorRegistrar$$Lambda+0x00000210bf38af48
instanceKlass  @bci org/springframework/core/ReactiveAdapterRegistry$ReactorRegistrar registerAdapters (Lorg/springframework/core/ReactiveAdapterRegistry;)V 107 <appendix> argL0 ; # org/springframework/core/ReactiveAdapterRegistry$ReactorRegistrar$$Lambda+0x00000210bf38ad08
instanceKlass  @bci org/springframework/core/ReactiveAdapterRegistry$ReactorRegistrar registerAdapters (Lorg/springframework/core/ReactiveAdapterRegistry;)V 99 <appendix> argL0 ; # org/springframework/core/ReactiveAdapterRegistry$ReactorRegistrar$$Lambda+0x00000210bf38aae8
instanceKlass  @bci org/springframework/core/ReactiveAdapterRegistry$ReactorRegistrar registerAdapters (Lorg/springframework/core/ReactiveAdapterRegistry;)V 88 <appendix> argL0 ; # org/springframework/core/ReactiveAdapterRegistry$ReactorRegistrar$$Lambda+0x00000210bf38a8a8
instanceKlass  @bci org/springframework/core/ReactiveAdapterRegistry$ReactorRegistrar registerAdapters (Lorg/springframework/core/ReactiveAdapterRegistry;)V 83 <appendix> argL0 ; # org/springframework/core/ReactiveAdapterRegistry$ReactorRegistrar$$Lambda+0x00000210bf38a668
instanceKlass  @bci org/springframework/core/ReactiveAdapterRegistry$ReactorRegistrar registerAdapters (Lorg/springframework/core/ReactiveAdapterRegistry;)V 75 <appendix> argL0 ; # org/springframework/core/ReactiveAdapterRegistry$ReactorRegistrar$$Lambda+0x00000210bf38a448
instanceKlass java/util/concurrent/CompletableFuture
instanceKlass  @bci org/springframework/core/ReactiveAdapterRegistry$ReactorRegistrar registerAdapters (Lorg/springframework/core/ReactiveAdapterRegistry;)V 64 <appendix> argL0 ; # org/springframework/core/ReactiveAdapterRegistry$ReactorRegistrar$$Lambda+0x00000210bf389ad0
instanceKlass  @bci org/springframework/core/ReactiveAdapterRegistry$ReactorRegistrar registerAdapters (Lorg/springframework/core/ReactiveAdapterRegistry;)V 59 <appendix> argL0 ; # org/springframework/core/ReactiveAdapterRegistry$ReactorRegistrar$$Lambda+0x00000210bf389890
instanceKlass  @bci org/springframework/core/ReactiveAdapterRegistry$ReactorRegistrar registerAdapters (Lorg/springframework/core/ReactiveAdapterRegistry;)V 51 <appendix> argL0 ; # org/springframework/core/ReactiveAdapterRegistry$ReactorRegistrar$$Lambda+0x00000210bf389670
instanceKlass  @bci org/springframework/core/ReactiveAdapterRegistry$ReactorRegistrar registerAdapters (Lorg/springframework/core/ReactiveAdapterRegistry;)V 40 <appendix> argL0 ; # org/springframework/core/ReactiveAdapterRegistry$ReactorRegistrar$$Lambda+0x00000210bf389430
instanceKlass  @bci org/springframework/core/ReactiveAdapterRegistry$ReactorRegistrar registerAdapters (Lorg/springframework/core/ReactiveAdapterRegistry;)V 35 <appendix> argL0 ; # org/springframework/core/ReactiveAdapterRegistry$ReactorRegistrar$$Lambda+0x00000210bf3891f0
instanceKlass  @bci org/springframework/core/ReactiveAdapterRegistry$ReactorRegistrar registerAdapters (Lorg/springframework/core/ReactiveAdapterRegistry;)V 27 <appendix> argL0 ; # org/springframework/core/ReactiveAdapterRegistry$ReactorRegistrar$$Lambda+0x00000210bf388fd0
instanceKlass  @bci org/springframework/core/ReactiveAdapterRegistry$ReactorRegistrar registerAdapters (Lorg/springframework/core/ReactiveAdapterRegistry;)V 16 <appendix> argL0 ; # org/springframework/core/ReactiveAdapterRegistry$ReactorRegistrar$$Lambda+0x00000210bf388d90
instanceKlass  @bci org/springframework/core/ReactiveAdapterRegistry$ReactorRegistrar registerAdapters (Lorg/springframework/core/ReactiveAdapterRegistry;)V 11 <appendix> argL0 ; # org/springframework/core/ReactiveAdapterRegistry$ReactorRegistrar$$Lambda+0x00000210bf377cf8
instanceKlass org/springframework/core/ReactiveTypeDescriptor
instanceKlass  @bci org/springframework/core/ReactiveAdapterRegistry$ReactorRegistrar registerAdapters (Lorg/springframework/core/ReactiveAdapterRegistry;)V 3 <appendix> argL0 ; # org/springframework/core/ReactiveAdapterRegistry$ReactorRegistrar$$Lambda+0x00000210bf387da8
instanceKlass java/util/concurrent/CompletionStage
instanceKlass reactor/adapter/JdkFlowAdapter$PublisherAsFlowPublisher
instanceKlass java/util/concurrent/Flow$Publisher
instanceKlass reactor/adapter/JdkFlowAdapter
instanceKlass  @bci reactor/core/publisher/Flux <clinit> ()V 32 <appendix> argL0 ; # reactor/core/publisher/Flux$$Lambda+0x00000210bf374438
instanceKlass  @cpi org/springframework/util/MimeTypeUtils 476 form vmentry <vmtarget> ; # java/lang/invoke/LambdaForm$DMH+0x00000210bf378800
instanceKlass  @bci reactor/core/publisher/Flux <clinit> ()V 24 <appendix> argL0 ; # reactor/core/publisher/Flux$$Lambda+0x00000210bf374218
instanceKlass  @cpi reactor/core/publisher/Flux 3269 form vmentry <vmtarget> ; # java/lang/invoke/LambdaForm$DMH+0x00000210bf378400
instanceKlass  @cpi org/hibernate/engine/jdbc/env/internal/JdbcEnvironmentInitiator 368 form vmentry <vmtarget> ; # java/lang/invoke/LambdaForm$DMH+0x00000210bf378000
instanceKlass  @bci reactor/core/publisher/Flux <clinit> ()V 16 <appendix> argL0 ; # reactor/core/publisher/Flux$$Lambda+0x00000210bf373ff8
instanceKlass  @bci reactor/core/publisher/Flux <clinit> ()V 8 <appendix> argL0 ; # reactor/core/publisher/Flux$$Lambda+0x00000210bf373dd8
instanceKlass  @bci reactor/core/publisher/Flux <clinit> ()V 0 <appendix> argL0 ; # reactor/core/publisher/Flux$$Lambda+0x00000210bf373ba8
instanceKlass reactor/util/function/Tuple2
instanceKlass reactor/util/function/Tuples
instanceKlass org/reactivestreams/Subscription
instanceKlass org/reactivestreams/Processor
instanceKlass reactor/core/Disposable
instanceKlass reactor/core/CoreSubscriber
instanceKlass org/reactivestreams/Subscriber
instanceKlass reactor/core/publisher/SignalPeek
instanceKlass reactor/core/observability/SignalListenerFactory
instanceKlass reactor/core/Fuseable$ScalarCallable
instanceKlass reactor/core/publisher/AssemblyOp
instanceKlass reactor/core/publisher/FluxOnAssembly$AssemblySnapshot
instanceKlass reactor/util/context/ContextView
instanceKlass reactor/core/Fuseable
instanceKlass reactor/core/publisher/SourceProducer
instanceKlass reactor/core/publisher/OptimizableOperator
instanceKlass reactor/core/Scannable
instanceKlass org/springframework/core/ReactiveAdapterRegistry$ReactorRegistrar
instanceKlass org/springframework/core/ReactiveAdapter
instanceKlass org/springframework/core/ReactiveAdapterRegistry
instanceKlass org/springframework/data/util/ReactiveWrappers$RegistryHolder
instanceKlass  @bci org/springframework/data/jpa/util/HibernateProxyDetector getUserType (Ljava/lang/Class;)Ljava/lang/Class; 12 <appendix> argL0 ; # org/springframework/data/jpa/util/HibernateProxyDetector$$Lambda+0x00000210bf34de78
instanceKlass  @bci org/springframework/data/jpa/util/HibernateProxyDetector getUserType (Ljava/lang/Class;)Ljava/lang/Class; 4 <appendix> member <vmtarget> ; # org/springframework/data/jpa/util/HibernateProxyDetector$$Lambda+0x00000210bf34dc30
instanceKlass  @bci org/springframework/data/util/ProxyUtils getUserClass (Ljava/lang/Class;)Ljava/lang/Class; 10 <appendix> argL0 ; # org/springframework/data/util/ProxyUtils$$Lambda+0x00000210bf34d9f0
instanceKlass  @bci org/springframework/data/util/ProxyUtils <clinit> ()V 26 <appendix> argL0 ; # org/springframework/data/util/ProxyUtils$$Lambda+0x00000210bf34d7d0
instanceKlass org/hibernate/proxy/HibernateProxy
instanceKlass org/hibernate/engine/spi/PrimeAmongSecondarySupertypes
instanceKlass org/springframework/data/jpa/util/HibernateProxyDetector
instanceKlass org/springframework/data/util/ProxyUtils$ProxyDetector
instanceKlass org/springframework/data/util/ProxyUtils
instanceKlass  @bci org/springframework/data/util/ReactiveWrappers supports (Ljava/lang/Class;)Z 10 <appendix> argL0 ; # org/springframework/data/util/ReactiveWrappers$$Lambda+0x00000210bf34cb60
instanceKlass java/util/stream/Streams$2
instanceKlass java/util/stream/Streams$ConcatSpliterator
instanceKlass  @bci org/springframework/data/util/ReactiveWrappers usesReactiveType (Ljava/lang/Class;)Z 23 <appendix> argL0 ; # org/springframework/data/util/ReactiveWrappers$$Lambda+0x00000210bf34c910
instanceKlass  @bci org/springframework/data/util/ReactiveWrappers usesReactiveType (Ljava/lang/Class;)Z 13 <appendix> argL0 ; # org/springframework/data/util/ReactiveWrappers$$Lambda+0x00000210bf34c6d0
instanceKlass org/springframework/data/util/ReflectionUtils$DescribedFieldFilter
instanceKlass org/springframework/data/util/ReflectionUtils
instanceKlass org/springframework/data/domain/Pageable
instanceKlass org/springframework/data/domain/Example
instanceKlass org/springframework/data/util/ReactiveWrappers$1
instanceKlass  @bci org/springframework/data/util/ReactiveWrappers <clinit> ()V 58 <appendix> argL0 ; # org/springframework/data/util/ReactiveWrappers$$Lambda+0x00000210bf34ba70
instanceKlass org/springframework/data/util/ReactiveWrappers
instanceKlass  @bci org/springframework/data/repository/core/support/DefaultRepositoryMetadata <init> (Ljava/lang/Class;)V 53 <appendix> member <vmtarget> ; # org/springframework/data/repository/core/support/DefaultRepositoryMetadata$$Lambda+0x00000210bf34b200
instanceKlass  @bci org/springframework/data/repository/core/support/DefaultRepositoryMetadata <init> (Ljava/lang/Class;)V 38 <appendix> member <vmtarget> ; # org/springframework/data/repository/core/support/DefaultRepositoryMetadata$$Lambda+0x00000210bf34afd8
instanceKlass  @bci org/springframework/data/util/TypeDiscoverer doGetTypeArguments ()Ljava/util/List; 24 <appendix> argL0 ; # org/springframework/data/util/TypeDiscoverer$$Lambda+0x00000210bf34ad98
instanceKlass  @bci org/springframework/data/util/TypeDiscoverer getSuperTypeInformation (Ljava/lang/Class;)Lorg/springframework/data/util/TypeInformation; 77 <appendix> argL0 ; # org/springframework/data/util/TypeDiscoverer$$Lambda+0x00000210bf34ab48
instanceKlass com/social/post_service/entity/Comment
instanceKlass  @bci org/springframework/data/repository/core/support/AbstractRepositoryMetadata <init> (Ljava/lang/Class;)V 38 <appendix> member <vmtarget> ; # org/springframework/data/repository/core/support/AbstractRepositoryMetadata$$Lambda+0x00000210bf34a6b0
instanceKlass  @bci org/springframework/data/util/TypeDiscoverer <init> (Lorg/springframework/core/ResolvableType;)V 104 <appendix> member <vmtarget> ; # org/springframework/data/util/TypeDiscoverer$$Lambda+0x00000210bf34a488
instanceKlass  @bci org/springframework/data/util/TypeDiscoverer <init> (Lorg/springframework/core/ResolvableType;)V 91 <appendix> member <vmtarget> ; # org/springframework/data/util/TypeDiscoverer$$Lambda+0x00000210bf34a260
instanceKlass  @bci org/springframework/data/util/TypeDiscoverer <init> (Lorg/springframework/core/ResolvableType;)V 78 <appendix> member <vmtarget> ; # org/springframework/data/util/TypeDiscoverer$$Lambda+0x00000210bf34a038
instanceKlass  @bci org/springframework/data/util/TypeDiscoverer <init> (Lorg/springframework/core/ResolvableType;)V 65 <appendix> member <vmtarget> ; # org/springframework/data/util/TypeDiscoverer$$Lambda+0x00000210bf349e10
instanceKlass  @bci org/springframework/data/util/TypeDiscoverer <init> (Lorg/springframework/core/ResolvableType;)V 30 <appendix> member <vmtarget> ; # org/springframework/data/util/TypeDiscoverer$$Lambda+0x00000210bf349be8
instanceKlass  @bci org/springframework/data/util/TypeDiscoverer <init> (Lorg/springframework/core/ResolvableType;)V 17 <appendix> member <vmtarget> ; # org/springframework/data/util/TypeDiscoverer$$Lambda+0x00000210bf3499c0
instanceKlass org/springframework/util/ConcurrentLruCache$AddTask
instanceKlass  @bci org/springframework/data/util/ClassTypeInformation <clinit> ()V 25 <appendix> argL0 ; # org/springframework/data/util/ClassTypeInformation$$Lambda+0x00000210bf348cf8
instanceKlass  @bci org/springframework/data/util/ClassTypeInformation <clinit> ()V 7 <appendix> argL0 ; # org/springframework/data/util/ClassTypeInformation$$Lambda+0x00000210bf348ab8
instanceKlass org/springframework/util/ConcurrentLruCache$WriteOperations
instanceKlass org/springframework/util/ConcurrentLruCache$ReadOperations
instanceKlass org/springframework/util/ConcurrentLruCache$EvictionQueue
instanceKlass  @bci org/springframework/data/util/TypeDiscoverer <clinit> ()V 6 <appendix> argL0 ; # org/springframework/data/util/TypeDiscoverer$$Lambda+0x00000210bf347620
instanceKlass org/springframework/util/ConcurrentLruCache
instanceKlass org/springframework/data/util/TypeDiscoverer
instanceKlass org/springframework/data/util/TypeInformation
instanceKlass  @bci org/springframework/data/repository/core/support/AbstractRepositoryMetadata <init> (Ljava/lang/Class;)V 15 <appendix> member <vmtarget> ; # org/springframework/data/repository/core/support/AbstractRepositoryMetadata$$Lambda+0x00000210bf3468a0
instanceKlass org/springframework/data/repository/core/CrudMethods
instanceKlass org/springframework/data/repository/core/support/AbstractRepositoryMetadata
instanceKlass org/springframework/data/repository/core/RepositoryMetadata
instanceKlass com/social/post_service/repository/CommentRepository
instanceKlass  @bci org/springframework/data/jpa/repository/config/JpaRepositoryConfigExtension$LazyJvmAgent isActive (Ljava/lang/ClassLoader;)Z 9 <appendix> member <vmtarget> ; # org/springframework/data/jpa/repository/config/JpaRepositoryConfigExtension$LazyJvmAgent$$Lambda+0x00000210bf345a88
instanceKlass org/springframework/data/jpa/repository/config/JpaRepositoryConfigExtension$LazyJvmAgent
instanceKlass  @bci org/springframework/data/repository/config/DefaultRepositoryConfiguration <init> (Lorg/springframework/data/repository/config/RepositoryConfigurationSource;Lorg/springframework/beans/factory/config/BeanDefinition;Lorg/springframework/data/repository/config/RepositoryConfigurationExtension;)V 22 <appendix> member <vmtarget> ; # org/springframework/data/repository/config/DefaultRepositoryConfiguration$$Lambda+0x00000210bf345658
instanceKlass org/springframework/data/repository/config/DefaultRepositoryConfiguration
instanceKlass org/springframework/data/repository/util/ClassUtils
instanceKlass org/springframework/asm/ByteVector
instanceKlass  @bci org/springframework/data/repository/config/RepositoryConfigurationSourceSupport lambda$getCandidates$1 (Lorg/springframework/data/repository/config/RepositoryComponentProvider;)Ljava/util/stream/Stream; 10 <appendix> member <vmtarget> ; # org/springframework/data/repository/config/RepositoryConfigurationSourceSupport$$Lambda+0x00000210bf344c78
instanceKlass  @bci org/springframework/data/util/Streamable of (Ljava/lang/Iterable;)Lorg/springframework/data/util/Streamable; 12 <appendix> member <vmtarget> ; # org/springframework/data/util/Streamable$$Lambda+0x00000210bf344930
instanceKlass org/springframework/util/MethodInvoker
instanceKlass  @bci org/springframework/core/convert/TypeDescriptor <init> (Lorg/springframework/core/MethodParameter;)V 29 <appendix> member <vmtarget> ; # org/springframework/core/convert/TypeDescriptor$$Lambda+0x00000210bf344470
instanceKlass org/springframework/beans/factory/support/ConstructorResolver$ArgumentsHolder
instanceKlass  @bci org/springframework/beans/factory/support/AutowireUtils <clinit> ()V 0 <appendix> argL0 ; # org/springframework/beans/factory/support/AutowireUtils$$Lambda+0x00000210bf343fb0
instanceKlass org/springframework/beans/factory/support/AutowireUtils
instanceKlass org/springframework/beans/factory/config/RuntimeBeanNameReference
instanceKlass java/util/Collections$UnmodifiableMap$UnmodifiableEntrySet$1
instanceKlass org/springframework/beans/factory/support/ConstructorResolver
instanceKlass  @bci org/springframework/data/repository/config/RepositoryConfigurationSourceSupport getCandidates (Lorg/springframework/core/io/ResourceLoader;)Lorg/springframework/data/util/Streamable; 59 <appendix> member <vmtarget> ; # org/springframework/data/repository/config/RepositoryConfigurationSourceSupport$$Lambda+0x00000210bf3415a0
instanceKlass  @bci org/springframework/data/repository/config/RepositoryConfigurationSourceSupport getCandidates (Lorg/springframework/core/io/ResourceLoader;)Lorg/springframework/data/util/Streamable; 47 <appendix> member <vmtarget> ; # org/springframework/data/repository/config/RepositoryConfigurationSourceSupport$$Lambda+0x00000210bf341368
instanceKlass org/springframework/data/repository/NoRepositoryBean
instanceKlass org/springframework/data/repository/RepositoryDefinition
instanceKlass org/springframework/data/util/LazyStreamable
instanceKlass  @bci org/springframework/data/repository/config/AnnotationRepositoryConfigurationSource parseFilters (Ljava/lang/String;)Lorg/springframework/data/util/Streamable; 11 <appendix> member <vmtarget> ; # org/springframework/data/repository/config/AnnotationRepositoryConfigurationSource$$Lambda+0x00000210bf3407a8
instanceKlass  @bci org/springframework/data/repository/config/RepositoryConfigurationDelegate registerRepositoriesIn (Lorg/springframework/beans/factory/support/BeanDefinitionRegistry;Lorg/springframework/data/repository/config/RepositoryConfigurationExtension;)Ljava/util/List; 176 <appendix> member <vmtarget> ; # org/springframework/data/repository/config/RepositoryConfigurationDelegate$$Lambda+0x00000210bf3402b8
instanceKlass org/springframework/util/StopWatch
instanceKlass  @bci org/springframework/data/util/Lazy <clinit> ()V 4 <appendix> argL0 ; # org/springframework/data/util/Lazy$$Lambda+0x00000210bf33c400
instanceKlass org/springframework/data/util/Lazy
instanceKlass  @bci org/springframework/data/repository/config/CustomRepositoryImplementationDetector <init> (Lorg/springframework/core/env/Environment;Lorg/springframework/core/io/ResourceLoader;Lorg/springframework/data/repository/config/ImplementationDetectionConfiguration;)V 35 <appendix> member <vmtarget> ; # org/springframework/data/repository/config/CustomRepositoryImplementationDetector$$Lambda+0x00000210bf33ca00
instanceKlass org/springframework/data/repository/config/ImplementationLookupConfiguration
instanceKlass org/springframework/data/repository/config/RepositoryConfigurationSourceSupport$SpringImplementationDetectionConfiguration
instanceKlass org/springframework/data/repository/config/CustomRepositoryImplementationDetector
instanceKlass org/springframework/data/repository/config/FragmentMetadata
instanceKlass org/springframework/data/repository/config/RepositoryBeanDefinitionBuilder
instanceKlass  @bci org/springframework/data/repository/config/RepositoryConfigurationSource getRequiredAttribute (Ljava/lang/String;Ljava/lang/Class;)Ljava/lang/Object; 15 <appendix> member <vmtarget> ; # org/springframework/data/repository/config/RepositoryConfigurationSource$$Lambda+0x00000210bf33d278
instanceKlass org/springframework/data/jpa/repository/support/JpaEvaluationContextExtension
instanceKlass org/springframework/data/spel/spi/EvaluationContextExtension
instanceKlass org/springframework/data/spel/spi/ExtensionIdAware
instanceKlass  @bci org/springframework/data/jpa/repository/config/JpaRepositoryConfigExtension registerBeansForRoot (Lorg/springframework/beans/factory/support/BeanDefinitionRegistry;Lorg/springframework/data/repository/config/RepositoryConfigurationSource;)V 81 <appendix> member <vmtarget> ; # org/springframework/data/jpa/repository/config/JpaRepositoryConfigExtension$$Lambda+0x00000210bf33f958
instanceKlass  @bci org/springframework/data/jpa/repository/config/JpaRepositoryConfigExtension registerBeansForRoot (Lorg/springframework/beans/factory/support/BeanDefinitionRegistry;Lorg/springframework/data/repository/config/RepositoryConfigurationSource;)V 68 <appendix> argL0 ; # org/springframework/data/jpa/repository/config/JpaRepositoryConfigExtension$$Lambda+0x00000210bf33f738
instanceKlass org/springframework/data/jpa/repository/support/DefaultJpaContext
instanceKlass org/springframework/data/jpa/repository/JpaContext
instanceKlass  @bci org/springframework/data/jpa/repository/config/JpaRepositoryConfigExtension registerBeansForRoot (Lorg/springframework/beans/factory/support/BeanDefinitionRegistry;Lorg/springframework/data/repository/config/RepositoryConfigurationSource;)V 56 <appendix> argL0 ; # org/springframework/data/jpa/repository/config/JpaRepositoryConfigExtension$$Lambda+0x00000210bf33f0e8
instanceKlass  @bci org/springframework/data/jpa/repository/config/JpaRepositoryConfigExtension registerBeansForRoot (Lorg/springframework/beans/factory/support/BeanDefinitionRegistry;Lorg/springframework/data/repository/config/RepositoryConfigurationSource;)V 44 <appendix> argL0 ; # org/springframework/data/jpa/repository/config/JpaRepositoryConfigExtension$$Lambda+0x00000210bf33eec8
instanceKlass org/springframework/beans/factory/config/AbstractFactoryBean
instanceKlass  @bci org/springframework/data/jpa/repository/config/JpaRepositoryConfigExtension registerBeansForRoot (Lorg/springframework/beans/factory/support/BeanDefinitionRegistry;Lorg/springframework/data/repository/config/RepositoryConfigurationSource;)V 32 <appendix> argL0 ; # org/springframework/data/jpa/repository/config/JpaRepositoryConfigExtension$$Lambda+0x00000210bf33e690
instanceKlass org/springframework/data/jpa/repository/support/EntityManagerBeanDefinitionRegistrarPostProcessor
instanceKlass  @bci org/springframework/data/jpa/repository/config/JpaRepositoryConfigExtension registerBeansForRoot (Lorg/springframework/beans/factory/support/BeanDefinitionRegistry;Lorg/springframework/data/repository/config/RepositoryConfigurationSource;)V 20 <appendix> argL0 ; # org/springframework/data/jpa/repository/config/JpaRepositoryConfigExtension$$Lambda+0x00000210bf33e228
instanceKlass  @bci org/springframework/data/repository/config/AnnotationRepositoryConfigurationSource getAttribute (Ljava/lang/String;Ljava/lang/Class;)Ljava/util/Optional; 54 <appendix> member <vmtarget> ; # org/springframework/data/repository/config/AnnotationRepositoryConfigurationSource$$Lambda+0x00000210bf33e000
instanceKlass org/springframework/data/repository/config/RepositoryConfiguration
instanceKlass org/springframework/data/repository/core/support/RepositoryFactorySupport
instanceKlass  @bci org/springframework/data/repository/config/AnnotationRepositoryConfigurationSource hasExplicitFilters (Lorg/springframework/core/annotation/AnnotationAttributes;)Z 18 <appendix> member <vmtarget> ; # org/springframework/data/repository/config/AnnotationRepositoryConfigurationSource$$Lambda+0x00000210bf33a690
instanceKlass  @bci org/springframework/data/repository/config/AnnotationRepositoryConfigurationSource <init> (Lorg/springframework/core/type/AnnotationMetadata;Ljava/lang/Class;Lorg/springframework/core/io/ResourceLoader;Lorg/springframework/core/env/Environment;Lorg/springframework/beans/factory/support/BeanDefinitionRegistry;Lorg/springframework/beans/factory/support/BeanNameGenerator;)V 111 <appendix> member <vmtarget> ; # org/springframework/data/repository/config/AnnotationRepositoryConfigurationSource$$Lambda+0x00000210bf33a448
instanceKlass org/springframework/data/repository/config/RepositoryBeanNameGenerator
instanceKlass org/springframework/data/repository/config/RepositoryBeanDefinitionRegistrarSupport
instanceKlass org/springframework/data/config/ConfigurationUtils
instanceKlass org/springframework/data/repository/config/ImplementationDetectionConfiguration
# instanceKlass java/lang/invoke/LambdaForm$MH+0x00000210bf33c000
instanceKlass org/springframework/data/repository/config/DefaultRepositoryBaseClass
instanceKlass org/springframework/data/jpa/repository/config/EnableJpaRepositories
instanceKlass org/springframework/boot/autoconfigure/data/jpa/JpaRepositoriesRegistrar$EnableJpaRepositoriesConfiguration
instanceKlass org/springframework/data/repository/config/RepositoryConfigurationDelegate
instanceKlass org/springframework/data/repository/config/RepositoryConfigurationExtensionSupport
instanceKlass org/springframework/data/repository/core/support/RepositoryFactoryBeanSupport
instanceKlass org/springframework/data/repository/core/support/RepositoryFactoryInformation
instanceKlass org/springframework/boot/autoconfigure/dao/PersistenceExceptionTranslationAutoConfiguration
instanceKlass org/springframework/context/support/DefaultLifecycleProcessor
instanceKlass org/springframework/boot/autoconfigure/context/LifecycleAutoConfiguration
instanceKlass org/springframework/boot/autoconfigure/context/ConfigurationPropertiesAutoConfiguration
instanceKlass org/springframework/boot/autoconfigure/context/LifecycleProperties
instanceKlass org/springframework/boot/autoconfigure/jackson/JacksonAutoConfiguration
instanceKlass org/springframework/boot/jackson/JsonMixinModuleEntries
instanceKlass org/springframework/boot/autoconfigure/jackson/JacksonAutoConfiguration$JacksonMixinConfiguration
instanceKlass org/springframework/boot/autoconfigure/jackson/JacksonAutoConfiguration$JacksonObjectMapperConfiguration
instanceKlass org/springframework/boot/autoconfigure/jackson/JacksonAutoConfiguration$ParameterNamesModuleConfiguration
instanceKlass org/springframework/boot/autoconfigure/jackson/JacksonAutoConfiguration$JacksonObjectMapperBuilderConfiguration
instanceKlass org/springframework/boot/autoconfigure/jackson/JacksonAutoConfiguration$Jackson2ObjectMapperBuilderCustomizerConfiguration$StandardJackson2ObjectMapperBuilderCustomizer
instanceKlass org/springframework/boot/autoconfigure/jackson/Jackson2ObjectMapperBuilderCustomizer
instanceKlass org/springframework/boot/autoconfigure/jackson/JacksonAutoConfiguration$Jackson2ObjectMapperBuilderCustomizerConfiguration
instanceKlass org/springframework/beans/factory/support/AbstractAutowireCapableBeanFactory$FactoryBeanMethodTypeFinder
instanceKlass org/springframework/boot/autoconfigure/jackson/JacksonProperties$Datatype
instanceKlass org/springframework/boot/autoconfigure/jackson/JacksonProperties
instanceKlass org/springframework/boot/autoconfigure/jdbc/DataSourceTransactionManagerAutoConfiguration
instanceKlass org/springframework/boot/autoconfigure/orm/jpa/HibernateProperties$Naming
instanceKlass org/springframework/boot/autoconfigure/orm/jpa/JpaProperties
instanceKlass org/springframework/transaction/support/ResourceTransactionManager
instanceKlass org/springframework/boot/autoconfigure/orm/jpa/EntityManagerFactoryBuilderCustomizer
instanceKlass org/springframework/boot/orm/jpa/EntityManagerFactoryBuilder
instanceKlass org/hibernate/boot/model/naming/ImplicitNamingStrategy
instanceKlass org/hibernate/boot/model/naming/PhysicalNamingStrategy
instanceKlass org/springframework/orm/jpa/vendor/AbstractJpaVendorAdapter
instanceKlass org/springframework/orm/jpa/JpaVendorAdapter
instanceKlass org/springframework/boot/autoconfigure/orm/jpa/JpaBaseConfiguration
instanceKlass org/springframework/boot/autoconfigure/orm/jpa/HibernateJpaConfiguration$HibernateRuntimeHints
instanceKlass org/springframework/boot/autoconfigure/orm/jpa/HibernateProperties
instanceKlass org/springframework/boot/autoconfigure/orm/jpa/JpaBaseConfiguration$PersistenceManagedTypesConfiguration
instanceKlass org/springframework/orm/jpa/persistenceunit/PersistenceManagedTypes
instanceKlass org/springframework/boot/autoconfigure/orm/jpa/JpaBaseConfiguration$JpaWebConfiguration
instanceKlass org/springframework/orm/jpa/EntityManagerFactoryAccessor
instanceKlass org/springframework/web/context/request/AsyncWebRequestInterceptor
instanceKlass org/springframework/web/context/request/WebRequestInterceptor
# instanceKlass java/lang/invoke/LambdaForm$DMH+0x00000210bf330000
instanceKlass org/springframework/cloud/context/refresh/RefreshScopeLifecycle
instanceKlass org/springframework/cloud/endpoint/event/RefreshEventListener
instanceKlass org/springframework/cloud/context/refresh/ContextRefresher
instanceKlass org/springframework/cloud/logging/LoggingRebinder
instanceKlass org/springframework/cloud/autoconfigure/RefreshAutoConfiguration$RefreshScopeBeanDefinitionEnhancer
instanceKlass org/springframework/boot/autoconfigure/transaction/ExecutionListenersTransactionManagerCustomizer
instanceKlass org/springframework/cloud/autoconfigure/RefreshAutoConfiguration$RefreshProperties
instanceKlass org/springframework/boot/autoconfigure/jdbc/DataSourceAutoConfiguration
instanceKlass org/springframework/boot/jdbc/metadata/DataSourcePoolMetadataProvider
instanceKlass org/springframework/boot/jdbc/metadata/DataSourcePoolMetadata
instanceKlass org/springframework/boot/autoconfigure/jdbc/metadata/DataSourcePoolMetadataProvidersConfiguration$HikariPoolDataSourceMetadataProviderConfiguration
instanceKlass org/springframework/boot/autoconfigure/jdbc/PropertiesJdbcConnectionDetails
instanceKlass org/springframework/boot/autoconfigure/transaction/TransactionManagerCustomizers
instanceKlass org/springframework/boot/autoconfigure/transaction/TransactionProperties
instanceKlass org/springframework/boot/autoconfigure/transaction/TransactionManagerCustomizer
instanceKlass org/springframework/boot/autoconfigure/jdbc/DataSourceProperties$Xa
instanceKlass org/springframework/boot/autoconfigure/jdbc/DataSourceCheckpointRestoreConfiguration
instanceKlass org/springframework/boot/autoconfigure/jdbc/metadata/DataSourcePoolMetadataProvidersConfiguration
instanceKlass org/springframework/boot/autoconfigure/sql/init/SqlInitializationAutoConfiguration
instanceKlass org/springframework/boot/autoconfigure/jdbc/metadata/DataSourcePoolMetadataProvidersConfiguration$HikariDataSourcePoolMetadataRuntimeHints
instanceKlass org/springframework/boot/autoconfigure/jdbc/DataSourceAutoConfiguration$PooledDataSourceConfiguration
instanceKlass org/springframework/boot/autoconfigure/jdbc/DataSourceJmxConfiguration$Hikari
instanceKlass org/springframework/boot/autoconfigure/jdbc/DataSourceJmxConfiguration
instanceKlass org/springframework/boot/autoconfigure/jdbc/DataSourceConfiguration$Generic
instanceKlass org/springframework/boot/autoconfigure/jdbc/DataSourceConfiguration$OracleUcp
instanceKlass org/springframework/boot/autoconfigure/jdbc/DataSourceConfiguration$Dbcp2
instanceKlass org/springframework/boot/autoconfigure/jdbc/DataSourceConfiguration$Tomcat
instanceKlass org/springframework/boot/autoconfigure/jdbc/JdbcConnectionDetails
instanceKlass org/springframework/boot/autoconfigure/service/connection/ConnectionDetails
instanceKlass org/springframework/boot/autoconfigure/jdbc/DataSourceProperties
instanceKlass org/springframework/boot/autoconfigure/jdbc/JdbcConnectionDetailsBeanPostProcessor
instanceKlass org/springframework/boot/autoconfigure/jdbc/DataSourceConfiguration$Hikari
instanceKlass  @bci org/springframework/boot/autoconfigure/condition/OnBeanCondition$SingleCandidateSpec validate (Lorg/springframework/boot/autoconfigure/condition/OnBeanCondition$BeanTypeDeductionException;)V 19 <appendix> member <vmtarget> ; # org/springframework/boot/autoconfigure/condition/OnBeanCondition$SingleCandidateSpec$$Lambda+0x00000210bf32a190
instanceKlass javax/sql/XADataSource
instanceKlass  @bci org/springframework/context/annotation/ConfigurationClassParser removeKnownSuperclass (Ljava/lang/String;Z)V 54 <appendix> member <vmtarget> ; # org/springframework/context/annotation/ConfigurationClassParser$$Lambda+0x00000210bf329f38
instanceKlass org/springframework/boot/autoconfigure/transaction/jta/JtaAutoConfiguration
instanceKlass org/springframework/boot/availability/ApplicationAvailabilityBean
instanceKlass org/springframework/boot/autoconfigure/transaction/jta/JndiJtaConfiguration
instanceKlass org/springframework/boot/autoconfigure/transaction/TransactionManagerCustomizationAutoConfiguration
instanceKlass org/springframework/boot/autoconfigure/transaction/TransactionAutoConfiguration
instanceKlass org/springframework/boot/autoconfigure/orm/jpa/HibernateJpaAutoConfiguration
instanceKlass org/springframework/boot/autoconfigure/jms/artemis/ArtemisAutoConfiguration
instanceKlass org/springframework/boot/autoconfigure/jms/activemq/ActiveMQAutoConfiguration
instanceKlass org/springframework/boot/autoconfigure/jdbc/XADataSourceAutoConfiguration
instanceKlass org/springframework/boot/autoconfigure/availability/ApplicationAvailabilityAutoConfiguration
instanceKlass org/springframework/boot/autoconfigure/aop/AopAutoConfiguration
instanceKlass org/springframework/boot/autoconfigure/aop/AopAutoConfiguration$AspectJAutoProxyingConfiguration
instanceKlass org/springframework/boot/autoconfigure/aop/AopAutoConfiguration$AspectJAutoProxyingConfiguration$CglibAutoProxyConfiguration
instanceKlass org/springframework/boot/availability/ApplicationAvailability
instanceKlass org/springframework/aop/config/AopConfigUtils
instanceKlass org/springframework/boot/autoconfigure/web/WebResourcesRuntimeHints
instanceKlass org/springframework/aot/hint/RuntimeHintsRegistrar
instanceKlass org/springframework/boot/autoconfigure/validation/ValidationAutoConfiguration
instanceKlass org/springframework/web/context/request/RequestContextListener
instanceKlass jakarta/servlet/ServletRequestListener
instanceKlass org/springframework/boot/autoconfigure/http/HttpMessageConverters
instanceKlass org/springframework/web/servlet/config/annotation/ResourceHandlerRegistration
instanceKlass org/springframework/boot/web/servlet/filter/OrderedFilter
instanceKlass org/springframework/boot/autoconfigure/web/servlet/WebMvcAutoConfiguration$WebMvcAutoConfigurationAdapter
instanceKlass org/springframework/lang/Nullable
instanceKlass org/springframework/web/servlet/function/support/HandlerFunctionAdapter
instanceKlass org/springframework/web/servlet/mvc/HttpRequestHandlerAdapter
instanceKlass jakarta/servlet/ServletContext
instanceKlass org/springframework/web/util/UrlPathHelper
instanceKlass org/springframework/web/util/pattern/PathPatternParser
instanceKlass org/springframework/web/servlet/handler/HandlerMappingIntrospector
instanceKlass org/springframework/web/cors/PreFlightRequestHandler
instanceKlass org/springframework/web/cors/CorsConfigurationSource
instanceKlass org/springframework/web/method/support/CompositeUriComponentsContributor
instanceKlass org/springframework/web/method/support/UriComponentsContributor
instanceKlass org/springframework/web/servlet/mvc/SimpleControllerHandlerAdapter
instanceKlass org/springframework/web/servlet/config/annotation/ViewControllerRegistry
instanceKlass org/springframework/web/servlet/config/annotation/PathMatchConfigurer
instanceKlass org/springframework/web/servlet/config/annotation/CorsRegistry
instanceKlass org/springframework/web/servlet/config/annotation/InterceptorRegistry
instanceKlass org/springframework/web/servlet/config/annotation/ContentNegotiationConfigurer
instanceKlass org/springframework/web/servlet/config/annotation/DefaultServletHandlerConfigurer
instanceKlass org/springframework/web/servlet/config/annotation/ViewResolverRegistry
instanceKlass org/springframework/validation/MessageCodesResolver
instanceKlass org/springframework/web/servlet/config/annotation/ResourceHandlerRegistry
instanceKlass org/springframework/web/servlet/config/annotation/AsyncSupportConfigurer
instanceKlass org/springframework/web/bind/support/ConfigurableWebBindingInitializer
instanceKlass org/springframework/web/servlet/handler/AbstractHandlerExceptionResolver
instanceKlass org/springframework/web/servlet/HandlerAdapter
instanceKlass org/springframework/boot/autoconfigure/web/servlet/WebMvcAutoConfiguration$WelcomePageHandlerMappingFactory
instanceKlass org/springframework/web/servlet/resource/ResourceUrlProvider
instanceKlass org/springframework/web/accept/ContentNegotiationManager
instanceKlass org/springframework/web/accept/MediaTypeFileExtensionResolver
instanceKlass org/springframework/web/accept/ContentNegotiationStrategy
instanceKlass org/springframework/web/servlet/FlashMapManager
instanceKlass org/springframework/web/servlet/ThemeResolver
instanceKlass org/springframework/web/servlet/LocaleResolver
instanceKlass org/springframework/web/servlet/RequestToViewNameTranslator
instanceKlass org/springframework/web/servlet/HandlerInterceptor
instanceKlass org/springframework/web/bind/support/WebBindingInitializer
instanceKlass org/springframework/web/servlet/handler/MatchableHandlerMapping
instanceKlass org/springframework/web/servlet/HandlerMapping
instanceKlass org/springframework/web/servlet/config/annotation/WebMvcConfigurationSupport
instanceKlass org/springframework/boot/autoconfigure/web/servlet/error/AbstractErrorController
instanceKlass org/springframework/boot/autoconfigure/web/servlet/error/ErrorMvcAutoConfiguration$ErrorPageCustomizer
instanceKlass org/springframework/boot/web/server/ErrorPageRegistrar
instanceKlass org/springframework/boot/web/servlet/error/DefaultErrorAttributes
instanceKlass org/springframework/web/servlet/HandlerExceptionResolver
instanceKlass org/springframework/boot/autoconfigure/web/servlet/error/ErrorMvcAutoConfiguration$PreserveErrorControllerTargetClassPostProcessor
instanceKlass org/springframework/boot/web/servlet/error/ErrorController
instanceKlass org/springframework/boot/autoconfigure/web/servlet/error/ErrorMvcAutoConfiguration
instanceKlass org/springframework/boot/autoconfigure/web/servlet/error/DefaultErrorViewResolver
instanceKlass org/springframework/boot/web/servlet/error/ErrorAttributes
instanceKlass org/springframework/boot/autoconfigure/web/servlet/WebMvcAutoConfiguration
instanceKlass org/springframework/boot/autoconfigure/web/WebProperties$Resources
instanceKlass org/springframework/boot/autoconfigure/web/servlet/error/ErrorViewResolver
instanceKlass org/springframework/boot/autoconfigure/web/servlet/error/ErrorMvcAutoConfiguration$DefaultErrorViewResolverConfiguration
instanceKlass org/springframework/boot/autoconfigure/web/WebProperties
instanceKlass org/springframework/web/servlet/View
instanceKlass org/springframework/boot/autoconfigure/web/servlet/error/ErrorMvcAutoConfiguration$WhitelabelErrorViewConfiguration
instanceKlass org/springframework/boot/autoconfigure/task/TaskExecutionAutoConfiguration
instanceKlass org/springframework/context/support/ApplicationObjectSupport
instanceKlass org/springframework/web/servlet/ViewResolver
instanceKlass org/springframework/boot/autoconfigure/task/TaskExecutionProperties$Shutdown
instanceKlass org/springframework/boot/autoconfigure/task/TaskExecutionProperties$Simple
instanceKlass org/springframework/boot/autoconfigure/task/TaskExecutionProperties$Pool
instanceKlass org/springframework/boot/autoconfigure/task/TaskExecutorConfigurations$TaskExecutorConfiguration
instanceKlass  @bci org/springframework/boot/autoconfigure/condition/OnBeanCondition appendMessageForMatches (Ljava/lang/StringBuilder;Ljava/util/Map;Ljava/lang/String;)V 12 <appendix> member <vmtarget> ; # org/springframework/boot/autoconfigure/condition/OnBeanCondition$$Lambda+0x00000210bf3138e0
instanceKlass org/springframework/boot/autoconfigure/task/TaskExecutorConfigurations$SimpleAsyncTaskExecutorBuilderConfiguration
instanceKlass org/springframework/boot/autoconfigure/task/TaskExecutionProperties
instanceKlass org/springframework/boot/task/SimpleAsyncTaskExecutorBuilder
instanceKlass org/springframework/boot/autoconfigure/task/TaskExecutorConfigurations$ThreadPoolTaskExecutorBuilderConfiguration
instanceKlass org/springframework/boot/autoconfigure/web/servlet/DispatcherServletAutoConfiguration
instanceKlass org/springframework/boot/autoconfigure/web/servlet/DispatcherServletPath
instanceKlass org/springframework/boot/task/ThreadPoolTaskExecutorBuilder
instanceKlass org/springframework/aop/scope/ScopedProxyUtils
instanceKlass org/springframework/boot/autoconfigure/web/servlet/DispatcherServletAutoConfiguration$DispatcherServletRegistrationConfiguration
instanceKlass org/springframework/boot/autoconfigure/web/servlet/WebMvcProperties$Problemdetails
instanceKlass org/springframework/boot/autoconfigure/web/servlet/WebMvcProperties$Pathmatch
instanceKlass org/springframework/boot/autoconfigure/web/servlet/WebMvcProperties$Contentnegotiation
instanceKlass org/springframework/boot/autoconfigure/web/servlet/WebMvcProperties$View
instanceKlass org/springframework/boot/autoconfigure/web/servlet/WebMvcProperties$Servlet
instanceKlass org/springframework/boot/autoconfigure/web/servlet/WebMvcProperties$Async
instanceKlass org/springframework/boot/autoconfigure/web/servlet/WebMvcProperties$Format
instanceKlass org/springframework/validation/MessageCodeFormatter
instanceKlass org/springframework/boot/autoconfigure/web/servlet/DispatcherServletAutoConfiguration$DispatcherServletConfiguration
instanceKlass org/springframework/boot/autoconfigure/web/servlet/WebMvcProperties
instanceKlass org/springframework/boot/web/server/ErrorPageRegistrarBeanPostProcessor
instanceKlass org/springframework/boot/autoconfigure/web/servlet/ServletWebServerFactoryCustomizer
instanceKlass org/springframework/boot/web/server/AbstractConfigurableWebServerFactory
instanceKlass org/springframework/boot/web/servlet/server/ConfigurableServletWebServerFactory
instanceKlass org/springframework/boot/web/servlet/WebListenerRegistry
instanceKlass org/springframework/boot/web/embedded/tomcat/ConfigurableTomcatWebServerFactory
instanceKlass org/springframework/boot/web/server/ConfigurableWebServerFactory
instanceKlass org/springframework/boot/web/server/ErrorPageRegistry
instanceKlass org/springframework/boot/web/server/WebServerFactoryCustomizerBeanPostProcessor
instanceKlass org/springframework/boot/autoconfigure/web/ServerProperties$Undertow
instanceKlass org/springframework/boot/autoconfigure/web/ServerProperties$Netty
instanceKlass org/springframework/boot/autoconfigure/web/ServerProperties$Jetty
instanceKlass org/springframework/boot/autoconfigure/web/ServerProperties$Tomcat
instanceKlass org/springframework/boot/autoconfigure/web/ServerProperties$Reactive
instanceKlass org/springframework/boot/autoconfigure/web/ServerProperties$Servlet
instanceKlass org/springframework/boot/web/server/Http2
instanceKlass org/springframework/boot/web/server/MimeMappings
instanceKlass org/springframework/boot/web/server/Compression
instanceKlass org/springframework/boot/web/server/Ssl
instanceKlass org/springframework/boot/autoconfigure/web/ErrorProperties
instanceKlass org/springframework/boot/autoconfigure/web/servlet/ServletWebServerFactoryConfiguration$EmbeddedUndertow
instanceKlass org/springframework/boot/autoconfigure/web/servlet/ServletWebServerFactoryConfiguration$EmbeddedJetty
instanceKlass org/springframework/boot/autoconfigure/web/servlet/ServletWebServerFactoryConfiguration$EmbeddedTomcat
instanceKlass org/springframework/boot/autoconfigure/web/servlet/TomcatServletWebServerFactoryCustomizer
instanceKlass org/springframework/boot/autoconfigure/web/ServerProperties
instanceKlass org/springframework/boot/autoconfigure/web/servlet/ServletWebServerFactoryAutoConfiguration$TomcatConfiguration
instanceKlass org/springframework/boot/autoconfigure/websocket/servlet/WebSocketServletAutoConfiguration
instanceKlass org/springframework/boot/autoconfigure/websocket/servlet/TomcatWebSocketServletWebServerCustomizer
instanceKlass org/springframework/boot/web/server/WebServerFactoryCustomizer
instanceKlass org/springframework/boot/autoconfigure/websocket/servlet/WebSocketServletAutoConfiguration$TomcatWebSocketConfiguration
instanceKlass org/springframework/boot/web/servlet/server/ServletWebServerFactory
instanceKlass org/springframework/boot/web/server/WebServerFactory
# instanceKlass java/lang/invoke/LambdaForm$DMH+0x00000210bf30c400
instanceKlass org/springframework/boot/autoconfigure/web/servlet/ServletWebServerFactoryAutoConfiguration
instanceKlass org/springframework/boot/autoconfigure/ssl/SslProperties$Bundles
instanceKlass org/springframework/boot/autoconfigure/ssl/SslPropertiesBundleRegistrar
instanceKlass org/springframework/boot/autoconfigure/ssl/SslBundleRegistrar
instanceKlass org/springframework/boot/ssl/DefaultSslBundleRegistry
instanceKlass org/springframework/boot/ssl/SslBundles
instanceKlass org/springframework/boot/autoconfigure/ssl/FileWatcher
instanceKlass org/springframework/boot/autoconfigure/ssl/SslAutoConfiguration
instanceKlass org/springframework/boot/ssl/SslBundleRegistry
instanceKlass org/springframework/boot/autoconfigure/ssl/SslProperties
instanceKlass  @bci org/springframework/boot/autoconfigure/condition/OnBeanCondition getMatchingBeans (Lorg/springframework/boot/autoconfigure/condition/OnBeanCondition$Spec;)Lorg/springframework/boot/autoconfigure/condition/OnBeanCondition$MatchResult; 118 <appendix> member <vmtarget> ; # org/springframework/boot/autoconfigure/condition/OnBeanCondition$$Lambda+0x00000210bf3088a0
instanceKlass  @cpi org/springframework/boot/autoconfigure/condition/OnBeanCondition 853 form vmentry <vmtarget> ; # java/lang/invoke/LambdaForm$DMH+0x00000210bf30c000
instanceKlass org/springframework/boot/autoconfigure/context/PropertyPlaceholderAutoConfiguration
instanceKlass org/springframework/cloud/client/serviceregistry/AutoServiceRegistrationConfiguration
instanceKlass  @bci org/springframework/beans/factory/config/ConstructorArgumentValues addArgumentValues (Lorg/springframework/beans/factory/config/ConstructorArgumentValues;)V 40 <appendix> member <vmtarget> ; # org/springframework/beans/factory/config/ConstructorArgumentValues$$Lambda+0x00000210bf308258
instanceKlass  @bci org/springframework/beans/factory/config/ConstructorArgumentValues addArgumentValues (Lorg/springframework/beans/factory/config/ConstructorArgumentValues;)V 29 <appendix> member <vmtarget> ; # org/springframework/beans/factory/config/ConstructorArgumentValues$$Lambda+0x00000210bf308000
instanceKlass  @bci org/springframework/beans/factory/config/ConstructorArgumentValues addArgumentValues (Lorg/springframework/beans/factory/config/ConstructorArgumentValues;)V 9 <appendix> member <vmtarget> ; # org/springframework/beans/factory/config/ConstructorArgumentValues$$Lambda+0x00000210bf307d60
instanceKlass org/springframework/security/config/annotation/web/AbstractRequestMatcherRegistry
instanceKlass org/springframework/security/config/annotation/web/configurers/oauth2/server/resource/OAuth2ResourceServerConfigurer$JwtConfigurer
instanceKlass org/springframework/security/config/annotation/SecurityConfigurerAdapter
instanceKlass org/springframework/security/config/annotation/SecurityConfigurer
instanceKlass org/springframework/security/web/SecurityFilterChain
instanceKlass org/springframework/security/config/annotation/AbstractSecurityBuilder
instanceKlass org/springframework/security/config/annotation/web/HttpSecurityBuilder
instanceKlass org/springframework/security/config/annotation/SecurityBuilder
instanceKlass org/springframework/core/annotation/AnnotatedElementUtils
instanceKlass org/springframework/context/annotation/BeanAnnotationHelper
instanceKlass com/cloudinary/Cloudinary
instanceKlass  @bci org/springframework/util/ReflectionUtils getUniqueDeclaredMethods (Ljava/lang/Class;Lorg/springframework/util/ReflectionUtils$MethodFilter;)[Ljava/lang/reflect/Method; 12 <appendix> member <vmtarget> ; # org/springframework/util/ReflectionUtils$$Lambda+0x00000210bf304e40
instanceKlass  @bci org/springframework/beans/factory/support/AbstractAutowireCapableBeanFactory getTypeForFactoryMethod (Ljava/lang/String;Lorg/springframework/beans/factory/support/RootBeanDefinition;[Ljava/lang/Class;)Ljava/lang/Class; 133 <appendix> argL0 ; # org/springframework/beans/factory/support/AbstractAutowireCapableBeanFactory$$Lambda+0x00000210bf304c00
instanceKlass org/springframework/boot/autoconfigure/condition/OnBeanCondition$MatchResult
instanceKlass org/springframework/core/io/support/PropertiesLoaderSupport
instanceKlass  @bci org/springframework/boot/autoconfigure/condition/OnBeanCondition$Spec <init> (Lorg/springframework/context/annotation/ConditionContext;Lorg/springframework/core/type/AnnotatedTypeMetadata;Lorg/springframework/core/annotation/MergedAnnotations;Ljava/lang/Class;)V 12 <appendix> argL0 ; # org/springframework/boot/autoconfigure/condition/OnBeanCondition$Spec$$Lambda+0x00000210bf303b78
instanceKlass org/springframework/boot/context/properties/BindMethodAttribute
instanceKlass org/springframework/boot/context/properties/ConfigurationPropertiesBean
instanceKlass  @bci org/springframework/boot/context/properties/ConfigurationPropertiesBeanRegistrar registerBeanDefinition (Ljava/lang/String;Ljava/lang/Class;Lorg/springframework/core/annotation/MergedAnnotation;)V 7 <appendix> member <vmtarget> ; # org/springframework/boot/context/properties/ConfigurationPropertiesBeanRegistrar$$Lambda+0x00000210bf3032d8
instanceKlass  @bci org/springframework/boot/context/properties/EnableConfigurationPropertiesRegistrar registerBeanDefinitions (Lorg/springframework/core/type/AnnotationMetadata;Lorg/springframework/beans/factory/support/BeanDefinitionRegistry;)V 28 <appendix> member <vmtarget> ; # org/springframework/boot/context/properties/EnableConfigurationPropertiesRegistrar$$Lambda+0x00000210bf302e30
instanceKlass  @bci org/springframework/boot/context/properties/EnableConfigurationPropertiesRegistrar getTypes (Lorg/springframework/core/type/AnnotationMetadata;)Ljava/util/Set; 23 <appendix> argL0 ; # org/springframework/boot/context/properties/EnableConfigurationPropertiesRegistrar$$Lambda+0x00000210bf302be0
instanceKlass  @bci org/springframework/boot/context/properties/EnableConfigurationPropertiesRegistrar getTypes (Lorg/springframework/core/type/AnnotationMetadata;)Ljava/util/Set; 13 <appendix> argL0 ; # org/springframework/boot/context/properties/EnableConfigurationPropertiesRegistrar$$Lambda+0x00000210bf3029a0
instanceKlass org/springframework/boot/context/properties/ConfigurationPropertiesBeanRegistrar
instanceKlass org/springframework/boot/validation/beanvalidation/MethodValidationExcludeFilter
instanceKlass org/springframework/boot/context/properties/BoundConfigurationProperties
instanceKlass org/springframework/boot/context/properties/ConfigurationPropertiesBinder$ConfigurationPropertiesBinderFactory
instanceKlass org/springframework/validation/Validator
instanceKlass org/springframework/boot/context/properties/ConfigurationPropertiesBinder
instanceKlass org/springframework/cloud/client/serviceregistry/AutoServiceRegistrationProperties
instanceKlass org/springframework/boot/autoconfigure/AutoConfigurationPackages$BasePackages
instanceKlass org/springframework/boot/autoconfigure/AutoConfigurationPackages
instanceKlass org/springframework/boot/autoconfigure/AutoConfigurationPackages$PackageImports
instanceKlass com/social/post_service/client/UserClient
instanceKlass org/springframework/cloud/openfeign/RefreshableUrlFactoryBean
instanceKlass org/springframework/cloud/openfeign/RefreshableUrl
instanceKlass org/springframework/cloud/openfeign/OptionsFactoryBean
instanceKlass feign/Request$Options
instanceKlass com/social/post_service/client/NotificationClient
instanceKlass  @bci org/springframework/cloud/openfeign/FeignClientsRegistrar getQualifiers (Ljava/util/Map;)[Ljava/lang/String; 30 <appendix> argL0 ; # org/springframework/cloud/openfeign/FeignClientsRegistrar$$Lambda+0x00000210bf300200
instanceKlass org/springframework/beans/Mergeable
instanceKlass org/springframework/cloud/openfeign/FeignClientFactoryBean
instanceKlass org/springframework/beans/factory/config/ConstructorArgumentValues$ValueHolder
instanceKlass org/springframework/beans/factory/config/ConstructorArgumentValues
instanceKlass org/springframework/cloud/openfeign/FeignClientSpecification
instanceKlass org/springframework/cloud/context/named/NamedContextFactory$Specification
instanceKlass  @bci org/springframework/context/annotation/ConfigurationClassBeanDefinitionReader loadBeanDefinitionsFromRegistrars (Ljava/util/Map;)V 2 <appendix> member <vmtarget> ; # org/springframework/context/annotation/ConfigurationClassBeanDefinitionReader$$Lambda+0x00000210bf2fefd0
instanceKlass  @bci org/springframework/context/annotation/ConfigurationClassBeanDefinitionReader loadBeanDefinitionsFromImportedResources (Ljava/util/Map;)V 11 <appendix> member <vmtarget> ; # org/springframework/context/annotation/ConfigurationClassBeanDefinitionReader$$Lambda+0x00000210bf2fed98
instanceKlass org/springframework/core/type/StandardMethodMetadata
instanceKlass org/springframework/context/annotation/ConfigurationClassBeanDefinitionReader$TrackedConditionEvaluator
instanceKlass org/springframework/context/annotation/ConfigurationClassBeanDefinitionReader
instanceKlass org/springframework/data/domain/Sort
instanceKlass org/springframework/data/domain/Page
instanceKlass org/springframework/data/domain/Slice
instanceKlass org/springframework/data/util/Streamable
instanceKlass org/springframework/cloud/client/circuitbreaker/CircuitBreaker
instanceKlass jakarta/annotation/PreDestroy
instanceKlass java/net/http/HttpClient
instanceKlass org/springframework/cache/caffeine/CaffeineCacheManager
instanceKlass com/stoyanr/evictor/ConcurrentMapWithTimedEviction
instanceKlass org/springframework/cloud/loadbalancer/annotation/LoadBalancerClient
instanceKlass org/springframework/cloud/loadbalancer/annotation/LoadBalancerClients
instanceKlass org/springframework/boot/autoconfigure/ImportAutoConfiguration
instanceKlass org/springframework/cloud/client/ConditionalOnDiscoveryHealthIndicatorEnabled
instanceKlass org/springframework/cloud/netflix/eureka/EurekaClientAutoConfiguration$ConditionalOnMissingRefreshScope
instanceKlass org/springframework/cloud/context/config/annotation/RefreshScope
instanceKlass org/springframework/cloud/autoconfigure/RefreshAutoConfiguration
instanceKlass org/springframework/cloud/netflix/eureka/EurekaClientAutoConfiguration$ConditionalOnRefreshScope
instanceKlass com/netflix/discovery/AbstractDiscoveryClientOptionalArgs
instanceKlass org/springframework/cloud/client/ConditionalOnBlockingDiscoveryEnabled
instanceKlass org/springframework/boot/autoconfigure/condition/ConditionalOnWarDeployment
instanceKlass org/springframework/transaction/annotation/AbstractTransactionManagementConfiguration
instanceKlass org/springframework/context/annotation/AutoProxyRegistrar
instanceKlass org/springframework/transaction/annotation/TransactionManagementConfigurationSelector$1
instanceKlass org/springframework/context/annotation/AdviceModeImportSelector
instanceKlass org/springframework/transaction/annotation/EnableTransactionManagement
instanceKlass org/springframework/transaction/interceptor/TransactionAspectSupport
instanceKlass org/springframework/jdbc/datasource/init/DatabasePopulator
instanceKlass org/springframework/security/oauth2/server/resource/introspection/OpaqueTokenIntrospector
instanceKlass org/springframework/security/config/annotation/web/configuration/ObservationConfiguration
instanceKlass io/micrometer/observation/ObservationRegistry
instanceKlass org/springframework/security/oauth2/core/OAuth2Error
instanceKlass org/springframework/security/config/annotation/authentication/configuration/AuthenticationConfiguration
instanceKlass org/springframework/security/config/annotation/authentication/configuration/EnableGlobalAuthentication
instanceKlass org/springframework/security/config/annotation/web/configuration/ObservationImportSelector
instanceKlass org/springframework/security/config/annotation/web/configuration/HttpSecurityConfiguration
instanceKlass org/springframework/security/config/annotation/web/configuration/OAuth2ImportSelector
instanceKlass org/springframework/security/config/annotation/web/configuration/SpringWebMvcImportSelector
instanceKlass org/springframework/security/config/annotation/web/configuration/WebSecurityConfiguration
instanceKlass org/springframework/context/annotation/ImportAware
instanceKlass org/springframework/security/oauth2/server/resource/introspection/ReactiveOpaqueTokenIntrospector
instanceKlass org/springframework/boot/autoconfigure/security/ConditionalOnDefaultWebSecurity
instanceKlass org/springframework/security/oauth2/jwt/JwtDecoder
instanceKlass org/springframework/boot/sql/init/dependency/DatabaseInitializationDependencyConfigurer
instanceKlass org/springframework/boot/autoconfigure/condition/ConditionalOnResource
instanceKlass org/springframework/data/querydsl/QuerydslUtils
instanceKlass  @bci org/springframework/data/web/config/EnableSpringDataWebSupport$SpringDataWebConfigurationImportSelector selectImports (Lorg/springframework/core/type/AnnotationMetadata;)[Ljava/lang/String; 79 <appendix> member <vmtarget> ; # org/springframework/data/web/config/EnableSpringDataWebSupport$SpringDataWebConfigurationImportSelector$$Lambda+0x00000210bf2f2490
instanceKlass org/springframework/data/web/config/SpringDataJacksonModules
instanceKlass  @bci org/springframework/data/web/config/EnableSpringDataWebSupport$SpringDataWebConfigurationImportSelector selectImports (Lorg/springframework/core/type/AnnotationMetadata;)[Ljava/lang/String; 70 <appendix> argL0 ; # org/springframework/data/web/config/EnableSpringDataWebSupport$SpringDataWebConfigurationImportSelector$$Lambda+0x00000210bf2f2050
instanceKlass  @bci org/springframework/data/web/config/EnableSpringDataWebSupport$SpringDataWebConfigurationImportSelector selectImports (Lorg/springframework/core/type/AnnotationMetadata;)[Ljava/lang/String; 62 <appendix> argL0 ; # org/springframework/data/web/config/EnableSpringDataWebSupport$SpringDataWebConfigurationImportSelector$$Lambda+0x00000210bf2f1e00
instanceKlass org/springframework/data/web/config/SpringDataWebConfiguration
instanceKlass  @bci org/springframework/data/web/config/EnableSpringDataWebSupport$SpringDataWebConfigurationImportSelector selectImports (Lorg/springframework/core/type/AnnotationMetadata;)[Ljava/lang/String; 41 <appendix> argL0 ; # org/springframework/data/web/config/EnableSpringDataWebSupport$SpringDataWebConfigurationImportSelector$$Lambda+0x00000210bf2f1840
instanceKlass  @bci org/springframework/data/web/config/EnableSpringDataWebSupport$SpringDataWebConfigurationImportSelector selectImports (Lorg/springframework/core/type/AnnotationMetadata;)[Ljava/lang/String; 33 <appendix> argL0 ; # org/springframework/data/web/config/EnableSpringDataWebSupport$SpringDataWebConfigurationImportSelector$$Lambda+0x00000210bf2f1600
instanceKlass  @bci org/springframework/data/web/config/EnableSpringDataWebSupport$SpringDataWebConfigurationImportSelector selectImports (Lorg/springframework/core/type/AnnotationMetadata;)[Ljava/lang/String; 25 <appendix> argL0 ; # org/springframework/data/web/config/EnableSpringDataWebSupport$SpringDataWebConfigurationImportSelector$$Lambda+0x00000210bf2f13b0
instanceKlass org/springframework/data/web/config/ProjectingArgumentResolverRegistrar
instanceKlass  @bci org/springframework/data/web/config/EnableSpringDataWebSupport$SpringDataWebConfigurationImportSelector setResourceLoader (Lorg/springframework/core/io/ResourceLoader;)V 5 <appendix> argL0 ; # org/springframework/data/web/config/EnableSpringDataWebSupport$SpringDataWebConfigurationImportSelector$$Lambda+0x00000210bf2f0f68
instanceKlass org/springframework/data/web/config/EnableSpringDataWebSupport$SpringDataWebSettingsRegistrar
instanceKlass org/springframework/data/web/config/EnableSpringDataWebSupport$QuerydslActivator
instanceKlass org/springframework/data/web/config/EnableSpringDataWebSupport$SpringDataWebConfigurationImportSelector
instanceKlass org/springframework/data/web/config/EnableSpringDataWebSupport
instanceKlass org/springframework/data/repository/config/RepositoryConfigurationExtension
instanceKlass org/springframework/data/repository/config/RepositoryConfigurationSourceSupport
instanceKlass org/springframework/data/repository/config/RepositoryConfigurationSource
instanceKlass org/springframework/boot/autoconfigure/data/AbstractRepositoryConfigurationSourceSupport
instanceKlass org/springframework/boot/autoconfigure/data/jpa/JpaRepositoriesAutoConfiguration$JpaRepositoriesImportSelector
instanceKlass org/springframework/cache/Cache
instanceKlass  @bci org/springframework/boot/autoconfigure/cache/CacheConfigurations getConfigurationClass (Lorg/springframework/boot/autoconfigure/cache/CacheType;)Ljava/lang/String; 23 <appendix> member <vmtarget> ; # org/springframework/boot/autoconfigure/cache/CacheConfigurations$$Lambda+0x00000210bf2eaeb0
instanceKlass org/springframework/boot/autoconfigure/cache/NoOpCacheConfiguration
instanceKlass org/springframework/boot/autoconfigure/cache/SimpleCacheConfiguration
instanceKlass org/springframework/boot/autoconfigure/cache/Cache2kCacheConfiguration
instanceKlass org/springframework/boot/autoconfigure/cache/CaffeineCacheConfiguration
instanceKlass org/springframework/boot/autoconfigure/cache/RedisCacheConfiguration
instanceKlass org/springframework/boot/autoconfigure/cache/CouchbaseCacheConfiguration
instanceKlass org/springframework/boot/autoconfigure/cache/JCacheCacheConfiguration
instanceKlass org/springframework/boot/autoconfigure/cache/InfinispanCacheConfiguration
instanceKlass org/springframework/boot/autoconfigure/cache/HazelcastCacheConfiguration
instanceKlass org/springframework/boot/autoconfigure/cache/GenericCacheConfiguration
instanceKlass org/springframework/boot/autoconfigure/cache/CacheConfigurations
instanceKlass org/springframework/boot/autoconfigure/cache/CacheAutoConfiguration$CacheConfigurationImportSelector
instanceKlass org/springframework/cloud/util/ConditionalOnBootstrapDisabled
instanceKlass org/springframework/cloud/util/ConditionalOnBootstrapEnabled
instanceKlass org/springframework/boot/autoconfigure/condition/ConditionalOnCheckpointRestore
instanceKlass  @bci org/hibernate/engine/jdbc/env/internal/JdbcEnvironmentInitiator$1 databaseMicroVersion (Ljava/sql/DatabaseMetaData;)I 19 <appendix> form vmentry <vmtarget> ; # java/lang/invoke/LambdaForm$MH+0x00000210bf2ee800
instanceKlass  @bci org/hibernate/engine/jdbc/env/internal/JdbcEnvironmentInitiator$1 databaseMicroVersion (Ljava/sql/DatabaseMetaData;)I 19 <appendix> argL3 form vmentry <vmtarget> ; # java/lang/invoke/LambdaForm$MH+0x00000210bf2ee400
# instanceKlass java/lang/invoke/LambdaForm$MH+0x00000210bf2ee000
# instanceKlass java/lang/invoke/LambdaForm$MH+0x00000210bf2edc00
# instanceKlass java/lang/invoke/LambdaForm$MH+0x00000210bf2ed800
# instanceKlass java/lang/invoke/LambdaForm$MH+0x00000210bf2ed400
instanceKlass  @bci org/hibernate/engine/jdbc/env/internal/JdbcEnvironmentInitiator$1 databaseMicroVersion (Ljava/sql/DatabaseMetaData;)I 19 <appendix> argL1 form vmentry <vmtarget> ; # java/lang/invoke/LambdaForm$MH+0x00000210bf2ed000
# instanceKlass java/lang/invoke/LambdaForm$MH+0x00000210bf2ecc00
instanceKlass  @bci org/hibernate/sql/ast/spi/SqlAliasBaseImpl generateNewAlias ()Ljava/lang/String; 15 <appendix> argL1 argL1 form vmentry <vmtarget> ; # java/lang/invoke/LambdaForm$MH+0x00000210bf2ec800
# instanceKlass java/lang/invoke/LambdaForm$MH+0x00000210bf2ec400
# instanceKlass java/lang/invoke/LambdaForm$MH+0x00000210bf2ec000
instanceKlass  @bci org/springframework/boot/jdbc/DataSourceBuilder$MappedDataSourceProperties lookupPooled (Ljava/lang/ClassLoader;Ljava/lang/Class;)Lorg/springframework/boot/jdbc/DataSourceBuilder$MappedDataSourceProperties; 84 <appendix> argL0 ; # org/springframework/boot/jdbc/DataSourceBuilder$MappedDataSourceProperties$$Lambda+0x00000210bf2e8000
instanceKlass  @bci org/springframework/boot/jdbc/DataSourceBuilder$MappedDataSourceProperties lookupPooled (Ljava/lang/ClassLoader;Ljava/lang/Class;)Lorg/springframework/boot/jdbc/DataSourceBuilder$MappedDataSourceProperties; 61 <appendix> argL0 ; # org/springframework/boot/jdbc/DataSourceBuilder$MappedDataSourceProperties$$Lambda+0x00000210bf2e7a88
instanceKlass  @bci org/springframework/boot/jdbc/DataSourceBuilder$MappedDataSourceProperties lookupPooled (Ljava/lang/ClassLoader;Ljava/lang/Class;)Lorg/springframework/boot/jdbc/DataSourceBuilder$MappedDataSourceProperties; 43 <appendix> argL0 ; # org/springframework/boot/jdbc/DataSourceBuilder$MappedDataSourceProperties$$Lambda+0x00000210bf2e75f8
instanceKlass  @bci org/springframework/boot/jdbc/DataSourceBuilder$MappedDataSourceProperties lookupPooled (Ljava/lang/ClassLoader;Ljava/lang/Class;)Lorg/springframework/boot/jdbc/DataSourceBuilder$MappedDataSourceProperties; 25 <appendix> argL0 ; # org/springframework/boot/jdbc/DataSourceBuilder$MappedDataSourceProperties$$Lambda+0x00000210bf2e7168
instanceKlass  @bci org/springframework/boot/jdbc/DataSourceBuilder$HikariDataSourceProperties <init> ()V 64 <appendix> argL0 ; # org/springframework/boot/jdbc/DataSourceBuilder$HikariDataSourceProperties$$Lambda+0x00000210bf2e6cd8
instanceKlass  @bci org/springframework/boot/jdbc/DataSourceBuilder$HikariDataSourceProperties <init> ()V 59 <appendix> argL0 ; # org/springframework/boot/jdbc/DataSourceBuilder$HikariDataSourceProperties$$Lambda+0x00000210bf2e6ab8
instanceKlass  @bci org/springframework/boot/jdbc/DataSourceBuilder$HikariDataSourceProperties <init> ()V 47 <appendix> argL0 ; # org/springframework/boot/jdbc/DataSourceBuilder$HikariDataSourceProperties$$Lambda+0x00000210bf2e6898
instanceKlass  @bci org/springframework/boot/jdbc/DataSourceBuilder$HikariDataSourceProperties <init> ()V 42 <appendix> argL0 ; # org/springframework/boot/jdbc/DataSourceBuilder$HikariDataSourceProperties$$Lambda+0x00000210bf2e6678
instanceKlass  @bci org/springframework/boot/jdbc/DataSourceBuilder$HikariDataSourceProperties <init> ()V 30 <appendix> argL0 ; # org/springframework/boot/jdbc/DataSourceBuilder$HikariDataSourceProperties$$Lambda+0x00000210bf2e6458
instanceKlass  @bci org/springframework/boot/jdbc/DataSourceBuilder$HikariDataSourceProperties <init> ()V 25 <appendix> argL0 ; # org/springframework/boot/jdbc/DataSourceBuilder$HikariDataSourceProperties$$Lambda+0x00000210bf2e6238
instanceKlass org/springframework/boot/jdbc/DataSourceBuilder$MappedDataSourceProperty
instanceKlass  @bci org/springframew